사고번호,사고일시,요일,시군구,사고내용,사망자수,중상자수,경상자수,부상신고자수,사고유형,법규위반,노면상태,기상상태,도로형태,가해운전자 차종,가해운전자 성별,가해운전자 연령,가해운전자 상해정도,피해운전자 차종,피해운전자 성별,피해운전자 연령,피해운전자 상해정도
2016011300100122,2016년 1월 13일 08시,수요일,충청남도 서천군 서면,경상사고,0,0,2,0,차량단독 - 전도전복,안전운전불이행,습기,눈,단일로 - 기타,화물,여,56세,경상,,,,
2016011300100123,2016년 1월 13일 08시,수요일,충청남도 공주시 검상동,경상사고,0,0,1,0,차대차 - 정면충돌,안전운전불이행,적설,눈,단일로 - 기타,승용,남,26세,상해없음,화물,남,43세,경상
2016011300100155,2016년 1월 13일 09시,수요일,충청남도 논산시 연산면,경상사고,0,0,2,0,차대차 - 기타,중앙선침범,적설,눈,단일로 - 기타,화물,남,40세,상해없음,승용,여,43세,경상
2016011300100156,2016년 1월 13일 09시,수요일,충청남도 예산군 예산읍,경상사고,0,0,2,0,차대차 - 추돌,안전운전불이행,결빙,눈,교차로 - 교차로안,승용,여,52세,상해없음,승용,남,30세,경상
2016011300100232,2016년 1월 13일 12시,수요일,충청남도 서산시 운산면,경상사고,0,0,1,0,차대차 - 추돌,안전운전불이행,적설,눈,단일로 - 기타,승용,남,23세,상해없음,승합,남,60세,상해없음
2016011300100233,2016년 1월 13일 12시,수요일,충청남도 천안시 서북구 성환읍,중상사고,0,1,0,0,차대차 - 기타,신호위반,건조,맑음,교차로 - 교차로부근,승용,여,40세,상해없음,승용,남,58세,중상
2016011300100234,2016년 1월 13일 12시,수요일,충청남도 보령시 대천동,중상사고,0,1,0,0,차대사람 - 길가장자리구역통행중,안전운전불이행,습기,눈,교차로 - 교차로안,승용,남,66세,상해없음,보행자,여,76세,중상
2016011300100235,2016년 1월 13일 12시,수요일,충청남도 금산군 군북면,경상사고,0,0,3,0,차대차 - 추돌,안전운전불이행,건조,맑음,교차로 - 교차로부근,화물,남,46세,상해없음,승용,여,38세,경상
2016011300100277,2016년 1월 13일 14시,수요일,충청남도 예산군 예산읍,사망사고,1,0,0,0,차대차 - 측면직각충돌,교차로운행방법위반,습기,눈,교차로 - 교차로안,이륜,남,82세,사망,승용,남,50세,상해없음
2016011300100313,2016년 1월 13일 15시,수요일,충청남도 천안시 서북구 성정동,중상사고,0,1,0,0,차대사람 - 기타,보행자보호의무위반,건조,맑음,단일로 - 횡단보도상,승용,남,35세,상해없음,보행자,남,77세,중상
2016011300100398,2016년 1월 13일 17시,수요일,충청남도 아산시 온천동,경상사고,0,0,1,0,차대차 - 측면충돌,안전운전불이행,건조,맑음,교차로 - 교차로안,화물,남,45세,경상,승용,남,39세,상해없음
2016011300100516,2016년 1월 13일 20시,수요일,충청남도 천안시 서북구 성정동,경상사고,0,0,2,0,차대차 - 기타,안전운전불이행,결빙,맑음,교차로 - 교차로부근,원동기,남,33세,상해없음,승용,남,28세,경상
2016011300100546,2016년 1월 13일 21시,수요일,충청남도 천안시 서북구 입장면,경상사고,0,0,2,0,차대차 - 기타,안전운전불이행,결빙,눈,단일로 - 기타,승용,여,36세,경상,승용,여,48세,경상
2016011300100547,2016년 1월 13일 21시,수요일,충청남도 아산시 방축동,중상사고,0,3,1,0,차대차 - 측면충돌,신호위반,습기,흐림,교차로 - 교차로안,화물,남,29세,중상,승용,남,56세,경상
2016011300100596,2016년 1월 13일 23시,수요일,충청남도 아산시 모종동,중상사고,0,1,0,0,차대차 - 정면충돌,중앙선침범,건조,흐림,단일로 - 기타,승용,남,31세,상해없음,원동기,남,16세,중상
2016011400100006,2016년 1월 14일 00시,목요일,충청남도 천안시 동남구 신방동,중상사고,0,1,0,0,차량단독 - 전도전복,안전운전불이행,결빙,맑음,단일로 - 기타,승용,남,29세,중상,,,,
2016011400100033,2016년 1월 14일 02시,목요일,충청남도 천안시 서북구 성환읍,중상사고,0,1,1,0,차대사람 - 기타,안전운전불이행,적설,눈,단일로 - 기타,승용,남,34세,상해없음,보행자,여,20세,중상
2016011400100042,2016년 1월 14일 03시,목요일,충청남도 천안시 서북구 직산읍,중상사고,0,2,0,0,차대사람 - 길가장자리구역통행중,안전운전불이행,건조,흐림,단일로 - 기타,승용,남,53세,상해없음,보행자,남,18세,중상
2016011400100060,2016년 1월 14일 05시,목요일,충청남도 공주시 신풍면,중상사고,0,2,0,0,차대차 - 추돌,안전운전불이행,건조,맑음,단일로 - 기타,화물,남,42세,중상,화물,남,41세,중상
2016011400100077,2016년 1월 14일 06시,목요일,충청남도 천안시 서북구 성거읍,경상사고,0,0,2,0,차대차 - 측면직각충돌,중앙선침범,결빙,눈,교차로 - 교차로부근,승용,여,24세,기타불명,승용,여,64세,경상
2016011400100148,2016년 1월 14일 08시,목요일,충청남도 태안군 안면읍,중상사고,0,1,0,0,차대차 - 정면충돌,중앙선침범,건조,맑음,단일로 - 기타,승용,여,34세,상해없음,승용,여,54세,중상
2016011400100149,2016년 1월 14일 08시,목요일,충청남도 천안시 동남구 봉명동,경상사고,0,0,1,1,차대차 - 추돌,안전운전불이행,결빙,맑음,단일로 - 기타,승용,여,51세,상해없음,화물,남,47세,경상
2016011400100175,2016년 1월 14일 09시,목요일,충청남도 천안시 서북구 직산읍,경상사고,0,0,1,0,차대차 - 추돌,안전운전불이행,건조,맑음,단일로 - 기타,승용,남,37세,상해없음,승용,남,34세,경상
2016011400100256,2016년 1월 14일 12시,목요일,충청남도 태안군 원북면,중상사고,0,1,1,0,차대차 - 정면충돌,중앙선침범,건조,맑음,단일로 - 기타,화물,남,61세,경상,화물,남,49세,중상
2016011400100257,2016년 1월 14일 12시,목요일,충청남도 천안시 동남구 신방동,경상사고,0,0,1,0,차대사람 - 횡단중,안전운전불이행,건조,맑음,교차로 - 교차로부근,화물,남,42세,상해없음,보행자,남,82세,경상
2016011400100292,2016년 1월 14일 13시,목요일,충청남도 홍성군 장곡면,중상사고,0,1,3,0,차대차 - 측면충돌,교차로운행방법위반,건조,맑음,단일로 - 기타,승용,여,50세,경상,승용,남,61세,중상
2016011400100316,2016년 1월 14일 14시,목요일,충청남도 천안시 서북구 백석동,경상사고,0,0,1,0,차대차 - 추돌,안전운전불이행,건조,맑음,단일로 - 기타,건설기계,남,51세,상해없음,화물,남,37세,경상
2016011400100343,2016년 1월 14일 15시,목요일,충청남도 논산시 덕지동,경상사고,0,0,2,0,차대차 - 정면충돌,중앙선침범,건조,맑음,교차로 - 교차로안,승용,남,68세,상해없음,승용,남,48세,경상
2016011400100403,2016년 1월 14일 17시,목요일,충청남도 태안군 근흥면,중상사고,0,2,0,0,차대차 - 정면충돌,중앙선침범,결빙,눈,단일로 - 기타,승용,남,29세,상해없음,화물,남,53세,중상
2016011400100433,2016년 1월 14일 18시,목요일,충청남도 아산시 득산동,경상사고,0,0,2,0,차대차 - 추돌,안전운전불이행,건조,맑음,단일로 - 기타,승용,여,31세,상해없음,화물,남,27세,경상
2016011400100434,2016년 1월 14일 18시,목요일,충청남도 천안시 동남구 병천면,경상사고,0,0,1,0,차대차 - 정면충돌,중앙선침범,건조,맑음,단일로 - 기타,승용,남,36세,상해없음,승용,남,33세,경상
2016011400100465,2016년 1월 14일 19시,목요일,충청남도 논산시 내동,중상사고,0,1,0,0,차대사람 - 차도통행중,안전운전불이행,건조,맑음,단일로 - 기타,승용,남,52세,상해없음,보행자,남,67세,중상
2016011400100466,2016년 1월 14일 19시,목요일,충청남도 홍성군 홍성읍,중상사고,0,2,1,0,차대차 - 정면충돌,안전운전불이행,결빙,흐림,단일로 - 기타,승용,남,46세,상해없음,승용,여,44세,중상
2016011400100467,2016년 1월 14일 19시,목요일,충청남도 당진시 신평면,경상사고,0,0,1,0,차대차 - 추돌,기타,건조,맑음,교차로 - 교차로안,승용,남,25세,상해없음,승용,남,52세,경상
2016011400100498,2016년 1월 14일 20시,목요일,충청남도 아산시 풍기동,경상사고,0,0,3,0,차대차 - 측면충돌,안전운전불이행,건조,맑음,단일로 - 기타,승용,남,57세,상해없음,승용,여,47세,경상
2016011400100499,2016년 1월 14일 20시,목요일,충청남도 보령시 동대동,중상사고,0,1,0,0,차대차 - 측면직각충돌,신호위반,건조,맑음,교차로 - 교차로안,승용,남,47세,상해없음,승용,남,38세,중상
2016011400100570,2016년 1월 14일 22시,목요일,충청남도 부여군 규암면,경상사고,0,0,1,0,차대차 - 추돌,안전운전불이행,건조,맑음,단일로 - 기타,승용,남,55세,경상,승용,남,34세,상해없음
2016011400100599,2016년 1월 14일 23시,목요일,충청남도 천안시 서북구 성거읍,경상사고,0,0,1,0,차대차 - 정면충돌,안전운전불이행,건조,맑음,단일로 - 기타,화물,남,28세,상해없음,화물,남,58세,경상
2016011500100033,2016년 1월 15일 02시,금요일,충청남도 천안시 서북구 두정동,경상사고,0,0,2,0,차대차 - 정면충돌,안전운전불이행,건조,맑음,단일로 - 기타,승용,남,44세,상해없음,승용,남,34세,경상
2016011500100034,2016년 1월 15일 02시,금요일,충청남도 아산시 둔포면,중상사고,0,1,0,0,차대차 - 추돌,안전운전불이행,건조,흐림,단일로 - 기타,화물,남,55세,기타불명,화물,남,56세,중상
2016011500100042,2016년 1월 15일 03시,금요일,충청남도 천안시 서북구 성정동,경상사고,0,0,1,0,차대차 - 기타,안전운전불이행,건조,맑음,기타 - 기타,승용,남,38세,상해없음,화물,남,51세,경상
2016011500100073,2016년 1월 15일 06시,금요일,충청남도 공주시 중동,중상사고,0,1,0,0,차대사람 - 횡단중,안전운전불이행,건조,맑음,교차로 - 교차로부근,승용,남,68세,상해없음,보행자,남,85세,중상
2016011500100100,2016년 1월 15일 07시,금요일,충청남도 서산시 지곡면,중상사고,0,1,0,0,차대차 - 정면충돌,중앙선침범,건조,맑음,교차로 - 교차로부근,승용,남,36세,기타불명,승용,남,55세,중상
2016011500100101,2016년 1월 15일 07시,금요일,충청남도 당진시 채운동,경상사고,0,0,1,0,차대차 - 측면직각충돌,안전운전불이행,건조,맑음,단일로 - 기타,승용,남,39세,상해없음,승용,남,50세,경상
2016011500100102,2016년 1월 15일 07시,금요일,충청남도 천안시 동남구 병천면,경상사고,0,0,1,0,차대차 - 추돌,중앙선침범,건조,맑음,기타 - 기타,화물,남,52세,상해없음,승용,남,57세,경상
2016011500100136,2016년 1월 15일 08시,금요일,충청남도 서산시 읍내동,중상사고,0,1,0,0,차대사람 - 횡단중,보행자보호의무위반,건조,맑음,단일로 - 기타,승용,여,32세,기타불명,보행자,여,65세,중상
2016011500100163,2016년 1월 15일 09시,금요일,충청남도 부여군 세도면,중상사고,0,1,0,0,차대차 - 정면충돌,직진우회전진행방해,건조,맑음,교차로 - 교차로안,화물,남,54세,상해없음,이륜,남,54세,중상
2016011500100226,2016년 1월 15일 12시,금요일,충청남도 서천군 서천읍,경상사고,0,0,1,0,차대차 - 추돌,안전운전불이행,건조,맑음,단일로 - 기타,화물,남,58세,상해없음,이륜,남,29세,경상
2016011500100254,2016년 1월 15일 13시,금요일,충청남도 서산시 대산읍,경상사고,0,0,3,0,차대차 - 측면충돌,중앙선침범,건조,맑음,단일로 - 기타,승용,여,54세,상해없음,화물,남,54세,경상
2016011500100281,2016년 1월 15일 14시,금요일,충청남도 천안시 동남구 원성동,경상사고,0,0,1,0,차대차 - 추돌,안전운전불이행,건조,맑음,단일로 - 기타,승용,여,44세,상해없음,승용,남,70세,경상
2016011500100415,2016년 1월 15일 18시,금요일,충청남도 서산시 해미면,경상사고,0,0,2,0,차대차 - 추돌,안전운전불이행,건조,맑음,교차로 - 교차로안,승용,남,68세,상해없음,승용,남,50세,상해없음
2016011500100416,2016년 1월 15일 18시,금요일,충청남도 아산시 득산동,경상사고,0,0,1,0,차대차 - 측면충돌,신호위반,건조,맑음,교차로 - 교차로안,승용,남,66세,상해없음,승합,남,60세,상해없음
2016011500100417,2016년 1월 15일 18시,금요일,충청남도 예산군 예산읍,중상사고,0,1,2,0,차대차 - 측면충돌,신호위반,건조,맑음,교차로 - 교차로안,승용,여,56세,경상,승용,여,27세,중상
2016011500100467,2016년 1월 15일 19시,금요일,충청남도 서산시 운산면,중상사고,0,1,0,0,차대사람 - 길가장자리구역통행중,안전운전불이행,건조,맑음,단일로 - 기타,화물,남,65세,기타불명,보행자,여,61세,중상
2016011500100468,2016년 1월 15일 19시,금요일,충청남도 아산시 읍내동,경상사고,0,0,1,0,차대차 - 정면충돌,중앙선침범,건조,맑음,단일로 - 기타,승용,남,48세,상해없음,승용,남,45세,경상
2016011500100500,2016년 1월 15일 20시,금요일,충청남도 서산시 음암면,사망사고,1,0,0,0,차대사람 - 차도통행중,안전운전불이행,건조,맑음,단일로 - 기타,화물,남,35세,상해없음,보행자,여,64세,사망
2016011500100501,2016년 1월 15일 20시,금요일,충청남도 천안시 서북구 성거읍,중상사고,0,1,1,0,차대차 - 정면충돌,안전운전불이행,건조,맑음,단일로 - 기타,기타불명,기타불명,기타불명,기타불명,승용,여,35세,경상
2016011500100598,2016년 1월 15일 23시,금요일,충청남도 천안시 서북구 성거읍,경상사고,0,0,1,0,차대차 - 추돌,안전운전불이행,건조,맑음,교차로 - 교차로부근,승용,남,34세,상해없음,승용,여,45세,경상
2016011500100599,2016년 1월 15일 23시,금요일,충청남도 천안시 서북구 쌍용동,경상사고,0,0,1,0,차대사람 - 보도통행중,보행자보호의무위반,결빙,눈,교차로 - 교차로부근,원동기,남,34세,상해없음,보행자,여,57세,경상
2016011500100600,2016년 1월 15일 23시,금요일,충청남도 천안시 서북구 두정동,경상사고,0,0,3,0,차대차 - 기타,신호위반,건조,맑음,교차로 - 교차로안,승용,남,29세,상해없음,승용,남,52세,경상
2016011600100046,2016년 1월 16일 01시,토요일,충청남도 아산시 권곡동,경상사고,0,0,3,0,차대차 - 측면직각충돌,신호위반,건조,맑음,교차로 - 교차로안,승용,여,21세,상해없음,승용,남,47세,경상
2016011600100084,2016년 1월 16일 03시,토요일,충청남도 천안시 서북구 성정동,경상사고,0,0,1,0,차대차 - 기타,안전운전불이행,건조,맑음,교차로 - 교차로부근,승용,남,23세,상해없음,승용,남,27세,경상
2016011600100175,2016년 1월 16일 09시,토요일,충청남도 예산군 오가면,경상사고,0,0,1,1,차대차 - 측면직각충돌,안전거리미확보,건조,흐림,교차로 - 교차로부근,화물,여,67세,부상신고,승합,남,46세,경상
2016011600100203,2016년 1월 16일 10시,토요일,충청남도 당진시 읍내리,경상사고,0,0,2,0,차대차 - 측면직각충돌,신호위반,건조,맑음,교차로 - 교차로안,승용,여,28세,상해없음,승용,남,57세,경상
2016011600100204,2016년 1월 16일 10시,토요일,충청남도 천안시 서북구 성거읍,경상사고,0,0,1,0,차대차 - 측면직각충돌,신호위반,건조,맑음,단일로 - 기타,특수,남,37세,상해없음,승용,남,44세,경상
2016011600100257,2016년 1월 16일 12시,토요일,충청남도 논산시 성동면,중상사고,0,1,2,0,차대차 - 정면충돌,차로위반,습기,맑음,단일로 - 기타,화물,남,42세,상해없음,승용,남,18세,중상
2016011600100288,2016년 1월 16일 13시,토요일,충청남도 부여군 부여읍,경상사고,0,0,1,0,차대차 - 측면충돌,중앙선침범,건조,맑음,단일로 - 기타,승용,여,56세,상해없음,이륜,남,86세,경상
2016011600100289,2016년 1월 16일 13시,토요일,충청남도 금산군 남일면,경상사고,0,0,3,0,차대차 - 측면직각충돌,기타,건조,맑음,교차로 - 교차로안,건설기계,남,51세,상해없음,승용,남,32세,경상
2016011600100311,2016년 1월 16일 14시,토요일,충청남도 보령시 대천동,중상사고,0,1,0,0,차대사람 - 횡단중,안전운전불이행,건조,맑음,단일로 - 기타,승용,남,38세,상해없음,보행자,남,72세,중상
2016011600100312,2016년 1월 16일 14시,토요일,충청남도 당진시 신평면,중상사고,0,1,0,0,차대차 - 측면직각충돌,안전운전불이행,건조,맑음,단일로 - 기타,승용,여,27세,상해없음,이륜,남,73세,중상
2016011600100336,2016년 1월 16일 15시,토요일,충청남도 홍성군 홍북면,경상사고,0,0,1,0,차대차 - 측면충돌,교차로운행방법위반,건조,맑음,교차로 - 교차로안,승용,여,34세,상해없음,화물,남,30세,경상
2016011600100394,2016년 1월 16일 17시,토요일,충청남도 당진시 대덕리,중상사고,0,2,2,0,차대차 - 측면충돌,안전운전불이행,건조,맑음,교차로 - 교차로안,승용,여,47세,상해없음,승용,남,32세,경상
2016011600100443,2016년 1월 16일 18시,토요일,충청남도 천안시 서북구 성환읍,중상사고,0,1,1,0,차대차 - 정면충돌,신호위반,건조,맑음,교차로 - 교차로안,승용,여,52세,상해없음,승용,남,49세,중상
2016011600100444,2016년 1월 16일 18시,토요일,충청남도 천안시 서북구 두정동,중상사고,0,1,0,0,차대사람 - 횡단중,보행자보호의무위반,건조,맑음,교차로 - 교차로부근,승합,남,32세,상해없음,보행자,남,24세,중상
2016011600100445,2016년 1월 16일 18시,토요일,충청남도 홍성군 홍성읍,경상사고,0,0,3,0,차대차 - 측면충돌,신호위반,건조,맑음,교차로 - 교차로안,승용,남,64세,상해없음,승용,남,64세,상해없음
2016011600100446,2016년 1월 16일 18시,토요일,충청남도 보령시 대천동,중상사고,0,1,0,0,차대사람 - 횡단중,안전운전불이행,건조,맑음,단일로 - 기타,승용,남,42세,상해없음,보행자,여,71세,중상
2016011600100447,2016년 1월 16일 18시,토요일,충청남도 예산군 예산읍,경상사고,0,0,1,0,차대차 - 기타,신호위반,건조,흐림,교차로 - 교차로부근,승용,여,62세,상해없음,이륜,남,58세,경상
2016011600100489,2016년 1월 16일 19시,토요일,충청남도 천안시 서북구 성환읍,사망사고,1,0,0,0,차대사람 - 횡단중,안전운전불이행,건조,맑음,단일로 - 기타,화물,남,58세,상해없음,보행자,여,61세,사망
2016011600100490,2016년 1월 16일 19시,토요일,충청남도 논산시 강경읍,사망사고,1,0,0,0,차대사람 - 차도통행중,안전운전불이행,건조,맑음,단일로 - 기타,화물,남,56세,상해없음,보행자,여,80세,사망
2016011600100573,2016년 1월 16일 21시,토요일,충청남도 서산시 양대동,경상사고,0,0,1,0,차대차 - 측면직각충돌,안전거리미확보,건조,맑음,교차로 - 교차로부근,승용,남,48세,상해없음,승용,여,50세,경상
2016011600100574,2016년 1월 16일 21시,토요일,충청남도 천안시 서북구 입장면,중상사고,0,1,1,0,차대차 - 측면직각충돌,신호위반,건조,맑음,교차로 - 교차로안,원동기,남,16세,중상,승용,여,41세,경상
2016011600100575,2016년 1월 16일 21시,토요일,충청남도 아산시 모종동,경상사고,0,0,1,0,차대차 - 추돌,안전운전불이행,건조,맑음,교차로 - 교차로안,승용,남,29세,상해없음,승용,남,47세,경상
2016011600100576,2016년 1월 16일 21시,토요일,충청남도 당진시 석문면,경상사고,0,0,2,0,차대차 - 측면직각충돌,중앙선침범,건조,맑음,단일로 - 기타,승용,여,51세,상해없음,승용,여,38세,경상
2016011600100577,2016년 1월 16일 21시,토요일,충청남도 천안시 동남구 목천읍,부상신고사고,0,0,0,1,차대차 - 기타,중앙선침범,건조,맑음,단일로 - 기타,기타불명,기타불명,기타불명,기타불명,원동기,남,53세,부상신고
2016011600100613,2016년 1월 16일 22시,토요일,충청남도 천안시 서북구 성정동,경상사고,0,0,1,0,차대사람 - 기타,안전운전불이행,건조,맑음,교차로 - 교차로안,승용,남,24세,상해없음,보행자,남,18세,경상
2016011700100016,2016년 1월 17일 00시,일요일,충청남도 천안시 서북구 두정동,경상사고,0,0,1,0,차대사람 - 기타,안전운전불이행,건조,흐림,교차로 - 교차로안,승용,남,31세,상해없음,보행자,남,34세,경상
2016011700100097,2016년 1월 17일 05시,일요일,충청남도 천안시 서북구 성정동,중상사고,0,1,0,0,차대사람 - 횡단중,안전운전불이행,건조,맑음,단일로 - 기타,승용,남,51세,상해없음,보행자,남,36세,중상
2016011700100118,2016년 1월 17일 06시,일요일,충청남도 천안시 동남구 구성동,중상사고,0,1,0,0,차대사람 - 횡단중,보행자보호의무위반,건조,맑음,단일로 - 기타,승용,남,52세,상해없음,보행자,여,73세,중상
2016011700100148,2016년 1월 17일 09시,일요일,충청남도 공주시 유구읍,경상사고,0,0,2,0,차대차 - 측면충돌,신호위반,건조,흐림,교차로 - 교차로안,원동기,남,76세,경상,승용,남,59세,상해없음
2016011700100180,2016년 1월 17일 11시,일요일,충청남도 아산시 배미동,중상사고,0,1,1,0,차대차 - 추돌,안전운전불이행,건조,맑음,단일로 - 기타,승용,남,27세,상해없음,승용,남,56세,상해없음
2016011700100214,2016년 1월 17일 13시,일요일,충청남도 천안시 서북구 입장면,중상사고,0,1,0,0,차대사람 - 길가장자리구역통행중,안전운전불이행,건조,맑음,단일로 - 기타,승용,여,59세,상해없음,보행자,남,10세,중상
2016011700100215,2016년 1월 17일 13시,일요일,충청남도 예산군 덕산면,경상사고,0,0,1,0,차대사람 - 기타,안전운전불이행,건조,맑음,단일로 - 기타,승합,남,55세,상해없음,보행자,여,73세,경상
2016011700100216,2016년 1월 17일 13시,일요일,충청남도 천안시 동남구 병천면,경상사고,0,0,1,0,차대사람 - 기타,안전운전불이행,건조,맑음,기타 - 기타,승용,남,25세,상해없음,보행자,남,48세,경상
2016011700100232,2016년 1월 17일 14시,일요일,충청남도 논산시 화지동,경상사고,0,0,1,0,차대차 - 측면직각충돌,교차로운행방법위반,건조,맑음,교차로 - 교차로안,이륜,남,73세,경상,승용,남,47세,상해없음
2016011700100233,2016년 1월 17일 14시,일요일,충청남도 보령시 신흑동,경상사고,0,0,1,0,차대사람 - 횡단중,안전운전불이행,건조,맑음,단일로 - 기타,승용,여,36세,기타불명,보행자,남,33세,경상
2016011700100280,2016년 1월 17일 16시,일요일,충청남도 천안시 동남구 수신면,중상사고,0,1,0,0,차대차 - 추돌,안전운전불이행,건조,맑음,교차로 - 교차로부근,승용,남,39세,상해없음,승용,여,56세,중상
2016011700100311,2016년 1월 17일 17시,일요일,충청남도 당진시 대덕리,경상사고,0,0,2,0,차대차 - 기타,신호위반,건조,맑음,교차로 - 교차로안,승용,남,49세,상해없음,승용,남,31세,경상
2016011700100441,2016년 1월 17일 20시,일요일,충청남도 천안시 동남구 구룡동,중상사고,0,1,1,0,차대차 - 측면직각충돌,안전운전불이행,건조,맑음,교차로 - 교차로안,승용,여,47세,상해없음,승용,여,30세,경상
2016011700100442,2016년 1월 17일 20시,일요일,충청남도 천안시 동남구 신부동,경상사고,0,0,1,0,차대사람 - 기타,안전운전불이행,건조,맑음,단일로 - 기타,승용,남,29세,기타불명,보행자,남,38세,경상
2016011700100496,2016년 1월 17일 22시,일요일,충청남도 서산시 인지면,경상사고,0,0,2,0,차대차 - 추돌,안전운전불이행,건조,맑음,단일로 - 기타,승용,남,31세,기타불명,승용,남,56세,경상
2016011700100497,2016년 1월 17일 22시,일요일,충청남도 천안시 동남구 영성동,경상사고,0,0,2,0,차대차 - 측면직각충돌,안전운전불이행,건조,맑음,단일로 - 기타,승용,남,74세,상해없음,승용,남,56세,상해없음
2016011700100525,2016년 1월 17일 23시,일요일,충청남도 천안시 서북구 직산읍,경상사고,0,0,2,0,차대차 - 추돌,안전거리미확보,건조,맑음,교차로 - 교차로부근,승용,남,41세,상해없음,승용,여,48세,경상
2016011800100006,2016년 1월 18일 00시,월요일,충청남도 예산군 응봉면,사망사고,1,0,0,0,차대사람 - 횡단중,안전운전불이행,기타,흐림,단일로 - 기타,승용,남,49세,상해없음,보행자,남,62세,사망
2016011800100007,2016년 1월 18일 00시,월요일,충청남도 금산군 복수면,경상사고,0,0,1,0,차대차 - 측면충돌,안전운전불이행,결빙,눈,단일로 - 기타,승용,남,22세,상해없음,승용,여,42세,기타불명
2016011800100033,2016년 1월 18일 03시,월요일,충청남도 천안시 동남구 목천읍,경상사고,0,0,1,0,차량단독 - 전도전복,안전운전불이행,결빙,눈,단일로 - 기타,승용,남,46세,경상,,,,
2016011800100051,2016년 1월 18일 05시,월요일,충청남도 청양군 운곡면,부상신고사고,0,0,0,1,차량단독 - 전도전복,안전운전불이행,결빙,눈,단일로 - 기타,승용,남,27세,부상신고,,,,
2016011800100174,2016년 1월 18일 09시,월요일,충청남도 천안시 동남구 북면,중상사고,0,1,0,2,차대차 - 정면충돌,중앙선침범,적설,눈,단일로 - 기타,승합,남,52세,상해없음,승용,남,47세,중상
2016011800100199,2016년 1월 18일 10시,월요일,충청남도 천안시 서북구 두정동,경상사고,0,0,2,0,차대차 - 추돌,안전운전불이행,적설,눈,교차로 - 교차로부근,승용,남,54세,상해없음,승용,남,37세,경상
2016011800100200,2016년 1월 18일 10시,월요일,충청남도 천안시 동남구 구성동,경상사고,0,0,2,0,차대차 - 정면충돌,안전운전불이행,습기,눈,단일로 - 기타,화물,남,40세,상해없음,승용,남,51세,경상
2016011800100228,2016년 1월 18일 11시,월요일,충청남도 금산군 남이면,경상사고,0,0,1,0,차량단독 - 전도전복,안전운전불이행,결빙,눈,단일로 - 기타,승용,남,38세,상해없음,,,,
2016011800100229,2016년 1월 18일 11시,월요일,충청남도 청양군 정산면,사망사고,1,0,0,0,차대사람 - 횡단중,과속,건조,흐림,단일로 - 기타,승용,남,51세,상해없음,보행자,남,85세,사망
2016011800100253,2016년 1월 18일 12시,월요일,충청남도 홍성군 홍성읍,중상사고,0,1,0,0,차대사람 - 횡단중,신호위반,건조,맑음,교차로 - 교차로안,승용,여,22세,기타불명,보행자,여,7세,중상
2016011800100254,2016년 1월 18일 12시,월요일,충청남도 홍성군 홍성읍,경상사고,0,0,1,0,차대차 - 기타,안전운전불이행,습기,흐림,교차로 - 교차로부근,승용,남,53세,상해없음,이륜,남,37세,경상
2016011800100255,2016년 1월 18일 12시,월요일,충청남도 예산군 응봉면,경상사고,0,0,3,0,차대차 - 측면충돌,직진우회전진행방해,건조,맑음,교차로 - 교차로안,화물,남,53세,경상,화물,남,26세,경상
2016011800100314,2016년 1월 18일 14시,월요일,충청남도 보령시 주교면,중상사고,0,2,4,0,차대차 - 정면충돌,중앙선침범,결빙,눈,단일로 - 기타,승용,남,24세,경상,승용,남,51세,경상
2016011800100315,2016년 1월 18일 14시,월요일,충청남도 공주시 옥룡동,경상사고,0,0,1,0,차대차 - 기타,안전운전불이행,건조,맑음,단일로 - 기타,승용,여,44세,상해없음,승용,여,58세,경상
2016011800100346,2016년 1월 18일 15시,월요일,충청남도 태안군 남면,중상사고,0,2,0,0,차대차 - 정면충돌,차로위반,결빙,눈,교차로 - 교차로부근,화물,남,43세,상해없음,승용,여,43세,중상
2016011800100347,2016년 1월 18일 15시,월요일,충청남도 서산시 예천동,경상사고,0,0,1,0,차대차 - 정면충돌,교차로운행방법위반,결빙,눈,교차로 - 교차로안,승합,여,33세,상해없음,건설기계,남,51세,상해없음
2016011800100348,2016년 1월 18일 15시,월요일,충청남도 금산군 금산읍,경상사고,0,0,2,0,차대차 - 측면직각충돌,교차로운행방법위반,습기,눈,교차로 - 교차로안,승용,여,35세,상해없음,승용,남,63세,경상
2016011800100383,2016년 1월 18일 16시,월요일,충청남도 당진시 면천면,중상사고,0,1,3,0,차대차 - 정면충돌,안전운전불이행,적설,눈,단일로 - 기타,승용,여,41세,상해없음,승용,여,52세,중상
2016011800100417,2016년 1월 18일 17시,월요일,충청남도 태안군 원북면,중상사고,0,1,0,0,차대사람 - 기타,안전운전불이행,결빙,눈,단일로 - 기타,화물,남,53세,기타불명,보행자,남,28세,중상
2016011800100418,2016년 1월 18일 17시,월요일,충청남도 천안시 서북구 쌍용동,경상사고,0,0,1,0,차대차 - 추돌,안전운전불이행,결빙,눈,교차로 - 교차로부근,승용,남,41세,상해없음,승용,여,42세,경상