사고번호,사고일시,요일,시군구,사고내용,사망자수,중상자수,경상자수,부상신고자수,사고유형,법규위반,노면상태,기상상태,도로형태,가해운전자 차종,가해운전자 성별,가해운전자 연령,가해운전자 상해정도,피해운전자 차종,피해운전자 성별,피해운전자 연령,피해운전자 상해정도
2016011800100468,2016년 1월 18일 18시,월요일,충청남도 보령시 대천동,중상사고,0,1,0,0,차대사람 - 길가장자리구역통행중,안전운전불이행,적설,눈,교차로 - 교차로부근,기타불명,기타불명,기타불명,기타불명,보행자,남,75세,중상
2016011800100514,2016년 1월 18일 19시,월요일,충청남도 보령시 남포면,경상사고,0,0,1,0,차량단독 - 기타,안전운전불이행,적설,눈,단일로 - 기타,승용,남,52세,경상,,,,
2016011800100515,2016년 1월 18일 19시,월요일,충청남도 부여군 구룡면,중상사고,0,1,0,0,차대차 - 측면충돌,안전운전불이행,적설,눈,단일로 - 기타,승용,여,26세,상해없음,승용,여,56세,중상
2016011800100558,2016년 1월 18일 21시,월요일,충청남도 보령시 청라면,중상사고,0,1,1,0,차대차 - 정면충돌,중앙선침범,적설,눈,단일로 - 기타,승용,여,55세,경상,승용,남,53세,중상
2016011800100592,2016년 1월 18일 22시,월요일,충청남도 예산군 신양면,중상사고,0,2,0,0,차대차 - 추돌,안전운전불이행,적설,눈,단일로 - 기타,화물,남,62세,상해없음,승용,남,33세,중상
2016011900100210,2016년 1월 19일 11시,화요일,충청남도 천안시 서북구 두정동,경상사고,0,0,2,1,차대차 - 측면직각충돌,교차로운행방법위반,적설,눈,교차로 - 교차로안,승용,남,23세,상해없음,승용,남,65세,경상
2016011900100231,2016년 1월 19일 12시,화요일,충청남도 천안시 동남구 목천읍,경상사고,0,0,4,0,차대차 - 측면직각충돌,안전운전불이행,습기,맑음,기타 - 기타,기타불명,기타불명,기타불명,기타불명,승용,남,37세,경상
2016011900100273,2016년 1월 19일 14시,화요일,충청남도 당진시 송악읍,경상사고,0,0,2,0,차대차 - 추돌,신호위반,건조,맑음,교차로 - 교차로안,승용,남,73세,상해없음,승용,남,32세,상해없음
2016011900100522,2016년 1월 19일 22시,화요일,충청남도 홍성군 홍북면,경상사고,0,0,1,0,차대차 - 추돌,안전운전불이행,적설,눈,단일로 - 기타,승용,남,42세,상해없음,화물,남,27세,경상
2016011900100523,2016년 1월 19일 22시,화요일,충청남도 당진시 송산면,사망사고,1,2,0,0,차대차 - 정면충돌,중앙선침범,결빙,기타,단일로 - 기타,화물,남,57세,사망,승용,남,36세,중상
2016012000100162,2016년 1월 20일 10시,수요일,충청남도 청양군 청양읍,경상사고,0,0,1,0,차대차 - 측면직각충돌,직진우회전진행방해,건조,맑음,교차로 - 교차로안,승용,남,42세,경상,승용,남,41세,상해없음
2016012000100187,2016년 1월 20일 11시,수요일,충청남도 논산시 취암동,중상사고,0,2,0,0,차대차 - 측면직각충돌,신호위반,건조,맑음,교차로 - 교차로안,이륜,남,72세,중상,승용,남,66세,상해없음
2016012000100188,2016년 1월 20일 11시,수요일,충청남도 아산시 배방읍,경상사고,0,0,1,0,차대차 - 추돌,안전운전불이행,결빙,눈,교차로 - 교차로부근,승용,여,40세,상해없음,승용,여,37세,경상
2016012000100233,2016년 1월 20일 13시,수요일,충청남도 서산시 인지면,중상사고,0,1,0,0,차대사람 - 길가장자리구역통행중,교차로운행방법위반,습기,흐림,교차로 - 교차로부근,화물,남,74세,상해없음,보행자,남,79세,중상
2016012000100330,2016년 1월 20일 16시,수요일,충청남도 청양군 청양읍,경상사고,0,0,1,0,차대차 - 측면직각충돌,직진우회전진행방해,건조,맑음,교차로 - 교차로안,화물,남,55세,상해없음,승용,여,46세,경상
2016012000100395,2016년 1월 20일 18시,수요일,충청남도 홍성군 광천읍,중상사고,0,1,0,0,차대차 - 측면충돌,안전운전불이행,결빙,눈,단일로 - 기타,승용,남,48세,상해없음,이륜,남,56세,중상
2016012000100438,2016년 1월 20일 19시,수요일,충청남도 천안시 서북구 성정동,경상사고,0,0,1,0,차대차 - 정면충돌,직진우회전진행방해,습기,맑음,교차로 - 교차로안,승용,남,54세,상해없음,승용,남,46세,경상
2016012000100439,2016년 1월 20일 19시,수요일,충청남도 천안시 서북구 백석동,경상사고,0,0,1,0,차대차 - 정면충돌,신호위반,습기,맑음,교차로 - 교차로안,승용,남,56세,상해없음,이륜,남,35세,경상
2016012000100510,2016년 1월 20일 21시,수요일,충청남도 홍성군 금마면,중상사고,0,1,1,0,차대차 - 측면충돌,중앙선침범,결빙,흐림,단일로 - 횡단보도상,승용,남,46세,중상,승용,여,33세,경상
2016012100100025,2016년 1월 21일 01시,목요일,충청남도 아산시 음봉면,중상사고,0,1,0,0,차대차 - 측면직각충돌,신호위반,건조,흐림,교차로 - 교차로안,승용,남,49세,상해없음,승용,여,43세,중상
2016012100100079,2016년 1월 21일 06시,목요일,충청남도 아산시 탕정면,경상사고,0,0,2,0,차대차 - 추돌,안전운전불이행,건조,맑음,단일로 - 기타,승용,남,28세,상해없음,승용,남,43세,경상
2016012100100094,2016년 1월 21일 07시,목요일,충청남도 아산시 음봉면,경상사고,0,0,2,0,차대차 - 추돌,안전운전불이행,결빙,흐림,교차로 - 교차로부근,화물,남,69세,상해없음,승용,남,41세,경상
2016012100100095,2016년 1월 21일 07시,목요일,충청남도 아산시 인주면,경상사고,0,0,1,0,차대차 - 정면충돌,안전운전불이행,건조,맑음,단일로 - 기타,화물,남,53세,상해없음,승용,남,60세,경상
2016012100100121,2016년 1월 21일 08시,목요일,충청남도 논산시 대교동,중상사고,0,3,2,0,차대차 - 측면충돌,교차로운행방법위반,건조,맑음,교차로 - 교차로안,승용,여,64세,경상,승용,남,44세,중상
2016012100100164,2016년 1월 21일 10시,목요일,충청남도 보령시 미산면,중상사고,0,1,1,0,차대사람 - 기타,안전운전불이행,결빙,맑음,단일로 - 기타,화물,남,59세,상해없음,보행자,여,73세,중상
2016012100100207,2016년 1월 21일 12시,목요일,충청남도 예산군 광시면,중상사고,0,1,0,0,차대차 - 정면충돌,안전운전불이행,적설,맑음,단일로 - 기타,화물,남,37세,상해없음,승용,남,29세,중상
2016012100100208,2016년 1월 21일 12시,목요일,충청남도 부여군 부여읍,중상사고,0,1,0,0,차대차 - 측면충돌,직진우회전진행방해,건조,맑음,교차로 - 교차로안,화물,남,48세,상해없음,승용,남,64세,중상
2016012100100418,2016년 1월 21일 19시,목요일,충청남도 금산군 금성면,경상사고,0,0,1,0,차대차 - 추돌,안전운전불이행,건조,맑음,교차로 - 교차로부근,승용,남,27세,상해없음,승용,남,29세,경상
2016012100100452,2016년 1월 21일 20시,목요일,충청남도 아산시 둔포면,중상사고,0,1,0,0,차대차 - 측면직각충돌,안전운전불이행,건조,맑음,교차로 - 교차로안,화물,남,64세,상해없음,승용,남,24세,중상
2016012100100485,2016년 1월 21일 21시,목요일,충청남도 서산시 성연면,중상사고,0,3,0,0,차대차 - 정면충돌,중앙선침범,건조,맑음,교차로 - 교차로부근,승용,남,35세,중상,승용,남,38세,중상
2016012100100486,2016년 1월 21일 21시,목요일,충청남도 홍성군 홍성읍,중상사고,0,1,0,0,차량단독 - 기타,안전운전불이행,건조,맑음,기타 - 기타,승용,남,45세,상해없음,,,,
2016012100100487,2016년 1월 21일 21시,목요일,충청남도 천안시 서북구 두정동,중상사고,0,1,0,0,차대차 - 측면직각충돌,교차로운행방법위반,건조,맑음,교차로 - 교차로안,승용,남,42세,상해없음,이륜,남,40세,중상
2016012100100488,2016년 1월 21일 21시,목요일,충청남도 아산시 송악면,경상사고,0,0,1,0,차대차 - 정면충돌,안전운전불이행,결빙,눈,단일로 - 기타,승용,남,47세,상해없음,승용,여,55세,경상
2016012100100514,2016년 1월 21일 22시,목요일,충청남도 보령시 주포면,중상사고,0,1,0,0,차대사람 - 차도통행중,안전운전불이행,건조,맑음,단일로 - 기타,승용,남,49세,상해없음,보행자,여,55세,중상
2016012100100539,2016년 1월 21일 23시,목요일,충청남도 예산군 응봉면,중상사고,0,1,1,0,차대차 - 기타,중앙선침범,건조,맑음,단일로 - 기타,승용,여,36세,상해없음,승용,남,38세,경상
2016012200100008,2016년 1월 22일 00시,금요일,충청남도 천안시 동남구 신부동,경상사고,0,0,1,0,차대차 - 추돌,안전운전불이행,건조,맑음,교차로 - 교차로부근,승용,남,39세,상해없음,승용,남,44세,경상
2016012200100076,2016년 1월 22일 06시,금요일,충청남도 태안군 태안읍,사망사고,1,0,0,0,차대차 - 기타,신호위반,건조,맑음,교차로 - 교차로안,화물,남,44세,상해없음,승용,여,48세,사망
2016012200100077,2016년 1월 22일 06시,금요일,충청남도 서천군 장항읍,중상사고,0,1,0,0,차대사람 - 횡단중,신호위반,건조,맑음,교차로 - 교차로안,승용,남,44세,상해없음,보행자,남,69세,중상
2016012200100078,2016년 1월 22일 06시,금요일,충청남도 당진시 송악읍,경상사고,0,0,1,0,차대사람 - 횡단중,보행자보호의무위반,건조,맑음,교차로 - 교차로부근,승용,남,37세,상해없음,보행자,여,57세,경상
2016012200100106,2016년 1월 22일 07시,금요일,충청남도 홍성군 홍북면,경상사고,0,0,1,0,차대차 - 측면충돌,안전운전불이행,건조,맑음,교차로 - 교차로안,화물,남,47세,상해없음,승용,남,42세,경상
2016012200100107,2016년 1월 22일 07시,금요일,충청남도 공주시 우성면,경상사고,0,0,2,0,차대차 - 측면직각충돌,교차로운행방법위반,건조,맑음,교차로 - 교차로안,승용,여,55세,기타불명,승용,남,45세,경상
2016012200100108,2016년 1월 22일 07시,금요일,충청남도 공주시 우성면,중상사고,0,1,0,0,차대사람 - 횡단중,안전운전불이행,건조,맑음,교차로 - 교차로부근,화물,남,51세,상해없음,보행자,여,63세,중상
2016012200100167,2016년 1월 22일 09시,금요일,충청남도 당진시 읍내리,중상사고,0,1,0,0,차대차 - 기타,신호위반,건조,맑음,교차로 - 교차로안,승용,남,37세,상해없음,승용,남,29세,중상
2016012200100219,2016년 1월 22일 11시,금요일,충청남도 당진시 신평면,중상사고,0,1,0,0,차대차 - 측면충돌,안전운전불이행,건조,맑음,단일로 - 기타,승용,여,64세,상해없음,원동기,남,73세,중상
2016012200100220,2016년 1월 22일 11시,금요일,충청남도 금산군 금산읍,중상사고,0,1,0,0,차대차 - 측면직각충돌,교차로운행방법위반,건조,맑음,교차로 - 교차로안,승용,남,57세,상해없음,자전거,남,82세,중상
2016012200100247,2016년 1월 22일 12시,금요일,충청남도 보령시 청라면,중상사고,0,2,0,0,차대차 - 정면충돌,안전운전불이행,건조,맑음,단일로 - 기타,승용,남,50세,기타불명,승용,남,47세,중상
2016012200100269,2016년 1월 22일 13시,금요일,충청남도 아산시 도고면,경상사고,0,0,1,0,차대차 - 측면충돌,중앙선침범,결빙,맑음,단일로 - 기타,화물,남,52세,상해없음,화물,남,63세,경상
2016012200100270,2016년 1월 22일 13시,금요일,충청남도 아산시 신창면,경상사고,0,0,1,0,차대차 - 기타,교차로운행방법위반,결빙,맑음,교차로 - 교차로안,승용,남,41세,상해없음,승용,남,36세,경상
2016012200100335,2016년 1월 22일 15시,금요일,충청남도 홍성군 홍성읍,경상사고,0,0,1,0,차대차 - 측면충돌,교차로운행방법위반,건조,맑음,교차로 - 교차로안,승용,남,33세,상해없음,이륜,남,55세,경상
2016012200100336,2016년 1월 22일 15시,금요일,충청남도 아산시 권곡동,경상사고,0,0,2,0,차대차 - 측면직각충돌,안전운전불이행,건조,맑음,교차로 - 교차로안,승용,여,57세,상해없음,화물,남,54세,경상
2016012200100440,2016년 1월 22일 18시,금요일,충청남도 당진시 송산면,경상사고,0,0,1,0,차대차 - 측면충돌,신호위반,건조,맑음,교차로 - 교차로안,화물,남,22세,상해없음,승용,남,38세,경상
2016012200100486,2016년 1월 22일 19시,금요일,충청남도 아산시 권곡동,중상사고,0,1,0,0,차대차 - 추돌,안전운전불이행,습기,맑음,교차로 - 교차로부근,승용,여,45세,상해없음,승용,여,42세,중상
2016012200100487,2016년 1월 22일 19시,금요일,충청남도 아산시 음봉면,경상사고,0,0,1,0,차대사람 - 횡단중,안전운전불이행,건조,맑음,단일로 - 기타,화물,남,54세,상해없음,보행자,남,58세,경상
2016012200100568,2016년 1월 22일 22시,금요일,충청남도 천안시 서북구 두정동,경상사고,0,0,1,0,차대사람 - 기타,안전운전불이행,건조,맑음,단일로 - 기타,승용,남,28세,상해없음,보행자,남,34세,경상
2016012200100612,2016년 1월 22일 23시,금요일,충청남도 천안시 동남구 병천면,경상사고,0,0,2,0,차대차 - 추돌,안전운전불이행,건조,맑음,단일로 - 기타,승용,남,39세,상해없음,승용,남,39세,경상
2016012300100022,2016년 1월 23일 00시,토요일,충청남도 천안시 서북구 성정동,중상사고,0,1,0,0,차대차 - 기타,안전운전불이행,건조,맑음,단일로 - 기타,승용,남,36세,상해없음,원동기,남,19세,중상
2016012300100023,2016년 1월 23일 00시,토요일,충청남도 당진시 사기소리,사망사고,1,0,0,0,차량단독 - 공작물충돌,안전운전불이행,건조,흐림,단일로 - 기타,승용,남,31세,사망,,,,
2016012300100047,2016년 1월 23일 01시,토요일,충청남도 천안시 서북구 성정동,중상사고,0,1,0,0,차대사람 - 횡단중,보행자보호의무위반,건조,맑음,단일로 - 횡단보도상,원동기,남,17세,상해없음,보행자,여,22세,중상
2016012300100056,2016년 1월 23일 02시,토요일,충청남도 아산시 인주면,사망사고,1,0,0,0,차량단독 - 전도전복,안전운전불이행,습기,맑음,교차로 - 교차로부근,승용,남,28세,사망,,,,
2016012300100084,2016년 1월 23일 05시,토요일,충청남도 서산시 읍내동,중상사고,0,1,0,0,차대차 - 정면충돌,안전운전불이행,건조,맑음,단일로 - 기타,승용,남,28세,상해없음,농기계,여,63세,중상
2016012300100104,2016년 1월 23일 07시,토요일,충청남도 천안시 서북구 성정동,경상사고,0,0,2,0,차대차 - 추돌,안전운전불이행,건조,맑음,미분류 - 미분류,승용,여,32세,상해없음,승용,여,46세,경상
2016012300100148,2016년 1월 23일 10시,토요일,충청남도 서산시 예천동,경상사고,0,0,1,0,차대차 - 측면충돌,안전운전불이행,건조,맑음,단일로 - 기타,승용,여,57세,상해없음,승합,남,39세,상해없음
2016012300100220,2016년 1월 23일 13시,토요일,충청남도 보령시 동대동,중상사고,0,1,0,0,차대차 - 측면직각충돌,직진우회전진행방해,적설,눈,교차로 - 교차로안,승용,남,52세,상해없음,원동기,남,58세,중상
2016012300100252,2016년 1월 23일 14시,토요일,충청남도 논산시 연산면,중상사고,0,1,0,0,차대차 - 측면직각충돌,안전운전불이행,건조,맑음,단일로 - 기타,화물,남,57세,상해없음,이륜,남,68세,중상
2016012300100289,2016년 1월 23일 15시,토요일,충청남도 청양군 운곡면,경상사고,0,0,1,0,차대차 - 기타,안전운전불이행,적설,눈,단일로 - 기타,승합,남,41세,상해없음,승용,여,51세,경상
2016012300100290,2016년 1월 23일 15시,토요일,충청남도 공주시 유구읍,중상사고,0,2,2,0,차대차 - 기타,안전운전불이행,결빙,눈,단일로 - 기타,승용,여,29세,상해없음,승용,남,37세,중상
2016012300100315,2016년 1월 23일 16시,토요일,충청남도 아산시 배방읍,경상사고,0,0,1,0,차대사람 - 횡단중,신호위반,습기,눈,단일로 - 횡단보도상,승용,여,53세,상해없음,보행자,여,32세,경상
2016012300100372,2016년 1월 23일 18시,토요일,충청남도 아산시 권곡동,경상사고,0,0,2,0,차대차 - 측면직각충돌,안전운전불이행,결빙,눈,교차로 - 교차로안,승용,남,58세,상해없음,승용,남,32세,경상
2016012300100373,2016년 1월 23일 18시,토요일,충청남도 보령시 대천동,사망사고,1,0,1,0,차대차 - 정면충돌,중앙선침범,적설,눈,단일로 - 기타,승용,남,54세,사망,화물,남,52세,경상
2016012300100404,2016년 1월 23일 19시,토요일,충청남도 아산시 배방읍,경상사고,0,0,3,0,차대차 - 추돌,안전운전불이행,결빙,눈,단일로 - 기타,승용,남,31세,기타불명,승용,남,61세,상해없음
2016012300100405,2016년 1월 23일 19시,토요일,충청남도 아산시 인주면,중상사고,0,1,0,0,차대차 - 정면충돌,안전운전불이행,적설,눈,단일로 - 기타,승용,남,34세,상해없음,화물,남,55세,중상
2016012300100406,2016년 1월 23일 19시,토요일,충청남도 천안시 동남구 삼룡동,중상사고,0,1,0,0,차대차 - 측면직각충돌,안전운전불이행,결빙,눈,단일로 - 터널,승용,남,36세,상해없음,승용,남,52세,중상
2016012300100480,2016년 1월 23일 22시,토요일,충청남도 서산시 대산읍,경상사고,0,0,1,0,차대사람 - 횡단중,안전운전불이행,결빙,눈,단일로 - 기타,승용,남,36세,상해없음,보행자,남,35세,경상
2016012300100504,2016년 1월 23일 23시,토요일,충청남도 논산시 연무읍,중상사고,0,1,4,0,차대차 - 정면충돌,안전운전불이행,결빙,눈,단일로 - 기타,승용,남,49세,상해없음,승용,남,44세,경상
2016012400100016,2016년 1월 24일 00시,일요일,충청남도 아산시 배방읍,중상사고,0,1,0,0,차대차 - 측면충돌,안전운전불이행,적설,눈,단일로 - 기타,승용,남,32세,상해없음,화물,남,40세,중상
2016012400100089,2016년 1월 24일 07시,일요일,충청남도 당진시 송악읍,중상사고,0,1,0,0,차대차 - 기타,안전운전불이행,적설,눈,단일로 - 기타,승용,남,54세,상해없음,승용,남,39세,중상
2016012400100096,2016년 1월 24일 08시,일요일,충청남도 아산시 음봉면,경상사고,0,0,1,0,차대차 - 정면충돌,안전운전불이행,적설,눈,교차로 - 교차로안,승용,남,62세,상해없음,승용,남,31세,경상
2016012400100105,2016년 1월 24일 09시,일요일,충청남도 서천군 서천읍,경상사고,0,0,1,0,차대사람 - 횡단중,안전운전불이행,적설,눈,교차로 - 교차로부근,승용,남,43세,상해없음,보행자,남,25세,경상
2016012400100106,2016년 1월 24일 09시,일요일,충청남도 예산군 광시면,경상사고,0,0,3,0,차대차 - 측면충돌,안전운전불이행,적설,눈,단일로 - 기타,승용,남,64세,상해없음,승용,남,39세,경상
2016012400100117,2016년 1월 24일 10시,일요일,충청남도 천안시 서북구 두정동,경상사고,0,0,1,0,차대차 - 기타,안전운전불이행,결빙,맑음,교차로 - 교차로안,승용,남,32세,기타불명,승용,남,40세,경상
2016012400100134,2016년 1월 24일 11시,일요일,충청남도 천안시 동남구 원성동,경상사고,0,0,1,0,차대차 - 추돌,안전운전불이행,습기,흐림,단일로 - 기타,승용,남,28세,상해없음,승용,남,44세,경상
2016012400100152,2016년 1월 24일 12시,일요일,충청남도 당진시 송악읍,중상사고,0,2,2,0,차대차 - 추돌,안전운전불이행,결빙,눈,단일로 - 기타,승용,여,45세,상해없음,승용,여,37세,중상
2016012400100175,2016년 1월 24일 13시,일요일,충청남도 아산시 둔포면,중상사고,0,1,0,1,차대차 - 기타,안전운전불이행,습기,맑음,교차로 - 교차로안,승용,남,44세,상해없음,승용,남,38세,부상신고
2016012400100205,2016년 1월 24일 14시,일요일,충청남도 아산시 신창면,경상사고,0,0,1,0,차대사람 - 차도통행중,안전운전불이행,적설,맑음,단일로 - 기타,승용,남,62세,상해없음,보행자,남,8세,경상
2016012400100232,2016년 1월 24일 15시,일요일,충청남도 보령시 대천동,경상사고,0,0,1,0,차대차 - 측면직각충돌,직진우회전진행방해,적설,눈,교차로 - 교차로안,승용,남,43세,상해없음,승용,남,58세,경상
2016012400100301,2016년 1월 24일 18시,일요일,충청남도 아산시 둔포면,경상사고,0,0,2,0,차대차 - 추돌,안전운전불이행,결빙,흐림,교차로 - 교차로부근,승용,남,29세,상해없음,승용,남,25세,경상
2016012400100327,2016년 1월 24일 19시,일요일,충청남도 아산시 영인면,경상사고,0,0,1,0,차대차 - 측면직각충돌,안전운전불이행,건조,맑음,단일로 - 기타,승용,남,56세,상해없음,승용,남,38세,경상
2016012400100328,2016년 1월 24일 19시,일요일,충청남도 천안시 동남구 다가동,경상사고,0,0,2,0,차대차 - 정면충돌,안전운전불이행,적설,눈,단일로 - 기타,승용,남,39세,상해없음,승용,남,21세,경상
2016012400100356,2016년 1월 24일 20시,일요일,충청남도 천안시 서북구 쌍용동,경상사고,0,0,1,0,차대차 - 측면직각충돌,안전운전불이행,습기,맑음,단일로 - 기타,승합,남,52세,상해없음,승용,여,34세,경상
2016012400100357,2016년 1월 24일 20시,일요일,충청남도 논산시 부창동,경상사고,0,0,1,0,차대차 - 추돌,안전운전불이행,건조,맑음,단일로 - 기타,승용,남,55세,경상,화물,남,43세,기타불명
2016012500100061,2016년 1월 25일 07시,월요일,충청남도 공주시 탄천면,중상사고,0,1,0,0,차량단독 - 전도전복,안전운전불이행,적설,맑음,단일로 - 기타,승용,여,36세,상해없음,,,,
2016012500100100,2016년 1월 25일 08시,월요일,충청남도 논산시 광석면,경상사고,0,0,1,0,차대차 - 측면충돌,안전거리미확보,건조,맑음,단일로 - 기타,승용,여,54세,상해없음,승용,여,27세,경상
2016012500100156,2016년 1월 25일 10시,월요일,충청남도 당진시 신평면,경상사고,0,0,1,0,차대차 - 측면직각충돌,안전운전불이행,적설,눈,단일로 - 기타,승용,여,24세,경상,화물,남,47세,기타불명
2016012500100178,2016년 1월 25일 11시,월요일,충청남도 서천군 서천읍,중상사고,0,1,0,0,차량단독 - 전도전복,안전운전불이행,결빙,눈,단일로 - 기타,화물,남,71세,상해없음,,,,
2016012500100217,2016년 1월 25일 12시,월요일,충청남도 홍성군 홍성읍,중상사고,0,1,0,0,차대차 - 정면충돌,안전운전불이행,건조,맑음,단일로 - 기타,승용,남,57세,상해없음,승용,여,45세,중상
2016012500100244,2016년 1월 25일 13시,월요일,충청남도 천안시 동남구 봉명동,중상사고,0,1,0,0,차대차 - 추돌,안전운전불이행,건조,맑음,단일로 - 기타,승용,여,54세,상해없음,승용,여,46세,기타불명
2016012500100273,2016년 1월 25일 14시,월요일,충청남도 천안시 서북구 성정동,경상사고,0,0,2,0,차대차 - 기타,안전운전불이행,결빙,맑음,교차로 - 교차로안,화물,남,53세,상해없음,승용,여,36세,경상
2016012500100274,2016년 1월 25일 14시,월요일,충청남도 서천군 비인면,경상사고,0,0,1,0,차대차 - 추돌,안전거리미확보,결빙,눈,교차로 - 교차로부근,화물,남,68세,상해없음,승용,남,21세,경상
2016012500100340,2016년 1월 25일 16시,월요일,충청남도 홍성군 갈산면,중상사고,0,1,0,0,차대차 - 정면충돌,중앙선침범,적설,맑음,단일로 - 기타,승용,여,54세,상해없음,화물,남,51세,중상
2016012500100369,2016년 1월 25일 17시,월요일,충청남도 태안군 태안읍,중상사고,0,1,0,0,차량단독 - 전도전복,안전운전불이행,건조,맑음,단일로 - 기타,화물,남,33세,중상,,,,
2016012500100370,2016년 1월 25일 17시,월요일,충청남도 부여군 충화면,중상사고,0,2,0,0,차대사람 - 기타,중앙선침범,결빙,눈,단일로 - 기타,화물,남,55세,중상,보행자,남,51세,중상
2016012500100407,2016년 1월 25일 18시,월요일,충청남도 서산시 읍내동,경상사고,0,0,1,0,차대차 - 측면충돌,안전운전불이행,건조,맑음,단일로 - 기타,승용,여,47세,상해없음,이륜,남,19세,경상
2016012500100408,2016년 1월 25일 18시,월요일,충청남도 아산시 용화동,경상사고,0,0,1,0,차대사람 - 기타,안전운전불이행,적설,흐림,교차로 - 교차로부근,승합,남,55세,상해없음,보행자,남,43세,경상
2016012500100409,2016년 1월 25일 18시,월요일,충청남도 공주시 신관동,중상사고,0,1,0,0,차대사람 - 횡단중,안전운전불이행,습기,흐림,교차로 - 교차로안,화물,남,58세,상해없음,보행자,남,23세,중상
2016012500100460,2016년 1월 25일 19시,월요일,충청남도 서산시 동문동,경상사고,0,0,1,0,차대사람 - 횡단중,보행자보호의무위반,건조,맑음,단일로 - 기타,승합,남,62세,상해없음,보행자,남,46세,경상
2016012500100557,2016년 1월 25일 22시,월요일,충청남도 천안시 서북구 두정동,경상사고,0,0,1,0,차대사람 - 기타,안전운전불이행,건조,맑음,교차로 - 교차로안,승용,남,33세,상해없음,보행자,남,20세,경상
2016012500100586,2016년 1월 25일 23시,월요일,충청남도 천안시 서북구 쌍용동,중상사고,0,2,0,0,차대차 - 정면충돌,신호위반,적설,눈,교차로 - 교차로안,승용,여,49세,상해없음,승용,여,45세,중상
2016012500100587,2016년 1월 25일 23시,월요일,충청남도 아산시 인주면,경상사고,0,0,1,0,차대차 - 정면충돌,안전운전불이행,적설,맑음,단일로 - 기타,승용,남,33세,경상,화물,남,44세,기타불명
2016012500100588,2016년 1월 25일 23시,월요일,충청남도 서천군 장항읍,중상사고,0,1,1,0,차대차 - 추돌,안전운전불이행,적설,맑음,단일로 - 기타,승용,남,49세,상해없음,승용,남,65세,경상
2016012600100006,2016년 1월 26일 00시,화요일,충청남도 천안시 서북구 두정동,중상사고,0,1,0,0,차대차 - 기타,교차로운행방법위반,적설,눈,교차로 - 교차로안,승용,남,19세,상해없음,원동기,남,34세,중상
2016012600100033,2016년 1월 26일 02시,화요일,충청남도 천안시 서북구 두정동,경상사고,0,0,3,0,차대차 - 기타,안전운전불이행,건조,맑음,교차로 - 교차로부근,승용,남,27세,상해없음,승용,남,19세,경상
2016012600100083,2016년 1월 26일 07시,화요일,충청남도 아산시 송악면,경상사고,0,0,1,0,차대차 - 추돌,안전운전불이행,결빙,눈,교차로 - 교차로안,승용,여,32세,기타불명,승용,여,32세,경상
2016012600100162,2016년 1월 26일 10시,화요일,충청남도 천안시 서북구 쌍용동,경상사고,0,0,1,0,차대차 - 기타,안전운전불이행,건조,맑음,단일로 - 기타,승용,남,60세,상해없음,승용,여,53세,경상
2016012600100188,2016년 1월 26일 11시,화요일,충청남도 천안시 서북구 직산읍,경상사고,0,0,1,0,차대차 - 기타,교차로운행방법위반,건조,맑음,교차로 - 교차로안,승용,남,25세,상해없음,승용,남,72세,경상
2016012600100215,2016년 1월 26일 12시,화요일,충청남도 공주시 우성면,경상사고,0,0,1,0,차대차 - 추돌,기타,습기,흐림,단일로 - 기타,승용,남,44세,상해없음,승용,남,56세,경상
2016012600100307,2016년 1월 26일 15시,화요일,충청남도 당진시 송악읍,경상사고,0,0,1,0,차대차 - 기타,안전거리미확보,건조,맑음,단일로 - 기타,승용,여,54세,상해없음,화물,남,52세,상해없음
2016012600100461,2016년 1월 26일 19시,화요일,충청남도 천안시 동남구 청수동,경상사고,0,0,1,0,차대차 - 정면충돌,안전운전불이행,건조,맑음,단일로 - 기타,승합,남,52세,상해없음,승용,남,50세,경상
2016012600100519,2016년 1월 26일 21시,화요일,충청남도 홍성군 갈산면,중상사고,0,2,0,0,차대차 - 정면충돌,중앙선침범,건조,맑음,단일로 - 기타,승용,남,41세,상해없음,승용,여,39세,중상
2016012700100030,2016년 1월 27일 01시,수요일,충청남도 천안시 서북구 성환읍,중상사고,0,1,1,0,차량단독 - 기타,안전운전불이행,건조,맑음,단일로 - 기타,승용,남,37세,중상,,,,
2016012700100085,2016년 1월 27일 06시,수요일,충청남도 당진시 송악읍,중상사고,0,1,6,0,차대차 - 추돌,안전운전불이행,건조,맑음,단일로 - 기타,승용,여,59세,경상,승용,남,56세,경상
2016012700100103,2016년 1월 27일 07시,수요일,충청남도 보령시 천북면,중상사고,0,1,0,0,차대차 - 정면충돌,안전운전불이행,결빙,맑음,단일로 - 기타,승용,남,62세,상해없음,승용,남,51세,중상
2016012700100139,2016년 1월 27일 08시,수요일,충청남도 천안시 서북구 두정동,경상사고,0,0,1,0,차대사람 - 기타,안전운전불이행,건조,맑음,기타 - 기타,승용,남,23세,상해없음,보행자,남,25세,경상
2016012700100140,2016년 1월 27일 08시,수요일,충청남도 천안시 서북구 입장면,경상사고,0,0,2,0,차대차 - 측면직각충돌,중앙선침범,습기,맑음,단일로 - 기타,승용,남,26세,상해없음,승용,남,28세,경상
2016012700100173,2016년 1월 27일 09시,수요일,충청남도 아산시 권곡동,경상사고,0,0,1,0,차대차 - 추돌,안전운전불이행,습기,맑음,교차로 - 교차로부근,화물,남,48세,상해없음,승합,여,54세,경상