사고번호,사고일시,요일,시군구,사고내용,사망자수,중상자수,경상자수,부상신고자수,사고유형,법규위반,노면상태,기상상태,도로형태,가해운전자 차종,가해운전자 성별,가해운전자 연령,가해운전자 상해정도,피해운전자 차종,피해운전자 성별,피해운전자 연령,피해운전자 상해정도
2016020700100326,2016년 2월 7일 18시,일요일,충청남도 홍성군 홍성읍,경상사고,0,0,2,0,차대차 - 추돌,안전운전불이행,건조,맑음,교차로 - 교차로부근,승용,여,41세,기타불명,승용,남,34세,경상
2016020700100327,2016년 2월 7일 18시,일요일,충청남도 아산시 탕정면,경상사고,0,0,2,0,차대차 - 기타,안전운전불이행,건조,맑음,단일로 - 기타,승용,남,26세,경상,승용,남,28세,경상
2016020700100349,2016년 2월 7일 19시,일요일,충청남도 서천군 한산면,중상사고,0,1,2,0,차대차 - 기타,안전운전불이행,건조,맑음,교차로 - 교차로안,승용,남,25세,상해없음,승용,남,36세,경상
2016020700100409,2016년 2월 7일 23시,일요일,충청남도 아산시 읍내동,중상사고,0,1,0,0,차대차 - 측면충돌,안전운전불이행,건조,흐림,단일로 - 기타,승용,여,54세,상해없음,원동기,남,50세,중상
2016020800100059,2016년 2월 8일 07시,월요일,충청남도 홍성군 구항면,경상사고,0,0,1,0,차량단독 - 전도전복,안전운전불이행,결빙,흐림,단일로 - 기타,승용,남,30세,상해없음,,,,
2016020800100073,2016년 2월 8일 08시,월요일,충청남도 아산시 온천동,경상사고,0,0,1,0,차대사람 - 기타,안전운전불이행,건조,맑음,교차로 - 교차로부근,승용,남,59세,기타불명,보행자,여,43세,경상
2016020800100110,2016년 2월 8일 11시,월요일,충청남도 천안시 서북구 입장면,중상사고,0,3,2,0,차대차 - 측면직각충돌,중앙선침범,건조,맑음,단일로 - 기타,승용,여,66세,상해없음,승용,남,40세,중상
2016020800100111,2016년 2월 8일 11시,월요일,충청남도 홍성군 광천읍,경상사고,0,0,2,0,차대차 - 측면충돌,안전운전불이행,건조,맑음,단일로 - 기타,승용,여,34세,상해없음,승용,남,32세,경상
2016020800100170,2016년 2월 8일 14시,월요일,충청남도 서천군 서천읍,경상사고,0,0,1,0,차대차 - 측면충돌,안전운전불이행,건조,맑음,단일로 - 기타,승용,여,40세,상해없음,자전거,여,65세,경상
2016020800100194,2016년 2월 8일 15시,월요일,충청남도 천안시 동남구 광덕면,중상사고,0,5,0,0,차대차 - 추돌,안전운전불이행,건조,맑음,단일로 - 기타,승용,남,45세,상해없음,승용,남,40세,중상
2016020800100195,2016년 2월 8일 15시,월요일,충청남도 천안시 서북구 성거읍,경상사고,0,0,3,0,차대차 - 추돌,안전운전불이행,건조,맑음,단일로 - 기타,승용,남,46세,상해없음,승용,여,41세,상해없음
2016020800100217,2016년 2월 8일 16시,월요일,충청남도 아산시 도고면,경상사고,0,0,3,0,차대차 - 추돌,안전운전불이행,건조,맑음,단일로 - 기타,승용,남,27세,상해없음,승용,남,36세,경상
2016020800100218,2016년 2월 8일 16시,월요일,충청남도 청양군 정산면,중상사고,0,1,0,0,차대사람 - 기타,안전운전불이행,건조,맑음,단일로 - 기타,승용,여,40세,상해없음,보행자,남,76세,중상
2016020800100297,2016년 2월 8일 19시,월요일,충청남도 천안시 동남구 신부동,중상사고,0,1,0,0,차대사람 - 횡단중,보행자보호의무위반,건조,맑음,단일로 - 횡단보도상,승용,남,26세,상해없음,보행자,남,47세,중상
2016020800100339,2016년 2월 8일 21시,월요일,충청남도 서산시 동문동,중상사고,0,2,2,0,차대차 - 추돌,안전운전불이행,건조,맑음,교차로 - 교차로부근,승용,남,52세,상해없음,승용,남,52세,중상
2016020800100340,2016년 2월 8일 21시,월요일,충청남도 논산시 취암동,중상사고,0,1,1,0,차대차 - 측면충돌,신호위반,건조,맑음,교차로 - 교차로안,승용,남,23세,중상,이륜,남,17세,경상
2016020800100341,2016년 2월 8일 21시,월요일,충청남도 논산시 취암동,중상사고,0,2,0,0,차대차 - 정면충돌,중앙선침범,건조,맑음,단일로 - 기타,승용,남,33세,기타불명,승합,여,39세,중상
2016020800100342,2016년 2월 8일 21시,월요일,충청남도 공주시 신관동,중상사고,0,1,1,0,차대차 - 측면충돌,안전운전불이행,건조,맑음,교차로 - 교차로안,화물,남,55세,상해없음,승용,남,52세,상해없음
2016020900100066,2016년 2월 9일 06시,화요일,충청남도 천안시 서북구 성거읍,경상사고,0,0,4,0,차대차 - 정면충돌,안전운전불이행,건조,맑음,단일로 - 기타,승용,남,50세,상해없음,화물,남,47세,상해없음
2016020900100067,2016년 2월 9일 06시,화요일,충청남도 천안시 서북구 성거읍,중상사고,0,2,1,0,차대차 - 정면충돌,안전운전불이행,건조,맑음,단일로 - 기타,승용,남,24세,상해없음,승용,여,34세,경상
2016020900100074,2016년 2월 9일 07시,화요일,충청남도 천안시 서북구 성거읍,경상사고,0,0,2,0,차대차 - 추돌,안전거리미확보,건조,맑음,단일로 - 기타,승용,남,47세,상해없음,승용,남,37세,경상
2016020900100207,2016년 2월 9일 15시,화요일,충청남도 예산군 덕산면,경상사고,0,0,1,0,차대차 - 추돌,안전운전불이행,건조,맑음,단일로 - 기타,승용,남,51세,상해없음,승용,남,38세,경상
2016020900100229,2016년 2월 9일 16시,화요일,충청남도 태안군 남면,중상사고,0,1,0,0,차대차 - 정면충돌,안전운전불이행,건조,맑음,단일로 - 기타,화물,남,46세,상해없음,승용,여,52세,중상
2016020900100230,2016년 2월 9일 16시,화요일,충청남도 부여군 은산면,중상사고,0,1,0,0,차대사람 - 횡단중,안전운전불이행,건조,맑음,단일로 - 기타,승용,남,50세,상해없음,보행자,여,4세,중상
2016020900100231,2016년 2월 9일 16시,화요일,충청남도 부여군 홍산면,중상사고,0,1,0,0,차대차 - 측면충돌,안전운전불이행,건조,맑음,교차로 - 교차로안,승용,남,37세,상해없음,승합,남,65세,중상
2016020900100297,2016년 2월 9일 19시,화요일,충청남도 태안군 태안읍,경상사고,0,0,1,0,차대차 - 측면충돌,안전운전불이행,건조,맑음,교차로 - 교차로안,승용,남,52세,상해없음,승용,남,29세,경상
2016020900100298,2016년 2월 9일 19시,화요일,충청남도 천안시 서북구 업성동,경상사고,0,0,2,0,차대차 - 추돌,안전운전불이행,건조,맑음,단일로 - 기타,승용,남,56세,상해없음,화물,남,49세,경상
2016020900100299,2016년 2월 9일 19시,화요일,충청남도 천안시 서북구 입장면,경상사고,0,0,1,0,차대사람 - 횡단중,보행자보호의무위반,건조,맑음,교차로 - 교차로안,승용,남,53세,상해없음,보행자,남,63세,경상
2016020900100300,2016년 2월 9일 19시,화요일,충청남도 논산시 성동면,사망사고,1,0,0,0,차대차 - 추돌,안전거리미확보,건조,맑음,단일로 - 기타,승용,여,55세,상해없음,자전거,남,64세,사망
2016020900100301,2016년 2월 9일 19시,화요일,충청남도 예산군 예산읍,경상사고,0,0,1,0,차대사람 - 차도통행중,안전운전불이행,결빙,맑음,단일로 - 기타,승용,남,58세,상해없음,보행자,남,74세,경상
2016020900100332,2016년 2월 9일 20시,화요일,충청남도 천안시 동남구 신부동,경상사고,0,0,1,0,차대차 - 추돌,안전운전불이행,건조,맑음,교차로 - 교차로안,승용,남,20세,상해없음,승용,남,31세,경상
2016020900100375,2016년 2월 9일 22시,화요일,충청남도 서산시 예천동,부상신고사고,0,0,0,1,차대차 - 측면직각충돌,교차로운행방법위반,건조,맑음,교차로 - 교차로안,승용,여,33세,부상신고,승용,남,41세,상해없음
2016020900100376,2016년 2월 9일 22시,화요일,충청남도 천안시 서북구 두정동,경상사고,0,0,1,0,차량단독 - 기타,안전운전불이행,건조,맑음,단일로 - 기타,승합,남,45세,상해없음,,,,
2016021000100040,2016년 2월 10일 03시,수요일,충청남도 천안시 서북구 성정동,중상사고,0,1,0,0,차대차 - 추돌,안전운전불이행,건조,맑음,교차로 - 교차로부근,승용,남,19세,상해없음,승용,여,35세,중상
2016021000100086,2016년 2월 10일 09시,수요일,충청남도 천안시 서북구 두정동,경상사고,0,0,1,0,차대차 - 측면충돌,안전거리미확보,건조,맑음,기타 - 기타,승용,남,21세,상해없음,승용,남,42세,경상
2016021000100098,2016년 2월 10일 10시,수요일,충청남도 보령시 남곡동,중상사고,0,1,2,0,차대차 - 측면직각충돌,과속,건조,맑음,단일로 - 기타,승용,남,61세,경상,화물,여,47세,중상
2016021000100099,2016년 2월 10일 10시,수요일,충청남도 당진시 합덕읍,경상사고,0,0,1,0,차대차 - 측면직각충돌,교차로운행방법위반,건조,맑음,교차로 - 교차로안,승용,남,33세,상해없음,승용,남,53세,경상
2016021000100114,2016년 2월 10일 11시,수요일,충청남도 아산시 모종동,경상사고,0,0,1,0,차대차 - 측면충돌,신호위반,건조,맑음,교차로 - 교차로안,승용,여,26세,상해없음,승용,남,55세,경상
2016021000100141,2016년 2월 10일 12시,수요일,충청남도 공주시 우성면,중상사고,0,1,0,0,차대차 - 측면충돌,안전운전불이행,건조,맑음,교차로 - 교차로안,승용,남,27세,상해없음,화물,남,61세,중상
2016021000100168,2016년 2월 10일 13시,수요일,충청남도 논산시 강산동,중상사고,0,2,5,0,차대차 - 정면충돌,안전운전불이행,건조,맑음,교차로 - 교차로부근,승용,남,40세,상해없음,승용,남,49세,경상
2016021000100169,2016년 2월 10일 13시,수요일,충청남도 당진시 채운동,경상사고,0,0,1,0,차대차 - 정면충돌,중앙선침범,건조,맑음,교차로 - 교차로안,화물,남,49세,상해없음,승용,남,66세,경상
2016021000100197,2016년 2월 10일 14시,수요일,충청남도 아산시 배방읍,중상사고,0,1,0,0,차대차 - 측면충돌,신호위반,건조,맑음,교차로 - 교차로안,승용,남,31세,상해없음,승용,여,29세,중상
2016021000100198,2016년 2월 10일 14시,수요일,충청남도 아산시 인주면,경상사고,0,0,1,0,차대차 - 추돌,안전운전불이행,건조,맑음,단일로 - 기타,화물,남,56세,상해없음,화물,남,50세,기타불명
2016021000100224,2016년 2월 10일 15시,수요일,충청남도 논산시 내동,중상사고,0,1,0,0,차대차 - 측면충돌,직진우회전진행방해,건조,맑음,교차로 - 교차로안,승용,여,58세,상해없음,이륜,여,49세,중상
2016021000100256,2016년 2월 10일 16시,수요일,충청남도 예산군 예산읍,사망사고,1,0,3,0,차대차 - 측면직각충돌,신호위반,건조,맑음,교차로 - 교차로안,승용,남,42세,경상,승용,남,51세,경상
2016021000100337,2016년 2월 10일 19시,수요일,충청남도 천안시 서북구 쌍용동,경상사고,0,0,1,0,차대차 - 기타,차로위반,건조,맑음,교차로 - 교차로부근,승용,여,49세,기타불명,승합,남,58세,상해없음
2016021000100338,2016년 2월 10일 19시,수요일,충청남도 보령시 남곡동,중상사고,0,2,0,0,차대차 - 정면충돌,중앙선침범,건조,맑음,단일로 - 기타,승합,남,18세,상해없음,승용,남,38세,중상
2016021000100339,2016년 2월 10일 19시,수요일,충청남도 당진시 정미면,경상사고,0,0,1,0,차대사람 - 횡단중,안전운전불이행,건조,맑음,단일로 - 기타,승용,여,47세,상해없음,보행자,남,40세,경상
2016021100100010,2016년 2월 11일 00시,목요일,충청남도 천안시 동남구 북면,중상사고,0,1,0,0,차대차 - 추돌,안전운전불이행,건조,맑음,단일로 - 기타,승용,남,56세,중상,화물,남,44세,상해없음
2016021100100108,2016년 2월 11일 09시,목요일,충청남도 금산군 추부면,경상사고,0,0,1,0,차대차 - 추돌,기타,건조,맑음,교차로 - 교차로안,승용,여,51세,상해없음,승용,여,60세,경상
2016021100100160,2016년 2월 11일 12시,목요일,충청남도 천안시 서북구 성환읍,중상사고,0,1,1,0,차대차 - 측면충돌,신호위반,건조,맑음,교차로 - 교차로안,승용,남,42세,상해없음,승용,남,62세,경상
2016021100100176,2016년 2월 11일 13시,목요일,충청남도 아산시 모종동,경상사고,0,0,1,0,차대사람 - 기타,안전운전불이행,건조,맑음,단일로 - 기타,승용,여,65세,상해없음,보행자,남,46세,경상
2016021100100204,2016년 2월 11일 14시,목요일,충청남도 보령시 대천동,중상사고,0,1,0,0,차대사람 - 횡단중,보행자보호의무위반,건조,맑음,교차로 - 교차로부근,승용,남,55세,상해없음,보행자,여,65세,중상
2016021100100205,2016년 2월 11일 14시,목요일,충청남도 보령시 대천동,중상사고,0,1,2,0,차대차 - 측면직각충돌,직진우회전진행방해,건조,맑음,교차로 - 교차로안,승용,남,25세,경상,승용,여,21세,중상
2016021100100232,2016년 2월 11일 15시,목요일,충청남도 아산시 풍기동,경상사고,0,0,2,0,차대차 - 추돌,안전운전불이행,건조,맑음,단일로 - 기타,화물,남,49세,상해없음,승용,여,28세,경상
2016021100100254,2016년 2월 11일 16시,목요일,충청남도 금산군 부리면,사망사고,1,0,0,0,차량단독 - 전도전복,안전운전불이행,건조,맑음,교차로 - 교차로안,농기계,남,59세,사망,,,,
2016021100100285,2016년 2월 11일 17시,목요일,충청남도 천안시 서북구 성정동,경상사고,0,0,1,0,차대차 - 측면직각충돌,차로위반,건조,맑음,단일로 - 기타,원동기,남,51세,상해없음,승용,여,28세,경상
2016021100100286,2016년 2월 11일 17시,목요일,충청남도 아산시 배미동,중상사고,0,1,0,0,차대사람 - 횡단중,안전운전불이행,건조,맑음,단일로 - 기타,승용,남,47세,상해없음,보행자,여,83세,중상
2016021100100389,2016년 2월 11일 21시,목요일,충청남도 논산시 연무읍,사망사고,1,0,0,0,차대사람 - 횡단중,안전운전불이행,건조,흐림,교차로 - 교차로안,승용,남,53세,상해없음,보행자,남,59세,사망
2016021100100390,2016년 2월 11일 21시,목요일,충청남도 논산시 내동,중상사고,0,1,0,0,차대사람 - 횡단중,보행자보호의무위반,건조,흐림,교차로 - 교차로부근,이륜,남,21세,상해없음,보행자,여,16세,중상
2016021100100407,2016년 2월 11일 22시,목요일,충청남도 서산시 석림동,중상사고,0,1,0,0,차대사람 - 횡단중,안전운전불이행,건조,맑음,교차로 - 교차로부근,승용,남,57세,상해없음,보행자,남,61세,중상
2016021100100408,2016년 2월 11일 22시,목요일,충청남도 아산시 음봉면,경상사고,0,0,1,0,차대차 - 정면충돌,신호위반,건조,맑음,교차로 - 교차로안,승용,남,44세,상해없음,승용,남,31세,경상
2016021200100104,2016년 2월 12일 06시,금요일,충청남도 천안시 동남구 성황동,사망사고,1,0,0,0,차대사람 - 횡단중,안전운전불이행,습기,비,교차로 - 교차로부근,승용,남,58세,상해없음,보행자,여,75세,사망
2016021200100147,2016년 2월 12일 08시,금요일,충청남도 논산시 내동,경상사고,0,0,1,0,차대차 - 추돌,안전운전불이행,습기,비,단일로 - 기타,승용,남,56세,상해없음,승용,여,40세,경상
2016021200100164,2016년 2월 12일 09시,금요일,충청남도 예산군 덕산면,중상사고,0,1,0,0,차대차 - 정면충돌,중앙선침범,습기,비,교차로 - 교차로부근,화물,남,39세,상해없음,승용,여,38세,중상
2016021200100179,2016년 2월 12일 10시,금요일,충청남도 논산시 연무읍,경상사고,0,0,1,0,차대차 - 측면충돌,신호위반,습기,비,교차로 - 교차로안,승용,남,66세,상해없음,승용,남,63세,경상
2016021200100204,2016년 2월 12일 11시,금요일,충청남도 논산시 성동면,경상사고,0,0,2,0,차대차 - 추돌,안전운전불이행,건조,맑음,교차로 - 교차로부근,승용,남,25세,상해없음,승용,남,60세,경상
2016021200100205,2016년 2월 12일 11시,금요일,충청남도 아산시 온천동,중상사고,0,1,0,0,차대사람 - 횡단중,안전운전불이행,습기,비,교차로 - 교차로부근,승용,여,54세,상해없음,보행자,여,88세,중상
2016021200100206,2016년 2월 12일 11시,금요일,충청남도 천안시 동남구 청당동,경상사고,0,0,2,0,차대차 - 추돌,기타,습기,비,기타 - 기타,승용,남,76세,기타불명,승합,남,35세,경상
2016021200100223,2016년 2월 12일 12시,금요일,충청남도 서산시 운산면,경상사고,0,0,2,0,차대차 - 정면충돌,차로위반,기타,안개,교차로 - 교차로부근,승용,여,58세,경상,승합,남,36세,상해없음
2016021200100224,2016년 2월 12일 12시,금요일,충청남도 아산시 온천동,경상사고,0,0,2,0,차대차 - 측면충돌,안전운전불이행,건조,맑음,기타 - 기타,승합,남,43세,상해없음,승용,여,37세,경상
2016021200100225,2016년 2월 12일 12시,금요일,충청남도 아산시 염치읍,중상사고,0,1,0,0,차대차 - 추돌,안전운전불이행,건조,흐림,교차로 - 교차로부근,승용,남,66세,상해없음,승용,여,50세,중상
2016021200100249,2016년 2월 12일 13시,금요일,충청남도 서산시 동문동,경상사고,0,0,1,0,차대차 - 정면충돌,안전운전불이행,건조,맑음,교차로 - 교차로부근,자전거,여,61세,경상,승용,남,73세,상해없음
2016021200100250,2016년 2월 12일 13시,금요일,충청남도 천안시 서북구 성정동,경상사고,0,0,1,0,차대차 - 측면직각충돌,신호위반,건조,맑음,교차로 - 교차로안,승용,남,37세,상해없음,원동기,남,43세,경상
2016021200100317,2016년 2월 12일 16시,금요일,충청남도 천안시 서북구 두정동,경상사고,0,0,1,0,차대차 - 측면직각충돌,신호위반,건조,맑음,교차로 - 교차로안,승용,여,31세,상해없음,승용,남,32세,경상
2016021200100365,2016년 2월 12일 18시,금요일,충청남도 홍성군 홍북면,경상사고,0,0,1,0,차대차 - 측면충돌,안전거리미확보,습기,맑음,단일로 - 기타,승합,남,68세,상해없음,승용,남,31세,경상
2016021200100367,2016년 2월 12일 18시,금요일,충청남도 당진시 신평면,중상사고,0,1,0,0,차대차 - 측면직각충돌,중앙선침범,건조,맑음,단일로 - 기타,승용,남,55세,상해없음,승용,여,35세,중상
2016021200100368,2016년 2월 12일 18시,금요일,충청남도 천안시 동남구 유량동,경상사고,0,0,1,0,차대차 - 정면충돌,안전운전불이행,습기,비,단일로 - 기타,승용,여,50세,상해없음,승용,남,40세,경상
2016021200100413,2016년 2월 12일 19시,금요일,충청남도 계룡시 금암동,중상사고,0,1,0,0,차대사람 - 횡단중,안전운전불이행,습기,비,교차로 - 교차로안,승용,남,57세,상해없음,보행자,남,26세,중상
2016021200100414,2016년 2월 12일 19시,금요일,충청남도 아산시 풍기동,경상사고,0,0,1,0,차대차 - 추돌,안전운전불이행,건조,맑음,교차로 - 교차로안,승용,남,57세,상해없음,승합,여,44세,경상
2016021200100415,2016년 2월 12일 19시,금요일,충청남도 당진시 읍내리,경상사고,0,0,1,0,차대차 - 측면직각충돌,안전운전불이행,건조,맑음,단일로 - 기타,승용,남,51세,상해없음,승용,남,30세,경상
2016021200100506,2016년 2월 12일 21시,금요일,충청남도 보령시 성주면,중상사고,0,1,0,0,차대사람 - 기타,안전운전불이행,습기,비,단일로 - 기타,승합,남,55세,상해없음,보행자,남,55세,중상
2016021200100543,2016년 2월 12일 22시,금요일,충청남도 서산시 예천동,경상사고,0,0,1,0,차대차 - 정면충돌,안전운전불이행,습기,비,교차로 - 교차로부근,승용,남,37세,상해없음,승용,남,37세,경상
2016021300100013,2016년 2월 13일 00시,토요일,충청남도 아산시 온천동,경상사고,0,0,1,0,차대차 - 추돌,안전운전불이행,습기,흐림,교차로 - 교차로부근,승용,남,38세,상해없음,승용,남,48세,경상
2016021300100014,2016년 2월 13일 00시,토요일,충청남도 아산시 배미동,경상사고,0,0,1,0,차대차 - 기타,안전운전불이행,습기,비,교차로 - 교차로안,승용,남,16세,상해없음,승용,남,41세,경상
2016021300100036,2016년 2월 13일 01시,토요일,충청남도 천안시 서북구 성정동,경상사고,0,0,1,0,차대차 - 측면직각충돌,직진우회전진행방해,습기,비,교차로 - 교차로부근,승용,남,22세,상해없음,승용,남,24세,경상
2016021300100090,2016년 2월 13일 05시,토요일,충청남도 서산시 예천동,경상사고,0,0,1,0,차대차 - 정면충돌,신호위반,건조,맑음,교차로 - 교차로안,승용,남,24세,상해없음,승용,남,31세,경상
2016021300100100,2016년 2월 13일 06시,토요일,충청남도 당진시 읍내리,경상사고,0,0,1,0,차대차 - 추돌,교차로운행방법위반,습기,비,교차로 - 교차로안,승용,여,38세,상해없음,승용,여,57세,경상
2016021300100110,2016년 2월 13일 07시,토요일,충청남도 아산시 온천동,중상사고,0,1,0,0,차대사람 - 횡단중,안전운전불이행,습기,흐림,교차로 - 교차로안,승용,남,54세,상해없음,보행자,여,73세,중상
2016021300100125,2016년 2월 13일 08시,토요일,충청남도 천안시 서북구 직산읍,중상사고,0,1,0,0,차대차 - 추돌,중앙선침범,습기,흐림,단일로 - 기타,승용,여,58세,상해없음,승용,남,57세,중상
2016021300100126,2016년 2월 13일 08시,토요일,충청남도 천안시 동남구 성황동,경상사고,0,0,1,0,차대차 - 측면충돌,기타,습기,흐림,교차로 - 교차로안,자전거,남,61세,경상,승용,남,26세,상해없음
2016021300100137,2016년 2월 13일 09시,토요일,충청남도 천안시 서북구 성정동,경상사고,0,0,1,0,차대차 - 추돌,안전운전불이행,건조,맑음,단일로 - 기타,화물,남,57세,기타불명,승용,남,55세,상해없음
2016021300100158,2016년 2월 13일 10시,토요일,충청남도 아산시 영인면,중상사고,0,1,0,0,차대차 - 측면충돌,안전운전불이행,건조,맑음,단일로 - 기타,이륜,남,62세,중상,승용,남,52세,상해없음
2016021300100187,2016년 2월 13일 11시,토요일,충청남도 부여군 석성면,경상사고,0,0,4,0,차대차 - 측면충돌,직진우회전진행방해,건조,맑음,교차로 - 교차로안,화물,남,60세,상해없음,승용,여,26세,경상
2016021300100224,2016년 2월 13일 13시,토요일,충청남도 예산군 덕산면,중상사고,0,1,0,0,차대차 - 측면직각충돌,신호위반,건조,흐림,교차로 - 교차로안,승용,여,46세,상해없음,승용,여,51세,중상
2016021300100225,2016년 2월 13일 13시,토요일,충청남도 천안시 동남구 청당동,경상사고,0,0,1,0,차대차 - 측면충돌,기타,습기,비,교차로 - 교차로안,승용,남,49세,상해없음,승용,여,48세,경상
2016021300100236,2016년 2월 13일 14시,토요일,충청남도 태안군 고남면,중상사고,0,1,0,0,차대차 - 측면직각충돌,안전운전불이행,건조,흐림,단일로 - 기타,화물,여,54세,상해없음,원동기,여,71세,중상
2016021300100281,2016년 2월 13일 16시,토요일,충청남도 아산시 온천동,경상사고,0,0,1,0,차대차 - 정면충돌,신호위반,습기,비,교차로 - 교차로안,승용,여,45세,상해없음,승용,여,60세,경상
2016021300100309,2016년 2월 13일 17시,토요일,충청남도 서천군 마서면,부상신고사고,0,0,0,2,차대차 - 측면충돌,직진우회전진행방해,습기,비,교차로 - 교차로안,승용,남,39세,상해없음,승합,남,44세,부상신고
2016021300100357,2016년 2월 13일 18시,토요일,충청남도 천안시 서북구 두정동,사망사고,1,0,0,0,차대사람 - 횡단중,안전운전불이행,습기,비,단일로 - 기타,승용,남,41세,상해없음,보행자,여,60세,사망
2016021300100395,2016년 2월 13일 19시,토요일,충청남도 천안시 동남구 신부동,중상사고,0,1,0,0,차대사람 - 횡단중,안전운전불이행,습기,비,단일로 - 횡단보도부근,승용,남,32세,상해없음,보행자,남,59세,중상
2016021300100436,2016년 2월 13일 20시,토요일,충청남도 천안시 동남구 신부동,경상사고,0,0,4,0,차대사람 - 횡단중,신호위반,습기,비,교차로 - 교차로안,승합,남,50세,상해없음,보행자,남,26세,경상
2016021300100462,2016년 2월 13일 21시,토요일,충청남도 서산시 해미면,중상사고,0,1,2,0,차대차 - 측면직각충돌,교차로운행방법위반,습기,비,교차로 - 교차로안,승용,남,29세,경상,화물,남,52세,경상
2016021300100463,2016년 2월 13일 21시,토요일,충청남도 논산시 연산면,경상사고,0,0,4,0,차대차 - 추돌,안전운전불이행,습기,비,교차로 - 교차로부근,승용,남,65세,상해없음,승용,남,66세,경상
2016021300100464,2016년 2월 13일 21시,토요일,충청남도 예산군 덕산면,중상사고,0,1,3,0,차대차 - 측면직각충돌,중앙선침범,습기,흐림,단일로 - 기타,승용,여,56세,경상,승용,여,60세,중상
2016021300100465,2016년 2월 13일 21시,토요일,충청남도 당진시 대덕리,경상사고,0,0,2,0,차대차 - 측면직각충돌,신호위반,습기,흐림,교차로 - 교차로안,승용,여,34세,경상,화물,남,51세,경상
2016021300100466,2016년 2월 13일 21시,토요일,충청남도 천안시 동남구 대흥동,중상사고,0,1,0,0,차대사람 - 횡단중,안전운전불이행,습기,비,교차로 - 교차로부근,승용,남,48세,상해없음,보행자,남,47세,중상
2016021300100496,2016년 2월 13일 22시,토요일,충청남도 천안시 서북구 직산읍,부상신고사고,0,0,0,1,차량단독 - 전도전복,안전운전불이행,습기,비,교차로 - 교차로안,승용,남,54세,부상신고,,,,
2016021300100517,2016년 2월 13일 23시,토요일,충청남도 천안시 서북구 성거읍,경상사고,0,0,1,0,차대차 - 추돌,안전운전불이행,건조,맑음,단일로 - 기타,승용,여,28세,상해없음,승용,남,28세,경상
2016021400100136,2016년 2월 14일 11시,일요일,충청남도 공주시 신관동,중상사고,0,2,0,0,차대차 - 측면직각충돌,교차로운행방법위반,건조,맑음,교차로 - 교차로안,승용,남,22세,기타불명,승용,남,59세,중상
2016021400100197,2016년 2월 14일 15시,일요일,충청남도 공주시 반포면,중상사고,0,2,0,0,차대차 - 추돌,과속,건조,맑음,단일로 - 기타,승용,남,46세,기타불명,승용,남,53세,중상
2016021400100198,2016년 2월 14일 15시,일요일,충청남도 천안시 동남구 원성동,경상사고,0,0,2,0,차대차 - 정면충돌,안전운전불이행,건조,맑음,단일로 - 기타,승용,여,64세,경상,승용,남,40세,경상
2016021400100234,2016년 2월 14일 17시,일요일,충청남도 천안시 동남구 삼룡동,경상사고,0,0,2,0,차대차 - 추돌,안전운전불이행,건조,맑음,교차로 - 교차로안,승용,여,48세,기타불명,승용,남,19세,경상
2016021400100272,2016년 2월 14일 18시,일요일,충청남도 서천군 서천읍,중상사고,0,1,2,0,차대차 - 측면충돌,신호위반,건조,맑음,교차로 - 교차로안,승용,남,55세,상해없음,승용,여,60세,중상
2016021400100273,2016년 2월 14일 18시,일요일,충청남도 부여군 부여읍,경상사고,0,0,1,0,차대사람 - 횡단중,안전운전불이행,건조,맑음,단일로 - 기타,승용,남,61세,상해없음,보행자,남,66세,경상
2016021400100293,2016년 2월 14일 19시,일요일,충청남도 서산시 대산읍,경상사고,0,0,1,0,차량단독 - 전도전복,안전운전불이행,건조,맑음,교차로 - 교차로부근,승용,남,26세,경상,,,,
2016021500100011,2016년 2월 15일 01시,월요일,충청남도 천안시 동남구 삼룡동,경상사고,0,0,2,0,차대차 - 정면충돌,신호위반,건조,맑음,교차로 - 교차로안,승용,남,44세,경상,화물,남,37세,경상
2016021500100040,2016년 2월 15일 06시,월요일,충청남도 홍성군 광천읍,중상사고,0,1,0,0,차대사람 - 횡단중,안전운전불이행,건조,맑음,교차로 - 교차로안,승합,여,48세,상해없음,보행자,남,80세,중상
2016021500100056,2016년 2월 15일 07시,월요일,충청남도 서산시 지곡면,중상사고,0,1,0,0,차대차 - 정면충돌,신호위반,건조,맑음,교차로 - 교차로안,화물,남,53세,상해없음,화물,남,70세,중상
2016021500100087,2016년 2월 15일 08시,월요일,충청남도 태안군 태안읍,경상사고,0,0,1,0,차대차 - 정면충돌,안전거리미확보,건조,흐림,교차로 - 교차로안,이륜,남,67세,경상,승용,여,52세,상해없음
2016021500100088,2016년 2월 15일 08시,월요일,충청남도 서산시 동문동,경상사고,0,0,1,0,차대차 - 정면충돌,교차로운행방법위반,건조,맑음,교차로 - 교차로안,승용,남,44세,상해없음,승용,여,42세,경상
2016021500100089,2016년 2월 15일 08시,월요일,충청남도 서천군 서천읍,중상사고,0,1,0,0,차대사람 - 횡단중,신호위반,건조,맑음,교차로 - 교차로안,승용,남,52세,상해없음,보행자,여,69세,중상
2016021500100090,2016년 2월 15일 08시,월요일,충청남도 공주시 신관동,사망사고,1,0,2,0,차대차 - 정면충돌,신호위반,건조,맑음,교차로 - 교차로안,건설기계,남,60세,사망,승용,여,55세,경상