사고번호,사고일시,요일,시군구,사고내용,사망자수,중상자수,경상자수,부상신고자수,사고유형,법규위반,노면상태,기상상태,도로형태,가해운전자 차종,가해운전자 성별,가해운전자 연령,가해운전자 상해정도,피해운전자 차종,피해운전자 성별,피해운전자 연령,피해운전자 상해정도
2016030300100411,2016년 3월 3일 18시,목요일,충청남도 태안군 태안읍,중상사고,0,1,0,0,차대사람 - 횡단중,보행자보호의무위반,건조,맑음,교차로 - 교차로안,승용,남,56세,상해없음,보행자,여,15세,중상
2016030300100412,2016년 3월 3일 18시,목요일,충청남도 공주시 산성동,중상사고,0,1,0,0,차대사람 - 횡단중,안전운전불이행,건조,맑음,단일로 - 기타,이륜,남,17세,기타불명,보행자,남,70세,중상
2016030300100413,2016년 3월 3일 18시,목요일,충청남도 부여군 은산면,경상사고,0,0,1,0,차대차 - 측면충돌,직진우회전진행방해,건조,맑음,교차로 - 교차로안,승용,남,41세,상해없음,이륜,남,34세,경상
2016030300100463,2016년 3월 3일 19시,목요일,충청남도 서산시 부석면,중상사고,0,1,1,0,차대차 - 측면충돌,안전거리미확보,건조,맑음,기타 - 기타,승용,여,54세,상해없음,승용,남,57세,경상
2016030300100464,2016년 3월 3일 19시,목요일,충청남도 예산군 신암면,사망사고,1,0,0,0,차대사람 - 횡단중,안전운전불이행,건조,맑음,단일로 - 기타,승용,남,38세,상해없음,보행자,여,82세,사망
2016030300100497,2016년 3월 3일 20시,목요일,충청남도 천안시 서북구 성정동,경상사고,0,0,1,0,차대사람 - 기타,안전운전불이행,건조,맑음,단일로 - 기타,승용,남,31세,기타불명,보행자,남,38세,경상
2016030300100531,2016년 3월 3일 21시,목요일,충청남도 태안군 태안읍,경상사고,0,0,1,0,차대차 - 정면충돌,중앙선침범,건조,맑음,기타 - 기타,승용,남,33세,상해없음,승용,남,41세,경상
2016030300100574,2016년 3월 3일 23시,목요일,충청남도 아산시 탕정면,중상사고,0,1,1,0,차대사람 - 횡단중,안전운전불이행,건조,맑음,단일로 - 기타,이륜,남,35세,경상,보행자,남,22세,중상
2016030300100575,2016년 3월 3일 23시,목요일,충청남도 당진시 송산면,중상사고,0,1,1,0,차량단독 - 전도전복,안전운전불이행,건조,기타,단일로 - 기타,승용,남,23세,중상,,,,
2016030400100024,2016년 3월 4일 00시,금요일,충청남도 천안시 서북구 쌍용동,중상사고,0,1,2,0,차대차 - 기타,차로위반,건조,맑음,단일로 - 기타,승용,남,62세,상해없음,승용,남,38세,경상
2016030400100025,2016년 3월 4일 00시,금요일,충청남도 아산시 모종동,경상사고,0,0,2,0,차대차 - 측면충돌,안전운전불이행,건조,맑음,단일로 - 기타,승용,남,32세,상해없음,승용,남,22세,경상
2016030400100083,2016년 3월 4일 06시,금요일,충청남도 태안군 태안읍,경상사고,0,0,1,0,차대차 - 추돌,안전운전불이행,건조,맑음,기타 - 기타,승용,남,51세,상해없음,이륜,남,51세,경상
2016030400100101,2016년 3월 4일 07시,금요일,충청남도 서산시 대산읍,중상사고,0,1,0,0,차대차 - 측면충돌,신호위반,건조,맑음,교차로 - 교차로안,승용,남,53세,상해없음,승용,남,53세,상해없음
2016030400100203,2016년 3월 4일 10시,금요일,충청남도 서산시 대산읍,중상사고,0,1,1,0,차대차 - 추돌,안전거리미확보,건조,맑음,교차로 - 교차로부근,화물,남,65세,중상,화물,남,63세,경상
2016030400100204,2016년 3월 4일 10시,금요일,충청남도 천안시 동남구 원성동,경상사고,0,0,1,0,차대사람 - 길가장자리구역통행중,안전운전불이행,건조,맑음,교차로 - 교차로안,화물,남,64세,상해없음,보행자,여,38세,경상
2016030400100232,2016년 3월 4일 11시,금요일,충청남도 계룡시 신도안면,중상사고,0,1,0,0,차대사람 - 차도통행중,안전운전불이행,건조,맑음,단일로 - 기타,승용,여,48세,상해없음,보행자,여,72세,중상
2016030400100299,2016년 3월 4일 13시,금요일,충청남도 논산시 반월동,중상사고,0,1,0,0,차대사람 - 보도통행중,기타,건조,맑음,기타 - 기타,승용,여,46세,상해없음,보행자,남,7세,중상
2016030400100300,2016년 3월 4일 13시,금요일,충청남도 아산시 온천동,경상사고,0,0,1,0,차대사람 - 기타,안전운전불이행,건조,흐림,단일로 - 기타,화물,남,59세,기타불명,보행자,여,63세,경상
2016030400100335,2016년 3월 4일 14시,금요일,충청남도 서산시 동문동,중상사고,0,1,0,0,차대사람 - 차도통행중,안전운전불이행,건조,맑음,교차로 - 교차로부근,승용,남,41세,상해없음,보행자,여,45세,중상
2016030400100336,2016년 3월 4일 14시,금요일,충청남도 천안시 서북구 신당동,중상사고,0,1,0,0,차량단독 - 기타,안전운전불이행,건조,맑음,교차로 - 교차로부근,승합,남,56세,상해없음,,,,
2016030400100463,2016년 3월 4일 18시,금요일,충청남도 태안군 소원면,경상사고,0,0,1,0,차대차 - 정면충돌,중앙선침범,건조,맑음,단일로 - 기타,승용,남,66세,상해없음,승용,남,26세,경상
2016030400100464,2016년 3월 4일 18시,금요일,충청남도 서산시 갈산동,경상사고,0,0,1,0,차대차 - 추돌,안전운전불이행,건조,맑음,단일로 - 기타,승용,남,45세,경상,화물,남,39세,기타불명
2016030400100465,2016년 3월 4일 18시,금요일,충청남도 아산시 음봉면,경상사고,0,0,1,0,차대차 - 추돌,안전운전불이행,건조,맑음,단일로 - 기타,승용,남,41세,상해없음,승용,남,47세,경상
2016030400100466,2016년 3월 4일 18시,금요일,충청남도 부여군 부여읍,경상사고,0,0,2,0,차대사람 - 횡단중,안전운전불이행,건조,맑음,교차로 - 교차로부근,승용,남,54세,상해없음,보행자,남,50세,경상
2016030400100510,2016년 3월 4일 19시,금요일,충청남도 천안시 서북구 성성동,경상사고,0,0,1,0,차대차 - 추돌,안전운전불이행,습기,비,교차로 - 교차로부근,승용,여,40세,상해없음,승용,남,42세,경상
2016030400100511,2016년 3월 4일 19시,금요일,충청남도 아산시 배방읍,중상사고,0,1,0,0,차대사람 - 횡단중,안전운전불이행,건조,맑음,기타 - 기타,승합,남,69세,상해없음,보행자,남,19세,중상
2016030400100512,2016년 3월 4일 19시,금요일,충청남도 청양군 화성면,경상사고,0,0,2,0,차량단독 - 공작물충돌,안전운전불이행,습기,흐림,단일로 - 기타,승용,여,39세,경상,,,,
2016030400100513,2016년 3월 4일 19시,금요일,충청남도 천안시 동남구 신방동,경상사고,0,0,2,0,차대차 - 정면충돌,안전운전불이행,습기,비,단일로 - 기타,승용,여,47세,상해없음,승용,여,43세,경상
2016030400100563,2016년 3월 4일 20시,금요일,충청남도 태안군 태안읍,경상사고,0,0,2,0,차대차 - 정면충돌,중앙선침범,건조,맑음,교차로 - 교차로부근,승용,여,63세,상해없음,승용,남,36세,경상
2016030400100564,2016년 3월 4일 20시,금요일,충청남도 천안시 동남구 수신면,중상사고,0,1,0,0,차대차 - 추돌,안전운전불이행,습기,비,단일로 - 기타,승용,남,40세,중상,건설기계,남,50세,상해없음
2016030400100626,2016년 3월 4일 22시,금요일,충청남도 아산시 음봉면,경상사고,0,0,2,0,차대차 - 추돌,안전운전불이행,습기,비,교차로 - 교차로부근,승용,남,33세,상해없음,승용,남,44세,경상
2016030400100627,2016년 3월 4일 22시,금요일,충청남도 아산시 득산동,경상사고,0,0,1,0,차대차 - 추돌,안전운전불이행,습기,비,단일로 - 기타,승용,남,29세,상해없음,승합,남,65세,경상
2016030500100070,2016년 3월 5일 01시,토요일,충청남도 아산시 온천동,경상사고,0,0,1,0,차대차 - 측면충돌,교차로운행방법위반,건조,맑음,교차로 - 교차로안,승용,남,38세,기타불명,화물,남,61세,경상
2016030500100112,2016년 3월 5일 03시,토요일,충청남도 천안시 서북구 백석동,경상사고,0,0,1,0,차대차 - 기타,신호위반,건조,맑음,교차로 - 교차로부근,승용,남,26세,상해없음,승용,남,39세,경상
2016030500100167,2016년 3월 5일 07시,토요일,충청남도 천안시 동남구 다가동,경상사고,0,0,3,0,차대차 - 측면충돌,안전운전불이행,건조,맑음,교차로 - 교차로안,승용,남,33세,상해없음,승용,남,44세,경상
2016030500100218,2016년 3월 5일 10시,토요일,충청남도 서천군 마서면,경상사고,0,0,1,0,차량단독 - 전도전복,안전운전불이행,건조,맑음,단일로 - 기타,원동기,남,67세,경상,,,,
2016030500100248,2016년 3월 5일 11시,토요일,충청남도 공주시 금성동,경상사고,0,0,1,0,차대차 - 측면충돌,안전운전불이행,건조,흐림,교차로 - 교차로안,승합,남,58세,상해없음,승용,남,59세,상해없음
2016030500100249,2016년 3월 5일 11시,토요일,충청남도 금산군 금산읍,경상사고,0,0,1,0,차대차 - 정면충돌,중앙선침범,건조,흐림,단일로 - 기타,승용,남,72세,상해없음,이륜,남,37세,경상
2016030500100303,2016년 3월 5일 13시,토요일,충청남도 천안시 서북구 성정동,경상사고,0,0,1,0,차대사람 - 횡단중,신호위반,습기,비,단일로 - 횡단보도상,승용,여,60세,기타불명,보행자,여,42세,경상
2016030500100329,2016년 3월 5일 14시,토요일,충청남도 천안시 서북구 성정동,경상사고,0,0,1,0,차대차 - 측면직각충돌,안전운전불이행,건조,흐림,단일로 - 기타,승용,남,26세,상해없음,원동기,남,24세,경상
2016030500100355,2016년 3월 5일 15시,토요일,충청남도 천안시 서북구 백석동,경상사고,0,0,2,0,차대차 - 추돌,안전운전불이행,건조,맑음,단일로 - 기타,승용,여,26세,경상,승합,남,40세,경상
2016030500100356,2016년 3월 5일 15시,토요일,충청남도 당진시 합덕읍,경상사고,0,0,1,0,차대차 - 기타,교차로운행방법위반,습기,비,교차로 - 교차로안,화물,남,65세,상해없음,승용,남,29세,상해없음
2016030500100411,2016년 3월 5일 17시,토요일,충청남도 예산군 응봉면,중상사고,0,2,0,0,차량단독 - 공작물충돌,안전운전불이행,습기,비,단일로 - 기타,이륜,남,68세,중상,,,,
2016030500100452,2016년 3월 5일 18시,토요일,충청남도 서산시 읍내동,경상사고,0,0,1,0,차대사람 - 기타,보행자보호의무위반,건조,맑음,교차로 - 교차로안,승용,여,47세,상해없음,보행자,남,36세,경상
2016030500100453,2016년 3월 5일 18시,토요일,충청남도 아산시 탕정면,중상사고,0,1,0,0,차대사람 - 차도통행중,안전운전불이행,건조,맑음,단일로 - 기타,승용,남,27세,상해없음,보행자,남,54세,중상
2016030500100454,2016년 3월 5일 18시,토요일,충청남도 예산군 대술면,경상사고,0,0,2,0,차대차 - 추돌,안전운전불이행,습기,비,교차로 - 교차로부근,화물,남,44세,상해없음,승용,남,50세,경상
2016030500100506,2016년 3월 5일 19시,토요일,충청남도 논산시 상월면,경상사고,0,0,2,0,차량단독 - 전도전복,안전운전불이행,습기,비,교차로 - 교차로안,화물,남,62세,경상,,,,
2016030500100541,2016년 3월 5일 20시,토요일,충청남도 천안시 서북구 성정동,중상사고,0,1,1,0,차대차 - 측면충돌,중앙선침범,습기,비,단일로 - 기타,승용,남,39세,상해없음,승용,남,32세,경상
2016030500100542,2016년 3월 5일 20시,토요일,충청남도 천안시 서북구 불당동,경상사고,0,0,1,0,차대차 - 측면충돌,안전운전불이행,습기,비,교차로 - 교차로안,승용,여,41세,상해없음,이륜,남,34세,경상
2016030500100543,2016년 3월 5일 20시,토요일,충청남도 서천군 서천읍,중상사고,0,1,0,0,차대사람 - 길가장자리구역통행중,안전운전불이행,습기,비,교차로 - 교차로안,승용,여,52세,상해없음,보행자,남,47세,중상
2016030500100544,2016년 3월 5일 20시,토요일,충청남도 공주시 동현동,경상사고,0,0,2,0,차대차 - 정면충돌,안전운전불이행,습기,비,단일로 - 기타,승용,여,64세,경상,화물,남,49세,상해없음
2016030500100545,2016년 3월 5일 20시,토요일,충청남도 부여군 부여읍,중상사고,0,1,0,0,차대사람 - 횡단중,보행자보호의무위반,습기,비,단일로 - 기타,승용,여,58세,상해없음,보행자,남,54세,중상
2016030500100546,2016년 3월 5일 20시,토요일,충청남도 천안시 동남구 삼룡동,경상사고,0,0,3,0,차대차 - 추돌,안전거리미확보,습기,비,교차로 - 교차로부근,승용,남,31세,상해없음,승용,남,45세,경상
2016030500100580,2016년 3월 5일 21시,토요일,충청남도 계룡시 금암동,경상사고,0,0,2,0,차대차 - 추돌,안전운전불이행,습기,비,단일로 - 기타,승용,남,30세,상해없음,승용,여,47세,경상
2016030500100581,2016년 3월 5일 21시,토요일,충청남도 천안시 동남구 목천읍,경상사고,0,0,2,0,차대차 - 정면충돌,신호위반,습기,비,교차로 - 교차로부근,승용,여,57세,경상,승용,여,27세,경상
2016030500100582,2016년 3월 5일 21시,토요일,충청남도 천안시 동남구 신방동,경상사고,0,0,1,0,차대차 - 기타,안전운전불이행,습기,비,단일로 - 기타,승용,남,45세,기타불명,승용,여,33세,경상
2016030500100613,2016년 3월 5일 22시,토요일,충청남도 아산시 방축동,경상사고,0,0,1,0,차대사람 - 기타,안전운전불이행,습기,비,교차로 - 교차로부근,승용,여,42세,상해없음,보행자,여,20세,경상
2016030500100639,2016년 3월 5일 23시,토요일,충청남도 계룡시 엄사면,경상사고,0,0,1,0,차대차 - 측면충돌,안전운전불이행,습기,비,교차로 - 교차로안,승용,남,67세,상해없음,승용,여,53세,경상
2016030600100010,2016년 3월 6일 00시,일요일,충청남도 천안시 서북구 두정동,경상사고,0,0,2,0,차대차 - 측면충돌,직진우회전진행방해,건조,맑음,교차로 - 교차로안,승용,남,40세,상해없음,승용,여,22세,경상
2016030600100034,2016년 3월 6일 01시,일요일,충청남도 천안시 서북구 와촌동,경상사고,0,0,1,0,차대차 - 측면직각충돌,신호위반,건조,맑음,교차로 - 교차로안,승용,남,33세,상해없음,승용,남,40세,경상
2016030600100072,2016년 3월 6일 04시,일요일,충청남도 당진시 신평면,경상사고,0,0,1,0,차대차 - 측면직각충돌,중앙선침범,건조,맑음,단일로 - 기타,승용,남,36세,상해없음,승용,남,25세,경상
2016030600100082,2016년 3월 6일 05시,일요일,충청남도 아산시 용화동,경상사고,0,0,1,0,차대차 - 정면충돌,신호위반,건조,맑음,교차로 - 교차로안,승용,남,71세,상해없음,승용,남,40세,경상
2016030600100100,2016년 3월 6일 07시,일요일,충청남도 천안시 동남구 원성동,경상사고,0,0,1,0,차대차 - 정면충돌,직진우회전진행방해,건조,맑음,교차로 - 교차로안,화물,남,55세,상해없음,자전거,남,59세,경상
2016030600100204,2016년 3월 6일 13시,일요일,충청남도 태안군 고남면,경상사고,0,0,1,0,차대차 - 정면충돌,교차로운행방법위반,건조,맑음,교차로 - 교차로안,이륜,여,71세,경상,승용,남,52세,상해없음
2016030600100205,2016년 3월 6일 13시,일요일,충청남도 아산시 방축동,중상사고,0,1,0,0,차대차 - 측면충돌,신호위반,건조,맑음,교차로 - 교차로안,승합,여,43세,상해없음,승용,남,74세,상해없음
2016030600100230,2016년 3월 6일 14시,일요일,충청남도 천안시 서북구 백석동,경상사고,0,0,1,0,차대사람 - 횡단중,안전운전불이행,건조,맑음,단일로 - 기타,승용,여,32세,상해없음,보행자,여,5세,경상
2016030600100231,2016년 3월 6일 14시,일요일,충청남도 논산시 취암동,경상사고,0,0,1,0,차대차 - 추돌,안전운전불이행,건조,맑음,단일로 - 기타,승용,남,41세,상해없음,승용,여,55세,경상
2016030600100289,2016년 3월 6일 16시,일요일,충청남도 천안시 동남구 다가동,중상사고,0,1,0,0,차대사람 - 기타,안전운전불이행,건조,맑음,단일로 - 기타,승용,남,54세,기타불명,보행자,여,88세,중상
2016030600100352,2016년 3월 6일 18시,일요일,충청남도 천안시 서북구 성정동,경상사고,0,0,1,0,차대차 - 측면직각충돌,신호위반,건조,맑음,교차로 - 교차로안,승용,남,66세,상해없음,승용,남,36세,경상
2016030600100393,2016년 3월 6일 19시,일요일,충청남도 천안시 동남구 풍세면,중상사고,0,1,0,0,차대차 - 측면직각충돌,안전거리미확보,건조,흐림,기타 - 기타,승용,남,28세,상해없음,승용,남,25세,중상
2016030600100456,2016년 3월 6일 21시,일요일,충청남도 논산시 취암동,중상사고,0,2,0,0,차대차 - 추돌,안전운전불이행,건조,맑음,단일로 - 기타,승용,남,46세,기타불명,승용,여,46세,중상
2016030600100457,2016년 3월 6일 21시,일요일,충청남도 예산군 예산읍,경상사고,0,0,4,0,차대차 - 정면충돌,안전운전불이행,건조,맑음,교차로 - 교차로안,승용,여,27세,상해없음,승용,남,53세,경상
2016030600100477,2016년 3월 6일 22시,일요일,충청남도 서산시 석남동,경상사고,0,0,1,0,차대차 - 정면충돌,신호위반,건조,맑음,교차로 - 교차로안,승용,남,39세,상해없음,승용,남,28세,경상
2016030600100478,2016년 3월 6일 22시,일요일,충청남도 태안군 태안읍,중상사고,0,1,1,0,차대차 - 정면충돌,신호위반,건조,맑음,교차로 - 교차로안,승용,남,34세,상해없음,승용,남,52세,중상
2016030600100497,2016년 3월 6일 23시,일요일,충청남도 공주시 교동,경상사고,0,0,2,1,차대차 - 측면직각충돌,안전운전불이행,건조,맑음,교차로 - 교차로안,이륜,남,17세,부상신고,승용,남,24세,경상
2016030700100157,2016년 3월 7일 10시,월요일,충청남도 천안시 서북구 불당동,경상사고,0,0,4,0,차대차 - 기타,안전운전불이행,건조,맑음,교차로 - 교차로안,승용,남,58세,상해없음,승합,남,47세,상해없음
2016030700100158,2016년 3월 7일 10시,월요일,충청남도 논산시 강경읍,경상사고,0,0,1,0,차대사람 - 횡단중,안전운전불이행,건조,맑음,단일로 - 기타,원동기,남,60세,상해없음,보행자,여,74세,경상
2016030700100159,2016년 3월 7일 10시,월요일,충청남도 예산군 덕산면,중상사고,0,1,1,0,차대차 - 측면충돌,안전운전불이행,건조,맑음,단일로 - 기타,승용,여,61세,경상,화물,남,33세,중상
2016030700100211,2016년 3월 7일 12시,월요일,충청남도 보령시 천북면,경상사고,0,0,1,0,차대차 - 정면충돌,중앙선침범,건조,맑음,단일로 - 기타,승합,남,55세,상해없음,승용,여,28세,경상
2016030700100239,2016년 3월 7일 13시,월요일,충청남도 천안시 서북구 쌍용동,경상사고,0,0,2,0,차대차 - 기타,안전거리미확보,건조,맑음,교차로 - 교차로부근,승용,여,44세,상해없음,승용,여,26세,경상
2016030700100240,2016년 3월 7일 13시,월요일,충청남도 서천군 서천읍,중상사고,0,1,0,0,차대사람 - 기타,안전운전불이행,건조,맑음,기타 - 기타,화물,남,31세,상해없음,보행자,남,69세,중상
2016030700100263,2016년 3월 7일 14시,월요일,충청남도 서천군 장항읍,중상사고,0,1,2,0,차대차 - 측면직각충돌,직진우회전진행방해,건조,맑음,교차로 - 교차로안,화물,남,62세,상해없음,승용,남,45세,경상
2016030700100299,2016년 3월 7일 15시,월요일,충청남도 천안시 서북구 차암동,중상사고,0,1,0,0,차대사람 - 기타,안전운전불이행,건조,맑음,교차로 - 교차로안,승합,남,51세,기타불명,보행자,여,74세,중상
2016030700100330,2016년 3월 7일 16시,월요일,충청남도 당진시 읍내리,경상사고,0,0,1,0,차대차 - 측면충돌,중앙선침범,건조,맑음,단일로 - 기타,승용,여,51세,상해없음,승용,남,58세,상해없음
2016030700100402,2016년 3월 7일 18시,월요일,충청남도 논산시 내동,중상사고,0,1,0,0,차대차 - 측면직각충돌,중앙선침범,건조,맑음,단일로 - 기타,승용,여,32세,상해없음,이륜,남,16세,중상
2016030700100403,2016년 3월 7일 18시,월요일,충청남도 아산시 배방읍,경상사고,0,0,1,0,차대차 - 측면직각충돌,신호위반,건조,맑음,교차로 - 교차로안,승용,남,46세,상해없음,승용,여,29세,경상
2016030700100445,2016년 3월 7일 19시,월요일,충청남도 청양군 남양면,사망사고,1,0,0,0,차대사람 - 기타,안전운전불이행,건조,맑음,단일로 - 기타,승용,여,47세,상해없음,보행자,남,16세,사망
2016030700100446,2016년 3월 7일 19시,월요일,충청남도 천안시 동남구 목천읍,경상사고,0,0,1,0,차대차 - 추돌,교차로운행방법위반,건조,맑음,단일로 - 기타,승용,남,55세,상해없음,이륜,남,26세,경상
2016030700100447,2016년 3월 7일 19시,월요일,충청남도 천안시 동남구 수신면,경상사고,0,0,1,0,차대차 - 측면충돌,교차로운행방법위반,건조,맑음,교차로 - 교차로안,승용,남,27세,경상,화물,남,60세,상해없음
2016030700100477,2016년 3월 7일 20시,월요일,충청남도 천안시 서북구 성정동,중상사고,0,1,0,0,차대차 - 기타,안전운전불이행,건조,맑음,단일로 - 기타,승용,남,38세,상해없음,이륜,남,41세,중상
2016030700100498,2016년 3월 7일 21시,월요일,충청남도 논산시 연산면,중상사고,0,1,0,0,차대사람 - 횡단중,안전운전불이행,건조,맑음,교차로 - 교차로안,승용,여,55세,상해없음,보행자,남,80세,중상
2016030700100499,2016년 3월 7일 21시,월요일,충청남도 보령시 명천동,경상사고,0,0,3,0,차대차 - 정면충돌,안전운전불이행,건조,맑음,교차로 - 교차로안,승용,여,50세,경상,승합,남,39세,경상
2016030700100526,2016년 3월 7일 22시,월요일,충청남도 논산시 내동,경상사고,0,0,1,0,차대차 - 측면충돌,불법유턴,건조,맑음,단일로 - 기타,화물,남,47세,상해없음,원동기,남,17세,경상
2016030800100012,2016년 3월 8일 00시,화요일,충청남도 서산시 음암면,중상사고,0,1,0,0,차대사람 - 횡단중,안전운전불이행,건조,맑음,단일로 - 기타,화물,남,33세,상해없음,보행자,여,57세,중상
2016030800100050,2016년 3월 8일 05시,화요일,충청남도 천안시 서북구 백석동,중상사고,0,1,1,0,차대차 - 기타,안전운전불이행,건조,맑음,교차로 - 교차로안,승용,남,20세,상해없음,승용,남,47세,중상
2016030800100111,2016년 3월 8일 08시,화요일,충청남도 아산시 배방읍,중상사고,0,1,1,0,차대차 - 측면직각충돌,차로위반,건조,맑음,단일로 - 기타,화물,남,48세,상해없음,승용,여,54세,중상
2016030800100159,2016년 3월 8일 10시,화요일,충청남도 천안시 서북구 불당동,경상사고,0,0,1,0,차대차 - 기타,안전운전불이행,건조,맑음,교차로 - 교차로부근,화물,남,57세,상해없음,승용,남,43세,경상
2016030800100179,2016년 3월 8일 11시,화요일,충청남도 천안시 서북구 차암동,경상사고,0,0,1,0,차량단독 - 전도전복,안전운전불이행,건조,맑음,단일로 - 기타,승용,여,46세,경상,,,,
2016030800100180,2016년 3월 8일 11시,화요일,충청남도 홍성군 광천읍,경상사고,0,0,1,0,차대차 - 측면충돌,교차로운행방법위반,건조,맑음,교차로 - 교차로안,승용,남,67세,상해없음,승용,여,50세,경상
2016030800100181,2016년 3월 8일 11시,화요일,충청남도 공주시 교동,중상사고,0,1,0,0,차대차 - 측면직각충돌,기타,건조,맑음,단일로 - 기타,승용,여,58세,상해없음,자전거,여,80세,중상
2016030800100250,2016년 3월 8일 14시,화요일,충청남도 공주시 탄천면,중상사고,0,1,0,0,차대차 - 측면직각충돌,직진우회전진행방해,건조,맑음,교차로 - 교차로안,승용,여,54세,상해없음,승용,여,57세,중상
2016030800100251,2016년 3월 8일 14시,화요일,충청남도 예산군 예산읍,중상사고,0,1,2,0,차대차 - 추돌,안전운전불이행,건조,맑음,교차로 - 교차로부근,화물,남,42세,중상,승합,남,57세,경상
2016030800100311,2016년 3월 8일 16시,화요일,충청남도 천안시 서북구 성정동,경상사고,0,0,4,0,차대차 - 측면충돌,불법유턴,건조,맑음,단일로 - 기타,승용,여,22세,상해없음,승용,남,58세,경상
2016030800100312,2016년 3월 8일 16시,화요일,충청남도 계룡시 엄사면,경상사고,0,0,2,0,차대차 - 측면직각충돌,교차로운행방법위반,건조,맑음,교차로 - 교차로안,화물,남,31세,경상,승용,남,68세,경상
2016030800100313,2016년 3월 8일 16시,화요일,충청남도 공주시 신관동,경상사고,0,0,1,0,차대차 - 측면직각충돌,안전운전불이행,건조,맑음,교차로 - 교차로안,화물,남,45세,상해없음,승용,남,55세,경상
2016030800100314,2016년 3월 8일 16시,화요일,충청남도 천안시 동남구 목천읍,경상사고,0,0,1,0,차대사람 - 기타,안전운전불이행,건조,맑음,단일로 - 기타,기타불명,기타불명,기타불명,기타불명,보행자,남,16세,경상
2016030800100346,2016년 3월 8일 17시,화요일,충청남도 보령시 화산동,경상사고,0,0,2,0,차대차 - 측면충돌,안전운전불이행,건조,맑음,단일로 - 기타,승합,남,47세,상해없음,승용,남,28세,경상
2016030800100373,2016년 3월 8일 18시,화요일,충청남도 천안시 서북구 두정동,경상사고,0,0,1,0,차대사람 - 기타,안전운전불이행,건조,맑음,단일로 - 기타,승용,남,27세,상해없음,보행자,여,25세,경상
2016030800100478,2016년 3월 8일 21시,화요일,충청남도 서산시 읍내동,중상사고,0,1,0,0,차대사람 - 횡단중,안전운전불이행,건조,맑음,교차로 - 교차로안,승용,여,29세,상해없음,보행자,남,26세,중상
2016030800100508,2016년 3월 8일 22시,화요일,충청남도 논산시 내동,경상사고,0,0,1,0,차대차 - 측면충돌,안전운전불이행,건조,맑음,단일로 - 기타,이륜,남,20세,경상,승용,여,27세,상해없음
2016030800100509,2016년 3월 8일 22시,화요일,충청남도 아산시 음봉면,경상사고,0,0,1,0,차대차 - 추돌,안전운전불이행,건조,맑음,교차로 - 교차로부근,승용,남,43세,상해없음,승용,남,34세,경상
2016030800100510,2016년 3월 8일 22시,화요일,충청남도 천안시 동남구 영성동,경상사고,0,0,6,0,차대차 - 측면충돌,직진우회전진행방해,건조,맑음,교차로 - 교차로안,승용,여,47세,경상,승용,여,54세,경상
2016030900100022,2016년 3월 9일 01시,수요일,충청남도 당진시 송악읍,경상사고,0,0,1,1,차대차 - 측면충돌,안전운전불이행,건조,맑음,단일로 - 기타,승용,여,52세,상해없음,승용,남,29세,경상
2016030900100023,2016년 3월 9일 01시,수요일,충청남도 보령시 주산면,중상사고,0,2,1,0,차대차 - 추돌,안전운전불이행,건조,흐림,단일로 - 기타,화물,남,39세,중상,승용,남,28세,중상
2016030900100034,2016년 3월 9일 02시,수요일,충청남도 천안시 서북구 백석동,경상사고,0,0,2,0,차대차 - 측면직각충돌,신호위반,건조,맑음,교차로 - 교차로안,승용,남,25세,상해없음,승용,남,47세,경상
2016030900100066,2016년 3월 9일 06시,수요일,충청남도 보령시 화산동,경상사고,0,0,1,0,차대차 - 측면직각충돌,중앙선침범,건조,맑음,단일로 - 기타,화물,남,52세,상해없음,화물,남,54세,경상
2016030900100120,2016년 3월 9일 08시,수요일,충청남도 아산시 신창면,경상사고,0,0,1,0,차대차 - 측면충돌,안전운전불이행,건조,맑음,단일로 - 기타,건설기계,남,45세,상해없음,승용,여,53세,경상
2016030900100150,2016년 3월 9일 09시,수요일,충청남도 아산시 배방읍,경상사고,0,0,3,0,차대차 - 추돌,안전운전불이행,건조,맑음,단일로 - 기타,승용,남,59세,상해없음,승용,남,24세,경상
2016030900100151,2016년 3월 9일 09시,수요일,충청남도 천안시 동남구 풍세면,중상사고,0,1,0,0,차대차 - 추돌,안전운전불이행,건조,맑음,단일로 - 기타,건설기계,남,61세,상해없음,원동기,남,78세,중상
2016030900100222,2016년 3월 9일 12시,수요일,충청남도 보령시 남곡동,중상사고,0,1,1,0,차대차 - 측면직각충돌,안전거리미확보,건조,맑음,단일로 - 기타,승용,남,55세,상해없음,건설기계,남,50세,중상
2016030900100275,2016년 3월 9일 14시,수요일,충청남도 천안시 서북구 부대동,중상사고,0,1,1,0,차대차 - 측면직각충돌,안전운전불이행,건조,맑음,단일로 - 기타,승용,여,56세,상해없음,승용,여,34세,경상
2016030900100276,2016년 3월 9일 14시,수요일,충청남도 천안시 동남구 구성동,중상사고,0,1,0,0,차대사람 - 횡단중,보행자보호의무위반,건조,맑음,교차로 - 교차로부근,승용,여,49세,상해없음,보행자,남,69세,중상
2016030900100300,2016년 3월 9일 15시,수요일,충청남도 태안군 근흥면,중상사고,0,1,0,0,차대사람 - 기타,안전운전불이행,건조,맑음,단일로 - 기타,화물,남,54세,상해없음,보행자,여,68세,중상
2016030900100301,2016년 3월 9일 15시,수요일,충청남도 천안시 서북구 두정동,중상사고,0,1,0,0,차대차 - 기타,신호위반,건조,맑음,교차로 - 교차로안,승용,여,53세,상해없음,승용,여,42세,중상