사고번호,사고일시,요일,시군구,사고내용,사망자수,중상자수,경상자수,부상신고자수,사고유형,법규위반,노면상태,기상상태,도로형태,가해운전자 차종,가해운전자 성별,가해운전자 연령,가해운전자 상해정도,피해운전자 차종,피해운전자 성별,피해운전자 연령,피해운전자 상해정도
2016030900100336,2016년 3월 9일 16시,수요일,충청남도 천안시 서북구 두정동,중상사고,0,1,0,0,차대사람 - 횡단중,신호위반,건조,맑음,교차로 - 교차로부근,승용,남,53세,상해없음,보행자,여,30세,중상
2016030900100338,2016년 3월 9일 16시,수요일,충청남도 계룡시 금암동,경상사고,0,0,1,0,차대차 - 측면충돌,안전운전불이행,건조,맑음,교차로 - 교차로부근,화물,남,69세,상해없음,승용,여,35세,경상
2016030900100367,2016년 3월 9일 17시,수요일,충청남도 천안시 서북구 쌍용동,경상사고,0,0,4,0,차대차 - 기타,안전운전불이행,건조,맑음,교차로 - 교차로부근,승용,남,27세,상해없음,승합,남,51세,상해없음
2016030900100368,2016년 3월 9일 17시,수요일,충청남도 서천군 장항읍,중상사고,0,1,0,0,차대차 - 추돌,안전운전불이행,건조,맑음,단일로 - 기타,특수,남,54세,상해없음,승용,여,25세,중상
2016030900100406,2016년 3월 9일 18시,수요일,충청남도 천안시 동남구 목천읍,경상사고,0,0,1,0,차대차 - 추돌,안전운전불이행,건조,맑음,교차로 - 교차로부근,승합,남,67세,상해없음,승합,여,40세,경상
2016030900100448,2016년 3월 9일 19시,수요일,충청남도 천안시 서북구 성성동,경상사고,0,0,2,0,차대차 - 추돌,안전거리미확보,건조,맑음,교차로 - 교차로부근,승용,여,41세,상해없음,승용,남,26세,경상
2016030900100473,2016년 3월 9일 20시,수요일,충청남도 홍성군 금마면,경상사고,0,0,1,0,차대차 - 기타,안전운전불이행,건조,맑음,단일로 - 기타,승용,여,38세,상해없음,화물,남,32세,상해없음
2016030900100474,2016년 3월 9일 20시,수요일,충청남도 부여군 부여읍,경상사고,0,0,1,0,차대차 - 측면충돌,신호위반,건조,맑음,교차로 - 교차로안,승용,남,57세,기타불명,승용,남,50세,경상
2016030900100505,2016년 3월 9일 21시,수요일,충청남도 공주시 웅진동,중상사고,0,1,0,1,차대차 - 측면직각충돌,교차로운행방법위반,건조,맑음,교차로 - 교차로안,승용,남,72세,상해없음,승용,남,42세,중상
2016030900100562,2016년 3월 9일 23시,수요일,충청남도 천안시 서북구 와촌동,경상사고,0,0,1,0,차대차 - 측면직각충돌,신호위반,건조,맑음,교차로 - 교차로안,승용,남,53세,상해없음,승용,남,48세,경상
2016031000100029,2016년 3월 10일 01시,목요일,충청남도 천안시 서북구 성환읍,경상사고,0,0,1,0,차대차 - 기타,안전운전불이행,건조,맑음,단일로 - 기타,화물,남,48세,상해없음,화물,남,68세,경상
2016031000100040,2016년 3월 10일 02시,목요일,충청남도 예산군 예산읍,사망사고,1,0,0,0,차량단독 - 공작물충돌,안전운전불이행,건조,맑음,단일로 - 기타,승용,남,39세,사망,,,,
2016031000100090,2016년 3월 10일 07시,목요일,충청남도 공주시 태봉동,중상사고,0,1,0,0,차량단독 - 전도전복,안전운전불이행,건조,맑음,교차로 - 교차로안,승용,남,27세,기타불명,,,,
2016031000100091,2016년 3월 10일 07시,목요일,충청남도 천안시 동남구 청당동,경상사고,0,0,2,1,차대차 - 정면충돌,중앙선침범,건조,맑음,단일로 - 기타,승용,남,29세,부상신고,승합,남,66세,경상
2016031000100092,2016년 3월 10일 07시,목요일,충청남도 천안시 동남구 영성동,경상사고,0,0,1,0,차대사람 - 기타,안전운전불이행,건조,맑음,단일로 - 기타,기타불명,기타불명,기타불명,기타불명,보행자,남,16세,경상
2016031000100132,2016년 3월 10일 08시,목요일,충청남도 예산군 예산읍,경상사고,0,0,1,0,차대차 - 측면충돌,신호위반,건조,맑음,교차로 - 교차로안,승합,남,63세,기타불명,승용,남,32세,경상
2016031000100168,2016년 3월 10일 09시,목요일,충청남도 천안시 동남구 수신면,중상사고,0,1,0,0,차대차 - 기타,과속,건조,맑음,단일로 - 기타,승용,남,30세,중상,화물,남,47세,상해없음
2016031000100201,2016년 3월 10일 10시,목요일,충청남도 논산시 강경읍,경상사고,0,0,3,0,차대차 - 측면직각충돌,안전거리미확보,건조,맑음,단일로 - 기타,승용,남,74세,상해없음,화물,남,49세,경상
2016031000100241,2016년 3월 10일 11시,목요일,충청남도 홍성군 홍성읍,중상사고,0,1,2,0,차대차 - 측면충돌,신호위반,건조,맑음,교차로 - 교차로안,화물,남,53세,중상,승합,남,57세,경상
2016031000100260,2016년 3월 10일 12시,목요일,충청남도 당진시 우강면,경상사고,0,0,2,0,차대차 - 측면충돌,중앙선침범,건조,맑음,단일로 - 기타,화물,남,78세,상해없음,승용,남,46세,경상
2016031000100261,2016년 3월 10일 12시,목요일,충청남도 당진시 읍내리,경상사고,0,0,1,0,차대사람 - 횡단중,안전운전불이행,건조,맑음,단일로 - 기타,승용,여,49세,상해없음,보행자,여,81세,경상
2016031000100277,2016년 3월 10일 13시,목요일,충청남도 천안시 서북구 두정동,경상사고,0,0,1,0,차대차 - 측면직각충돌,직진우회전진행방해,건조,맑음,교차로 - 교차로안,원동기,남,26세,경상,승용,남,46세,상해없음
2016031000100278,2016년 3월 10일 13시,목요일,충청남도 부여군 부여읍,중상사고,0,1,0,0,차대사람 - 길가장자리구역통행중,안전운전불이행,건조,맑음,교차로 - 교차로부근,승용,남,63세,기타불명,보행자,남,81세,중상
2016031000100307,2016년 3월 10일 14시,목요일,충청남도 당진시 고대면,경상사고,0,0,1,0,차대차 - 기타,안전운전불이행,건조,맑음,단일로 - 기타,화물,남,59세,상해없음,화물,남,76세,상해없음
2016031000100378,2016년 3월 10일 16시,목요일,충청남도 홍성군 홍성읍,경상사고,0,0,1,0,차대차 - 측면충돌,안전운전불이행,건조,맑음,단일로 - 기타,승용,남,28세,상해없음,승용,여,41세,경상
2016031000100379,2016년 3월 10일 16시,목요일,충청남도 아산시 좌부동,중상사고,0,1,3,0,차대차 - 측면직각충돌,안전운전불이행,건조,맑음,단일로 - 기타,승용,여,55세,경상,승용,남,57세,경상
2016031000100380,2016년 3월 10일 16시,목요일,충청남도 아산시 탕정면,부상신고사고,0,0,0,1,차대차 - 측면충돌,안전운전불이행,건조,맑음,교차로 - 교차로안,자전거,남,22세,부상신고,승용,남,35세,상해없음
2016031000100381,2016년 3월 10일 16시,목요일,충청남도 서천군 마서면,경상사고,0,0,1,0,차대차 - 측면충돌,안전운전불이행,건조,맑음,교차로 - 교차로안,화물,남,66세,상해없음,원동기,남,59세,경상
2016031000100446,2016년 3월 10일 18시,목요일,충청남도 아산시 탕정면,부상신고사고,0,0,0,1,차대차 - 정면충돌,신호위반,건조,맑음,교차로 - 교차로안,승용,여,36세,상해없음,승용,여,33세,부상신고
2016031000100474,2016년 3월 10일 19시,목요일,충청남도 보령시 주교면,사망사고,1,0,0,0,차량단독 - 전도전복,안전운전불이행,건조,맑음,단일로 - 기타,화물,남,53세,사망,,,,
2016031000100498,2016년 3월 10일 20시,목요일,충청남도 서산시 읍내동,경상사고,0,0,1,0,차대차 - 정면충돌,중앙선침범,건조,맑음,단일로 - 기타,승용,남,26세,상해없음,승용,남,37세,경상
2016031000100517,2016년 3월 10일 21시,목요일,충청남도 천안시 동남구 안서동,경상사고,0,0,1,0,차대차 - 추돌,차로위반,건조,맑음,미분류 - 미분류,승용,남,63세,상해없음,이륜,남,16세,경상
2016031000100550,2016년 3월 10일 22시,목요일,충청남도 당진시 수청리,경상사고,0,0,1,0,차대차 - 추돌,안전운전불이행,건조,맑음,단일로 - 기타,승용,남,33세,상해없음,화물,남,57세,경상
2016031000100585,2016년 3월 10일 23시,목요일,충청남도 아산시 탕정면,중상사고,0,2,3,0,차대차 - 측면충돌,안전운전불이행,건조,맑음,교차로 - 교차로안,승용,남,45세,상해없음,승용,남,21세,중상
2016031100100014,2016년 3월 11일 00시,금요일,충청남도 공주시 신관동,경상사고,0,0,3,0,차대차 - 측면직각충돌,신호위반,건조,맑음,교차로 - 교차로안,승용,여,55세,경상,화물,남,58세,경상
2016031100100015,2016년 3월 11일 00시,금요일,충청남도 당진시 송악읍,경상사고,0,0,3,0,차대차 - 추돌,안전운전불이행,건조,맑음,교차로 - 교차로부근,승용,남,37세,상해없음,승용,남,35세,경상
2016031100100030,2016년 3월 11일 01시,금요일,충청남도 태안군 남면,경상사고,0,0,2,0,차대차 - 측면충돌,중앙선침범,건조,흐림,단일로 - 기타,승용,남,35세,상해없음,승용,남,29세,경상
2016031100100031,2016년 3월 11일 01시,금요일,충청남도 아산시 배방읍,경상사고,0,0,1,0,차대차 - 측면충돌,기타,건조,맑음,기타 - 기타,승용,남,48세,상해없음,승용,남,47세,경상
2016031100100075,2016년 3월 11일 05시,금요일,충청남도 천안시 동남구 청당동,경상사고,0,0,3,0,차대차 - 기타,신호위반,건조,맑음,교차로 - 교차로안,기타불명,기타불명,기타불명,기타불명,특수,남,55세,경상
2016031100100102,2016년 3월 11일 07시,금요일,충청남도 아산시 도고면,중상사고,0,1,0,0,차대차 - 추돌,안전운전불이행,건조,맑음,교차로 - 교차로안,화물,남,66세,상해없음,승용,남,36세,중상
2016031100100143,2016년 3월 11일 08시,금요일,충청남도 천안시 서북구 두정동,경상사고,0,0,1,0,차대차 - 추돌,안전운전불이행,건조,맑음,교차로 - 교차로부근,승용,남,30세,상해없음,화물,남,63세,경상
2016031100100144,2016년 3월 11일 08시,금요일,충청남도 계룡시 엄사면,경상사고,0,0,2,0,차대차 - 정면충돌,중앙선침범,건조,맑음,단일로 - 기타,승용,남,60세,상해없음,승용,여,32세,경상
2016031100100145,2016년 3월 11일 08시,금요일,충청남도 아산시 권곡동,경상사고,0,0,1,0,차대차 - 측면충돌,신호위반,건조,맑음,교차로 - 교차로안,승용,여,44세,상해없음,승용,남,41세,경상
2016031100100186,2016년 3월 11일 09시,금요일,충청남도 천안시 서북구 성정동,경상사고,0,0,1,0,차대사람 - 기타,안전운전불이행,건조,맑음,기타 - 기타,승용,남,53세,상해없음,보행자,여,28세,경상
2016031100100187,2016년 3월 11일 09시,금요일,충청남도 아산시 권곡동,중상사고,0,1,0,0,차대차 - 추돌,안전운전불이행,건조,맑음,교차로 - 교차로부근,이륜,남,57세,중상,승용,남,32세,상해없음
2016031100100188,2016년 3월 11일 09시,금요일,충청남도 예산군 광시면,중상사고,0,1,0,0,차대차 - 측면직각충돌,직진우회전진행방해,건조,맑음,교차로 - 교차로안,승용,여,44세,중상,건설기계,남,41세,상해없음
2016031100100227,2016년 3월 11일 10시,금요일,충청남도 홍성군 홍성읍,중상사고,0,1,0,0,차대사람 - 횡단중,안전운전불이행,건조,맑음,교차로 - 교차로부근,승용,남,48세,상해없음,보행자,여,80세,중상
2016031100100244,2016년 3월 11일 11시,금요일,충청남도 논산시 가야곡면,경상사고,0,0,2,0,차대차 - 측면직각충돌,교차로운행방법위반,건조,맑음,교차로 - 교차로안,승용,남,39세,상해없음,화물,남,73세,경상
2016031100100273,2016년 3월 11일 12시,금요일,충청남도 당진시 고대면,중상사고,0,1,1,0,차량단독 - 전도전복,교차로운행방법위반,건조,맑음,단일로 - 기타,승용,여,72세,상해없음,,,,
2016031100100288,2016년 3월 11일 13시,금요일,충청남도 아산시 염치읍,경상사고,0,0,1,0,차대차 - 기타,신호위반,건조,맑음,교차로 - 교차로안,승용,남,44세,기타불명,승용,여,55세,상해없음
2016031100100289,2016년 3월 11일 13시,금요일,충청남도 보령시 대천동,경상사고,0,0,1,0,차대사람 - 횡단중,보행자보호의무위반,건조,맑음,교차로 - 교차로안,승용,여,30세,상해없음,보행자,남,22세,경상
2016031100100317,2016년 3월 11일 14시,금요일,충청남도 공주시 유구읍,경상사고,0,0,1,0,차대차 - 정면충돌,안전운전불이행,건조,맑음,교차로 - 교차로안,화물,남,65세,경상,화물,남,52세,상해없음
2016031100100365,2016년 3월 11일 15시,금요일,충청남도 서산시 부석면,중상사고,0,1,2,0,차대차 - 정면충돌,직진우회전진행방해,건조,맑음,교차로 - 교차로안,화물,남,73세,중상,화물,여,54세,경상
2016031100100398,2016년 3월 11일 16시,금요일,충청남도 천안시 서북구 두정동,경상사고,0,0,1,0,차대차 - 추돌,안전운전불이행,건조,맑음,단일로 - 기타,승용,남,43세,상해없음,승합,남,33세,경상
2016031100100399,2016년 3월 11일 16시,금요일,충청남도 논산시 화지동,경상사고,0,0,1,0,차대사람 - 횡단중,안전운전불이행,건조,맑음,단일로 - 기타,화물,여,54세,기타불명,보행자,여,41세,경상
2016031100100401,2016년 3월 11일 16시,금요일,충청남도 예산군 고덕면,중상사고,0,1,0,0,차대차 - 기타,안전운전불이행,건조,맑음,교차로 - 교차로부근,화물,남,50세,상해없음,이륜,남,77세,중상
2016031100100466,2016년 3월 11일 18시,금요일,충청남도 예산군 예산읍,중상사고,0,1,1,0,차대차 - 추돌,안전거리미확보,건조,맑음,교차로 - 교차로부근,승용,여,45세,경상,승용,여,35세,중상
2016031100100512,2016년 3월 11일 19시,금요일,충청남도 논산시 채운면,중상사고,0,1,2,0,차대차 - 추돌,안전운전불이행,건조,맑음,단일로 - 기타,승용,남,50세,경상,승용,여,47세,중상
2016031100100513,2016년 3월 11일 19시,금요일,충청남도 예산군 오가면,중상사고,0,1,1,0,차대차 - 추돌,안전운전불이행,건조,맑음,단일로 - 기타,화물,남,35세,상해없음,농기계,남,60세,중상
2016031100100551,2016년 3월 11일 20시,금요일,충청남도 논산시 취암동,중상사고,0,1,0,0,차대차 - 측면충돌,직진우회전진행방해,건조,맑음,교차로 - 교차로안,승용,여,53세,상해없음,원동기,남,18세,중상
2016031100100594,2016년 3월 11일 21시,금요일,충청남도 홍성군 홍성읍,경상사고,0,0,1,0,차대사람 - 횡단중,보행자보호의무위반,건조,맑음,교차로 - 교차로안,승합,남,58세,상해없음,보행자,여,55세,경상
2016031100100625,2016년 3월 11일 22시,금요일,충청남도 아산시 온천동,중상사고,0,1,0,0,차대사람 - 기타,기타,건조,맑음,기타 - 기타,화물,남,50세,상해없음,보행자,여,18세,중상
2016031100100646,2016년 3월 11일 23시,금요일,충청남도 아산시 권곡동,경상사고,0,0,1,0,차대차 - 측면직각충돌,신호위반,건조,맑음,교차로 - 교차로안,승용,남,40세,상해없음,승용,여,46세,경상
2016031100100648,2016년 3월 11일 23시,금요일,충청남도 예산군 봉산면,경상사고,0,0,2,0,차량단독 - 도로외이탈 - 기타,안전운전불이행,건조,맑음,단일로 - 기타,승용,남,33세,경상,,,,
2016031200100073,2016년 3월 12일 04시,토요일,충청남도 천안시 서북구 쌍용동,경상사고,0,0,1,0,차대차 - 추돌,안전운전불이행,건조,맑음,기타 - 기타,승용,남,27세,상해없음,승용,남,24세,상해없음
2016031200100130,2016년 3월 12일 08시,토요일,충청남도 천안시 서북구 성정동,경상사고,0,0,1,0,차대차 - 측면충돌,안전운전불이행,건조,맑음,단일로 - 기타,승용,남,26세,상해없음,승용,남,44세,경상
2016031200100175,2016년 3월 12일 10시,토요일,충청남도 천안시 서북구 성거읍,경상사고,0,0,2,0,차대차 - 측면직각충돌,차로위반,건조,맑음,단일로 - 기타,화물,남,45세,경상,화물,남,42세,경상
2016031200100203,2016년 3월 12일 11시,토요일,충청남도 논산시 덕지동,경상사고,0,0,1,0,차대차 - 측면충돌,안전운전불이행,건조,맑음,단일로 - 기타,화물,남,33세,상해없음,이륜,남,72세,경상
2016031200100222,2016년 3월 12일 12시,토요일,충청남도 논산시 지산동,중상사고,0,1,0,0,차대차 - 측면충돌,과속,건조,맑음,단일로 - 기타,승용,여,71세,상해없음,자전거,남,13세,중상
2016031200100223,2016년 3월 12일 12시,토요일,충청남도 논산시 내동,경상사고,0,0,1,0,차대사람 - 횡단중,안전운전불이행,건조,맑음,교차로 - 교차로안,승용,남,58세,기타불명,보행자,여,69세,경상
2016031200100275,2016년 3월 12일 14시,토요일,충청남도 예산군 오가면,중상사고,0,1,0,0,차대사람 - 기타,안전운전불이행,건조,맑음,단일로 - 기타,승용,여,54세,상해없음,보행자,남,63세,중상
2016031200100307,2016년 3월 12일 15시,토요일,충청남도 서천군 서천읍,중상사고,0,1,0,0,차량단독 - 기타,안전운전불이행,건조,맑음,단일로 - 횡단보도상,자전거,여,70세,중상,,,,
2016031200100372,2016년 3월 12일 17시,토요일,충청남도 당진시 순성면,경상사고,0,0,3,0,차대차 - 추돌,안전운전불이행,건조,맑음,단일로 - 기타,화물,남,39세,상해없음,승용,여,54세,경상
2016031200100406,2016년 3월 12일 18시,토요일,충청남도 천안시 동남구 수신면,경상사고,0,0,4,0,차대차 - 정면충돌,안전운전불이행,건조,맑음,기타 - 기타,승용,남,26세,상해없음,승용,여,56세,경상
2016031200100442,2016년 3월 12일 19시,토요일,충청남도 보령시 오천면,경상사고,0,0,1,0,차대차 - 정면충돌,중앙선침범,건조,맑음,단일로 - 기타,건설기계,남,56세,상해없음,화물,남,70세,경상
2016031200100515,2016년 3월 12일 21시,토요일,충청남도 금산군 금산읍,경상사고,0,0,1,0,차량단독 - 전도전복,안전운전불이행,건조,맑음,교차로 - 교차로부근,이륜,남,48세,경상,,,,
2016031200100534,2016년 3월 12일 22시,토요일,충청남도 천안시 서북구 성정동,경상사고,0,0,3,0,차대차 - 측면직각충돌,안전운전불이행,건조,맑음,교차로 - 교차로안,승용,남,30세,경상,승용,남,57세,경상
2016031200100535,2016년 3월 12일 22시,토요일,충청남도 홍성군 광천읍,중상사고,0,1,0,0,차대차 - 정면충돌,신호위반,건조,맑음,교차로 - 교차로안,승용,남,32세,상해없음,승용,남,37세,중상
2016031200100536,2016년 3월 12일 22시,토요일,충청남도 보령시 웅천읍,중상사고,0,1,0,0,차대차 - 측면직각충돌,직진우회전진행방해,건조,맑음,교차로 - 교차로안,승용,여,44세,상해없음,승용,여,54세,중상
2016031200100556,2016년 3월 12일 23시,토요일,충청남도 아산시 둔포면,경상사고,0,0,1,0,차대차 - 측면직각충돌,기타,건조,맑음,교차로 - 교차로안,승용,남,34세,상해없음,승용,남,35세,경상
2016031300100014,2016년 3월 13일 00시,일요일,충청남도 아산시 용화동,경상사고,0,0,4,0,차대차 - 추돌,안전운전불이행,건조,맑음,교차로 - 교차로안,승용,남,41세,경상,승용,남,27세,경상
2016031300100072,2016년 3월 13일 05시,일요일,충청남도 아산시 탕정면,중상사고,0,1,0,0,차대차 - 기타,직진우회전진행방해,건조,맑음,교차로 - 교차로안,화물,여,29세,상해없음,승용,여,14세,중상
2016031300100151,2016년 3월 13일 11시,일요일,충청남도 아산시 풍기동,중상사고,0,1,0,0,차대차 - 기타,안전운전불이행,건조,맑음,교차로 - 교차로안,화물,남,65세,상해없음,승용,여,25세,중상
2016031300100169,2016년 3월 13일 12시,일요일,충청남도 공주시 신관동,경상사고,0,0,1,0,차대차 - 측면충돌,안전운전불이행,건조,흐림,교차로 - 교차로부근,승용,남,52세,상해없음,이륜,남,18세,경상
2016031300100219,2016년 3월 13일 14시,일요일,충청남도 천안시 동남구 풍세면,경상사고,0,0,3,0,차대차 - 정면충돌,안전거리미확보,건조,맑음,단일로 - 기타,승용,남,21세,경상,승용,남,32세,경상
2016031300100247,2016년 3월 13일 15시,일요일,충청남도 논산시 채운면,경상사고,0,0,2,0,차대차 - 추돌,안전운전불이행,건조,맑음,교차로 - 교차로부근,승용,남,70세,상해없음,승용,남,38세,경상
2016031300100394,2016년 3월 13일 22시,일요일,충청남도 천안시 서북구 쌍용동,경상사고,0,0,2,0,차대차 - 추돌,안전운전불이행,건조,맑음,단일로 - 기타,승용,남,22세,상해없음,승용,여,55세,경상
2016031400100014,2016년 3월 14일 01시,월요일,충청남도 천안시 서북구 성거읍,경상사고,0,0,1,0,차대차 - 기타,안전운전불이행,건조,맑음,단일로 - 기타,승용,남,26세,상해없음,화물,남,34세,경상
2016031400100057,2016년 3월 14일 06시,월요일,충청남도 공주시 금흥동,중상사고,0,1,0,0,차대사람 - 차도통행중,안전운전불이행,건조,맑음,단일로 - 기타,승용,남,38세,상해없음,보행자,남,81세,중상
2016031400100079,2016년 3월 14일 07시,월요일,충청남도 공주시 금성동,경상사고,0,0,1,0,차대차 - 측면충돌,안전운전불이행,건조,맑음,교차로 - 교차로부근,자전거,남,12세,경상,화물,남,51세,상해없음
2016031400100110,2016년 3월 14일 08시,월요일,충청남도 아산시 용화동,부상신고사고,0,0,0,1,차대차 - 측면충돌,안전운전불이행,건조,맑음,교차로 - 교차로부근,승용,남,55세,기타불명,승용,여,40세,부상신고
2016031400100111,2016년 3월 14일 08시,월요일,충청남도 공주시 중동,중상사고,0,1,0,0,차대사람 - 횡단중,보행자보호의무위반,건조,맑음,교차로 - 교차로부근,승용,여,44세,상해없음,보행자,여,37세,중상
2016031400100112,2016년 3월 14일 08시,월요일,충청남도 천안시 동남구 신부동,경상사고,0,0,1,0,차대차 - 추돌,안전운전불이행,건조,맑음,교차로 - 교차로부근,승용,여,54세,상해없음,승용,여,40세,경상
2016031400100196,2016년 3월 14일 11시,월요일,충청남도 당진시 우두리,경상사고,0,0,1,0,차대차 - 추돌,안전운전불이행,건조,맑음,교차로 - 교차로안,승용,남,48세,상해없음,승용,남,30세,경상
2016031400100224,2016년 3월 14일 12시,월요일,충청남도 논산시 취암동,중상사고,0,1,0,0,차대사람 - 보도통행중,기타,건조,맑음,기타 - 기타,승용,남,68세,상해없음,보행자,여,57세,중상
2016031400100225,2016년 3월 14일 12시,월요일,충청남도 계룡시 엄사면,경상사고,0,0,1,0,차대차 - 추돌,안전거리미확보,건조,맑음,교차로 - 교차로부근,승용,여,51세,상해없음,승용,남,52세,경상
2016031400100279,2016년 3월 14일 14시,월요일,충청남도 홍성군 금마면,경상사고,0,0,1,0,차량단독 - 전도전복,안전운전불이행,건조,맑음,단일로 - 기타,이륜,남,77세,경상,,,,
2016031400100340,2016년 3월 14일 16시,월요일,충청남도 서천군 서천읍,중상사고,0,1,0,0,차대사람 - 횡단중,안전운전불이행,건조,맑음,단일로 - 기타,승용,여,42세,상해없음,보행자,여,9세,중상
2016031400100341,2016년 3월 14일 16시,월요일,충청남도 청양군 청양읍,경상사고,0,0,1,0,차량단독 - 전도전복,안전운전불이행,건조,맑음,단일로 - 기타,자전거,남,72세,경상,,,,
2016031400100387,2016년 3월 14일 17시,월요일,충청남도 천안시 동남구 광덕면,경상사고,0,0,1,0,차량단독 - 기타,안전운전불이행,건조,맑음,단일로 - 기타,승합,남,47세,상해없음,,,,
2016031400100427,2016년 3월 14일 18시,월요일,충청남도 공주시 신관동,경상사고,0,0,2,0,차대차 - 측면충돌,안전운전불이행,건조,맑음,교차로 - 교차로부근,화물,남,45세,상해없음,승용,여,35세,경상
2016031400100467,2016년 3월 14일 19시,월요일,충청남도 천안시 서북구 부대동,중상사고,0,1,0,0,차대차 - 정면충돌,안전운전불이행,건조,맑음,단일로 - 기타,승용,남,48세,상해없음,자전거,남,27세,중상
2016031400100468,2016년 3월 14일 19시,월요일,충청남도 홍성군 홍성읍,경상사고,0,0,1,0,차대차 - 측면충돌,안전운전불이행,건조,맑음,단일로 - 기타,승용,여,42세,상해없음,이륜,남,37세,경상
2016031400100469,2016년 3월 14일 19시,월요일,충청남도 금산군 금산읍,경상사고,0,0,1,0,차대차 - 정면충돌,중앙선침범,건조,맑음,교차로 - 교차로부근,승용,남,29세,상해없음,이륜,남,41세,경상
2016031400100500,2016년 3월 14일 20시,월요일,충청남도 천안시 서북구 성거읍,경상사고,0,0,2,0,차대차 - 기타,신호위반,건조,맑음,교차로 - 교차로안,승용,남,40세,상해없음,승용,남,47세,경상
2016031400100501,2016년 3월 14일 20시,월요일,충청남도 홍성군 홍성읍,경상사고,0,0,1,0,차대사람 - 횡단중,보행자보호의무위반,건조,맑음,단일로 - 횡단보도상,승용,남,52세,상해없음,보행자,남,44세,경상
2016031400100531,2016년 3월 14일 21시,월요일,충청남도 천안시 서북구 두정동,경상사고,0,0,1,0,차대차 - 측면충돌,안전운전불이행,건조,맑음,단일로 - 기타,승용,남,54세,상해없음,승용,남,30세,경상
2016031500100009,2016년 3월 15일 00시,화요일,충청남도 보령시 남곡동,중상사고,0,2,0,0,차대차 - 정면충돌,안전운전불이행,건조,맑음,교차로 - 교차로안,화물,남,56세,상해없음,승용,남,31세,중상
2016031500100051,2016년 3월 15일 05시,화요일,충청남도 예산군 예산읍,경상사고,0,0,1,0,차대차 - 추돌,차로위반,건조,맑음,교차로 - 교차로부근,승합,남,33세,상해없음,화물,남,43세,경상
2016031500100052,2016년 3월 15일 05시,화요일,충청남도 천안시 동남구 목천읍,경상사고,0,0,2,1,차대차 - 추돌,안전거리미확보,건조,맑음,단일로 - 기타,승용,여,45세,상해없음,승합,남,63세,상해없음
2016031500100137,2016년 3월 15일 08시,화요일,충청남도 천안시 서북구 성거읍,경상사고,0,0,1,0,차대차 - 추돌,안전거리미확보,건조,맑음,교차로 - 교차로부근,승용,남,55세,상해없음,승용,남,52세,경상
2016031500100138,2016년 3월 15일 08시,화요일,충청남도 논산시 연산면,중상사고,0,1,2,0,차대차 - 추돌,안전운전불이행,건조,맑음,단일로 - 기타,승용,남,50세,상해없음,승용,여,52세,중상
2016031500100139,2016년 3월 15일 08시,화요일,충청남도 홍성군 홍성읍,경상사고,0,0,1,0,차대사람 - 횡단중,안전운전불이행,건조,맑음,단일로 - 기타,승용,남,74세,상해없음,보행자,여,3세,경상
2016031500100230,2016년 3월 15일 11시,화요일,충청남도 금산군 금산읍,경상사고,0,0,3,0,차대차 - 측면직각충돌,안전운전불이행,건조,맑음,교차로 - 교차로부근,승용,남,63세,경상,승용,남,58세,경상
2016031500100284,2016년 3월 15일 13시,화요일,충청남도 서산시 석림동,중상사고,0,1,0,0,차대차 - 측면충돌,교차로운행방법위반,건조,맑음,교차로 - 교차로안,이륜,남,80세,중상,승용,여,48세,상해없음
2016031500100285,2016년 3월 15일 13시,화요일,충청남도 예산군 오가면,중상사고,0,2,0,0,차대차 - 측면충돌,신호위반,건조,맑음,교차로 - 교차로안,화물,남,25세,상해없음,승용,남,69세,중상
2016031500100356,2016년 3월 15일 16시,화요일,충청남도 서산시 수석동,중상사고,0,1,0,0,차대차 - 추돌,안전운전불이행,건조,맑음,교차로 - 교차로부근,이륜,남,75세,중상,승용,남,68세,상해없음
2016031500100357,2016년 3월 15일 16시,화요일,충청남도 아산시 음봉면,경상사고,0,0,2,0,차대차 - 측면충돌,중앙선침범,건조,맑음,단일로 - 기타,승용,여,57세,상해없음,승용,여,37세,경상
2016031500100425,2016년 3월 15일 18시,화요일,충청남도 천안시 동남구 대흥동,경상사고,0,0,2,0,차대차 - 정면충돌,교차로운행방법위반,건조,맑음,교차로 - 교차로안,승용,남,29세,경상,승용,여,46세,상해없음
2016031500100467,2016년 3월 15일 19시,화요일,충청남도 천안시 서북구 쌍용동,경상사고,0,0,1,0,차대사람 - 횡단중,보행자보호의무위반,건조,맑음,단일로 - 횡단보도상,승용,여,49세,상해없음,보행자,남,7세,경상
2016031500100468,2016년 3월 15일 19시,화요일,충청남도 예산군 예산읍,중상사고,0,1,0,0,차대차 - 측면충돌,안전운전불이행,건조,맑음,단일로 - 기타,승용,남,57세,상해없음,승용,여,49세,중상
2016031500100469,2016년 3월 15일 19시,화요일,충청남도 천안시 동남구 풍세면,경상사고,0,0,1,0,차대사람 - 횡단중,안전운전불이행,건조,맑음,교차로 - 교차로안,승용,남,43세,상해없음,보행자,여,73세,경상
2016031500100504,2016년 3월 15일 20시,화요일,충청남도 금산군 군북면,경상사고,0,0,2,1,차대차 - 측면직각충돌,차로위반,건조,맑음,단일로 - 기타,승용,남,47세,경상,승용,남,42세,부상신고