사고번호,사고일시,요일,시군구,사고내용,사망자수,중상자수,경상자수,부상신고자수,사고유형,법규위반,노면상태,기상상태,도로형태,가해운전자 차종,가해운전자 성별,가해운전자 연령,가해운전자 상해정도,피해운전자 차종,피해운전자 성별,피해운전자 연령,피해운전자 상해정도
2016031500100534,2016년 3월 15일 21시,화요일,충청남도 천안시 서북구 성정동,경상사고,0,0,2,0,차대차 - 추돌,차로위반,건조,맑음,단일로 - 기타,승용,여,39세,경상,승용,남,31세,경상
2016031500100535,2016년 3월 15일 21시,화요일,충청남도 논산시 연산면,사망사고,1,0,0,0,차대사람 - 기타,안전운전불이행,건조,맑음,교차로 - 교차로안,승용,여,45세,상해없음,보행자,남,50세,사망
2016031600100009,2016년 3월 16일 00시,수요일,충청남도 천안시 서북구 두정동,경상사고,0,0,1,0,차대차 - 기타,안전운전불이행,건조,맑음,단일로 - 기타,승용,남,34세,상해없음,원동기,남,22세,경상
2016031600100051,2016년 3월 16일 04시,수요일,충청남도 아산시 득산동,중상사고,0,1,0,0,차대사람 - 기타,안전운전불이행,건조,맑음,단일로 - 기타,화물,남,44세,상해없음,보행자,남,59세,중상
2016031600100084,2016년 3월 16일 07시,수요일,충청남도 논산시 연무읍,경상사고,0,0,1,0,차대차 - 측면직각충돌,교차로운행방법위반,건조,맑음,교차로 - 교차로안,화물,남,59세,상해없음,승용,여,47세,경상
2016031600100085,2016년 3월 16일 07시,수요일,충청남도 천안시 동남구 신부동,경상사고,0,0,1,0,차대차 - 측면직각충돌,안전운전불이행,건조,맑음,교차로 - 교차로안,승용,여,49세,상해없음,승용,남,30세,경상
2016031600100125,2016년 3월 16일 08시,수요일,충청남도 아산시 배방읍,경상사고,0,0,2,0,차대차 - 추돌,안전운전불이행,건조,맑음,단일로 - 기타,승용,남,43세,상해없음,승용,여,46세,경상
2016031600100214,2016년 3월 16일 11시,수요일,충청남도 공주시 정안면,중상사고,0,1,0,0,차대차 - 측면직각충돌,안전운전불이행,건조,맑음,교차로 - 교차로안,승용,남,48세,상해없음,이륜,남,71세,중상
2016031600100215,2016년 3월 16일 11시,수요일,충청남도 예산군 삽교읍,중상사고,0,1,0,0,차대차 - 측면충돌,교차로운행방법위반,건조,맑음,교차로 - 교차로안,특수,남,56세,상해없음,승용,여,54세,중상
2016031600100245,2016년 3월 16일 12시,수요일,충청남도 홍성군 장곡면,사망사고,1,0,0,0,차대차 - 측면충돌,교차로운행방법위반,건조,맑음,교차로 - 교차로부근,이륜,남,75세,사망,화물,남,61세,상해없음
2016031600100246,2016년 3월 16일 12시,수요일,충청남도 청양군 청양읍,경상사고,0,0,2,0,차대차 - 측면충돌,안전운전불이행,건조,맑음,단일로 - 기타,화물,남,52세,경상,승용,여,47세,경상
2016031600100271,2016년 3월 16일 13시,수요일,충청남도 부여군 구룡면,중상사고,0,1,0,0,차대차 - 측면충돌,안전운전불이행,건조,맑음,교차로 - 교차로안,승용,남,38세,상해없음,이륜,남,81세,중상
2016031600100299,2016년 3월 16일 14시,수요일,충청남도 서산시 대산읍,중상사고,0,1,0,0,차대차 - 정면충돌,안전운전불이행,건조,맑음,교차로 - 교차로부근,원동기,남,72세,중상,특수,남,43세,상해없음
2016031600100300,2016년 3월 16일 14시,수요일,충청남도 보령시 대천동,중상사고,0,1,0,0,차대차 - 측면직각충돌,안전운전불이행,건조,맑음,교차로 - 교차로안,승용,남,56세,상해없음,자전거,남,11세,중상
2016031600100301,2016년 3월 16일 14시,수요일,충청남도 당진시 고대면,경상사고,0,0,1,0,차대차 - 측면충돌,안전운전불이행,건조,맑음,단일로 - 기타,승용,남,43세,상해없음,승용,남,45세,경상
2016031600100328,2016년 3월 16일 15시,수요일,충청남도 보령시 주포면,중상사고,0,1,1,0,차대차 - 추돌,안전거리미확보,건조,맑음,단일로 - 기타,원동기,남,63세,경상,승용,여,59세,중상
2016031600100329,2016년 3월 16일 15시,수요일,충청남도 공주시 우성면,중상사고,0,2,1,0,차대차 - 측면충돌,신호위반,건조,맑음,교차로 - 교차로안,승용,남,34세,경상,승용,남,55세,중상
2016031600100393,2016년 3월 16일 17시,수요일,충청남도 천안시 서북구 성정동,경상사고,0,0,1,0,차대차 - 기타,안전거리미확보,건조,맑음,교차로 - 교차로부근,승용,여,66세,상해없음,승용,여,39세,경상
2016031600100394,2016년 3월 16일 17시,수요일,충청남도 천안시 서북구 두정동,경상사고,0,0,1,0,차대차 - 추돌,안전운전불이행,건조,맑음,단일로 - 기타,승용,남,50세,상해없음,승용,여,24세,경상
2016031600100395,2016년 3월 16일 17시,수요일,충청남도 부여군 석성면,중상사고,0,1,3,0,차대차 - 측면충돌,교차로운행방법위반,건조,맑음,교차로 - 교차로안,승용,여,52세,상해없음,승용,여,24세,중상
2016031600100488,2016년 3월 16일 19시,수요일,충청남도 아산시 남동,경상사고,0,0,1,0,차대차 - 추돌,안전운전불이행,건조,맑음,교차로 - 교차로부근,승용,여,47세,상해없음,승용,남,30세,경상
2016031600100489,2016년 3월 16일 19시,수요일,충청남도 아산시 용화동,경상사고,0,0,1,0,차대차 - 측면충돌,안전운전불이행,건조,맑음,교차로 - 교차로안,이륜,남,16세,경상,승용,남,34세,상해없음
2016031600100528,2016년 3월 16일 20시,수요일,충청남도 홍성군 홍성읍,경상사고,0,0,3,0,차대차 - 측면충돌,교차로운행방법위반,건조,맑음,교차로 - 교차로안,승용,여,35세,경상,승용,남,59세,경상
2016031600100564,2016년 3월 16일 21시,수요일,충청남도 아산시 풍기동,경상사고,0,0,2,0,차대차 - 측면직각충돌,중앙선침범,건조,맑음,교차로 - 교차로부근,승용,여,43세,상해없음,승용,여,28세,경상
2016031600100565,2016년 3월 16일 21시,수요일,충청남도 아산시 배방읍,경상사고,0,0,1,0,차대차 - 측면충돌,안전운전불이행,건조,맑음,기타 - 기타,승용,여,52세,상해없음,원동기,남,19세,경상
2016031600100592,2016년 3월 16일 22시,수요일,충청남도 천안시 서북구 성정동,부상신고사고,0,0,0,1,차대사람 - 기타,안전운전불이행,건조,맑음,단일로 - 기타,화물,남,51세,상해없음,보행자,남,17세,부상신고
2016031600100593,2016년 3월 16일 22시,수요일,충청남도 당진시 읍내리,중상사고,0,1,1,0,차대차 - 추돌,안전운전불이행,건조,맑음,단일로 - 기타,승용,남,53세,상해없음,승용,남,33세,중상
2016031600100613,2016년 3월 16일 23시,수요일,충청남도 공주시 우성면,경상사고,0,0,1,0,차대사람 - 기타,안전운전불이행,건조,맑음,단일로 - 기타,화물,남,44세,상해없음,보행자,남,31세,경상
2016031700100011,2016년 3월 17일 00시,목요일,충청남도 천안시 서북구 두정동,중상사고,0,3,2,0,차대차 - 측면직각충돌,신호위반,건조,맑음,교차로 - 교차로안,승용,남,19세,상해없음,승용,남,44세,상해없음
2016031700100012,2016년 3월 17일 00시,목요일,충청남도 아산시 배방읍,중상사고,0,1,0,0,차대차 - 측면충돌,직진우회전진행방해,건조,맑음,교차로 - 교차로안,승용,남,62세,상해없음,승용,남,42세,중상
2016031700100066,2016년 3월 17일 05시,목요일,충청남도 계룡시 신도안면,중상사고,0,1,2,0,차대차 - 측면충돌,신호위반,건조,맑음,교차로 - 교차로안,승용,남,47세,경상,화물,남,56세,경상
2016031700100077,2016년 3월 17일 06시,목요일,충청남도 서산시 음암면,중상사고,0,1,0,0,차대차 - 정면충돌,중앙선침범,건조,맑음,단일로 - 기타,승용,남,67세,상해없음,승용,남,40세,중상
2016031700100078,2016년 3월 17일 06시,목요일,충청남도 천안시 서북구 직산읍,경상사고,0,0,1,0,차대차 - 기타,직진우회전진행방해,건조,맑음,교차로 - 교차로부근,승용,남,50세,상해없음,자전거,남,40세,경상
2016031700100146,2016년 3월 17일 08시,목요일,충청남도 천안시 서북구 신당동,경상사고,0,0,1,0,차대차 - 기타,교차로운행방법위반,건조,맑음,교차로 - 교차로부근,화물,남,44세,상해없음,승용,남,23세,경상
2016031700100147,2016년 3월 17일 08시,목요일,충청남도 아산시 탕정면,경상사고,0,0,1,0,차대차 - 기타,안전운전불이행,건조,맑음,교차로 - 교차로부근,승용,남,27세,상해없음,자전거,남,50세,경상
2016031700100148,2016년 3월 17일 08시,목요일,충청남도 아산시 신창면,경상사고,0,0,1,0,차대차 - 기타,안전운전불이행,건조,맑음,교차로 - 교차로안,승용,남,39세,상해없음,승용,여,38세,경상
2016031700100149,2016년 3월 17일 08시,목요일,충청남도 청양군 화성면,중상사고,0,2,0,0,차대차 - 측면직각충돌,직진우회전진행방해,건조,맑음,교차로 - 교차로안,화물,남,61세,중상,화물,남,42세,중상
2016031700100150,2016년 3월 17일 08시,목요일,충청남도 천안시 동남구 안서동,경상사고,0,0,1,0,차대차 - 정면충돌,차로위반,건조,맑음,단일로 - 기타,화물,남,62세,상해없음,승용,남,55세,경상
2016031700100187,2016년 3월 17일 09시,목요일,충청남도 부여군 초촌면,중상사고,0,1,0,0,차대차 - 측면직각충돌,안전운전불이행,건조,맑음,단일로 - 기타,화물,남,48세,상해없음,자전거,여,56세,중상
2016031700100212,2016년 3월 17일 10시,목요일,충청남도 아산시 음봉면,경상사고,0,0,1,0,차대차 - 추돌,안전운전불이행,건조,맑음,단일로 - 기타,승용,여,28세,상해없음,승용,남,35세,경상
2016031700100213,2016년 3월 17일 10시,목요일,충청남도 천안시 동남구 원성동,부상신고사고,0,0,0,1,차대차 - 측면충돌,안전운전불이행,건조,맑음,교차로 - 교차로안,이륜,남,73세,부상신고,승용,남,38세,상해없음
2016031700100241,2016년 3월 17일 11시,목요일,충청남도 서산시 고북면,경상사고,0,0,1,0,차대차 - 기타,안전운전불이행,건조,맑음,단일로 - 기타,화물,여,62세,상해없음,승용,남,72세,경상
2016031700100242,2016년 3월 17일 11시,목요일,충청남도 천안시 서북구 성정동,부상신고사고,0,0,0,1,차대차 - 측면충돌,교차로운행방법위반,건조,맑음,교차로 - 교차로안,원동기,남,33세,부상신고,승용,남,55세,상해없음
2016031700100243,2016년 3월 17일 11시,목요일,충청남도 당진시 읍내리,중상사고,0,1,0,0,차대사람 - 보도통행중,보행자보호의무위반,건조,맑음,교차로 - 교차로안,승용,남,74세,상해없음,보행자,여,54세,중상
2016031700100313,2016년 3월 17일 13시,목요일,충청남도 청양군 남양면,부상신고사고,0,0,0,1,차량단독 - 전도전복,안전운전불이행,건조,맑음,단일로 - 기타,이륜,남,77세,부상신고,,,,
2016031700100314,2016년 3월 17일 13시,목요일,충청남도 청양군 정산면,중상사고,0,2,2,0,차대차 - 정면충돌,중앙선침범,건조,흐림,단일로 - 기타,승용,남,58세,경상,승용,여,49세,중상
2016031700100369,2016년 3월 17일 15시,목요일,충청남도 홍성군 장곡면,중상사고,0,1,0,0,차대차 - 측면충돌,중앙선침범,건조,맑음,교차로 - 교차로안,화물,남,53세,상해없음,이륜,남,78세,중상
2016031700100403,2016년 3월 17일 16시,목요일,충청남도 아산시 배방읍,중상사고,0,2,0,0,차대차 - 기타,안전운전불이행,건조,맑음,단일로 - 기타,승용,남,67세,상해없음,화물,남,21세,상해없음
2016031700100404,2016년 3월 17일 16시,목요일,충청남도 보령시 오천면,경상사고,0,0,1,0,차량단독 - 전도전복,안전운전불이행,건조,맑음,단일로 - 기타,특수,남,45세,경상,,,,
2016031700100432,2016년 3월 17일 17시,목요일,충청남도 천안시 서북구 쌍용동,경상사고,0,0,1,0,차대차 - 추돌,안전운전불이행,건조,맑음,단일로 - 기타,승용,남,38세,상해없음,승용,남,61세,경상
2016031700100433,2016년 3월 17일 17시,목요일,충청남도 보령시 동대동,경상사고,0,0,3,0,차대차 - 측면직각충돌,차로위반,건조,맑음,단일로 - 기타,승용,여,46세,경상,승용,남,65세,경상
2016031700100473,2016년 3월 17일 18시,목요일,충청남도 공주시 반포면,경상사고,0,0,3,0,차대차 - 측면충돌,안전운전불이행,건조,맑음,교차로 - 교차로안,승용,여,41세,경상,승용,여,52세,경상
2016031700100474,2016년 3월 17일 18시,목요일,충청남도 예산군 예산읍,중상사고,0,2,1,0,차대차 - 측면직각충돌,직진우회전진행방해,건조,흐림,교차로 - 교차로안,화물,남,58세,상해없음,승합,여,57세,중상
2016031700100475,2016년 3월 17일 18시,목요일,충청남도 천안시 동남구 원성동,부상신고사고,0,0,0,1,차대차 - 기타,안전운전불이행,건조,맑음,교차로 - 교차로부근,자전거,남,78세,부상신고,승용,여,58세,상해없음
2016031700100541,2016년 3월 17일 20시,목요일,충청남도 천안시 서북구 차암동,경상사고,0,0,1,0,차대차 - 측면직각충돌,안전거리미확보,건조,기타,교차로 - 교차로부근,승합,남,61세,상해없음,승합,남,24세,경상
2016031700100542,2016년 3월 17일 20시,목요일,충청남도 보령시 주포면,경상사고,0,0,1,0,차대사람 - 기타,안전운전불이행,건조,맑음,기타 - 기타,승용,여,57세,상해없음,보행자,여,56세,경상
2016031700100577,2016년 3월 17일 21시,목요일,충청남도 천안시 서북구 신당동,경상사고,0,0,1,0,차대차 - 추돌,안전운전불이행,건조,맑음,교차로 - 교차로안,승용,남,23세,상해없음,승용,남,27세,경상
2016031700100578,2016년 3월 17일 21시,목요일,충청남도 홍성군 홍성읍,경상사고,0,0,1,0,차대차 - 측면충돌,중앙선침범,건조,맑음,단일로 - 기타,승용,여,43세,상해없음,이륜,남,17세,경상
2016031700100613,2016년 3월 17일 22시,목요일,충청남도 천안시 서북구 쌍용동,경상사고,0,0,1,1,차대차 - 측면직각충돌,신호위반,건조,맑음,교차로 - 교차로안,이륜,남,16세,부상신고,승용,남,50세,경상
2016031700100615,2016년 3월 17일 22시,목요일,충청남도 천안시 동남구 신방동,중상사고,0,2,0,0,차대차 - 추돌,안전운전불이행,건조,맑음,단일로 - 기타,승용,남,40세,상해없음,승용,남,52세,중상
2016031800100045,2016년 3월 18일 03시,금요일,충청남도 천안시 동남구 신방동,사망사고,1,0,0,0,차대사람 - 횡단중,안전운전불이행,건조,맑음,단일로 - 기타,승용,남,31세,상해없음,보행자,남,28세,사망
2016031800100098,2016년 3월 18일 07시,금요일,충청남도 홍성군 홍성읍,경상사고,0,0,1,0,차대차 - 측면충돌,안전운전불이행,건조,맑음,교차로 - 교차로부근,승용,남,35세,상해없음,승용,남,40세,경상
2016031800100132,2016년 3월 18일 08시,금요일,충청남도 금산군 금산읍,경상사고,0,0,1,0,차대차 - 측면충돌,신호위반,습기,비,교차로 - 교차로안,승용,남,46세,상해없음,승용,여,52세,경상
2016031800100194,2016년 3월 18일 10시,금요일,충청남도 논산시 반월동,경상사고,0,0,1,0,차대차 - 측면충돌,안전운전불이행,습기,비,교차로 - 교차로안,승용,남,33세,상해없음,승용,여,57세,경상
2016031800100223,2016년 3월 18일 11시,금요일,충청남도 당진시 송악읍,경상사고,0,0,1,0,차대차 - 추돌,안전운전불이행,건조,맑음,단일로 - 기타,건설기계,남,43세,상해없음,승용,남,44세,경상
2016031800100244,2016년 3월 18일 12시,금요일,충청남도 논산시 반월동,경상사고,0,0,1,0,차대차 - 기타,안전운전불이행,습기,비,교차로 - 교차로안,승용,기타불명,기타불명,기타불명,승용,남,26세,경상
2016031800100245,2016년 3월 18일 12시,금요일,충청남도 천안시 동남구 성황동,경상사고,0,0,2,0,차대차 - 추돌,안전운전불이행,건조,맑음,교차로 - 교차로부근,승용,남,46세,상해없음,승용,남,57세,경상
2016031800100294,2016년 3월 18일 14시,금요일,충청남도 홍성군 홍성읍,중상사고,0,1,0,0,차대차 - 추돌,안전거리미확보,건조,맑음,교차로 - 교차로부근,승용,남,67세,상해없음,이륜,남,81세,중상
2016031800100362,2016년 3월 18일 16시,금요일,충청남도 서산시 읍내동,중상사고,0,1,0,0,차대차 - 정면충돌,불법유턴,건조,맑음,단일로 - 기타,승용,남,56세,상해없음,승용,여,39세,중상
2016031800100396,2016년 3월 18일 17시,금요일,충청남도 아산시 영인면,경상사고,0,0,1,0,차대차 - 정면충돌,중앙선침범,건조,맑음,단일로 - 기타,승합,남,66세,상해없음,화물,남,39세,경상
2016031800100398,2016년 3월 18일 17시,금요일,충청남도 당진시 읍내리,경상사고,0,0,1,0,차대차 - 기타,안전운전불이행,건조,맑음,교차로 - 교차로안,승용,남,52세,상해없음,승용,남,22세,경상
2016031800100493,2016년 3월 18일 19시,금요일,충청남도 예산군 고덕면,사망사고,1,0,0,0,차대사람 - 차도통행중,안전운전불이행,건조,맑음,교차로 - 교차로안,화물,남,67세,상해없음,보행자,여,80세,사망
2016031800100534,2016년 3월 18일 20시,금요일,충청남도 논산시 연무읍,경상사고,0,0,1,0,차대차 - 측면충돌,중앙선침범,건조,맑음,단일로 - 기타,승용,남,48세,기타불명,승용,여,55세,경상
2016031800100535,2016년 3월 18일 20시,금요일,충청남도 논산시 연산면,중상사고,0,1,0,0,차대사람 - 차도통행중,안전운전불이행,건조,맑음,단일로 - 기타,승용,남,36세,상해없음,보행자,남,61세,중상
2016031800100536,2016년 3월 18일 20시,금요일,충청남도 천안시 동남구 청수동,경상사고,0,0,2,0,차대차 - 정면충돌,교차로운행방법위반,건조,맑음,교차로 - 교차로안,화물,남,30세,상해없음,승용,남,62세,경상
2016031800100568,2016년 3월 18일 21시,금요일,충청남도 홍성군 구항면,경상사고,0,0,1,0,차대차 - 추돌,안전운전불이행,건조,맑음,단일로 - 기타,승용,여,47세,기타불명,승용,여,47세,경상
2016031800100595,2016년 3월 18일 22시,금요일,충청남도 논산시 취암동,경상사고,0,0,1,0,차대사람 - 기타,안전운전불이행,건조,맑음,단일로 - 기타,승용,여,47세,상해없음,보행자,남,37세,경상
2016031800100596,2016년 3월 18일 22시,금요일,충청남도 천안시 동남구 봉명동,중상사고,0,1,0,0,차대사람 - 횡단중,안전운전불이행,건조,맑음,단일로 - 기타,승용,남,31세,상해없음,보행자,여,24세,중상
2016031900100114,2016년 3월 19일 07시,토요일,충청남도 천안시 동남구 신방동,경상사고,0,0,1,1,차대차 - 추돌,안전운전불이행,건조,맑음,단일로 - 기타,승용,여,44세,부상신고,승합,남,55세,경상
2016031900100214,2016년 3월 19일 11시,토요일,충청남도 천안시 서북구 입장면,경상사고,0,0,1,0,차대차 - 기타,교차로운행방법위반,건조,맑음,교차로 - 교차로안,건설기계,남,47세,상해없음,승용,남,36세,경상
2016031900100215,2016년 3월 19일 11시,토요일,충청남도 아산시 도고면,사망사고,1,0,0,0,차량단독 - 전도전복,안전운전불이행,건조,맑음,단일로 - 기타,승용,남,42세,사망,,,,
2016031900100249,2016년 3월 19일 12시,토요일,충청남도 논산시 연무읍,경상사고,0,0,2,0,차대차 - 측면직각충돌,교차로운행방법위반,건조,맑음,교차로 - 교차로안,승용,여,51세,상해없음,승용,여,42세,경상
2016031900100250,2016년 3월 19일 12시,토요일,충청남도 아산시 방축동,경상사고,0,0,2,0,차대차 - 측면충돌,신호위반,건조,맑음,교차로 - 교차로안,승용,남,31세,기타불명,승용,여,53세,경상
2016031900100282,2016년 3월 19일 13시,토요일,충청남도 서산시 대산읍,사망사고,1,0,0,0,차대차 - 정면충돌,중앙선침범,건조,맑음,단일로 - 기타,승용,여,30세,사망,화물,남,33세,상해없음
2016031900100283,2016년 3월 19일 13시,토요일,충청남도 논산시 부창동,경상사고,0,0,1,1,차량단독 - 기타,안전운전불이행,건조,맑음,교차로 - 교차로안,승용,남,36세,상해없음,,,,
2016031900100323,2016년 3월 19일 14시,토요일,충청남도 아산시 신창면,중상사고,0,1,0,0,차대차 - 측면충돌,안전운전불이행,건조,맑음,교차로 - 교차로부근,승용,남,38세,상해없음,화물,남,44세,중상
2016031900100324,2016년 3월 19일 14시,토요일,충청남도 공주시 옥룡동,경상사고,0,0,1,0,차대사람 - 차도통행중,안전운전불이행,건조,맑음,단일로 - 기타,승용,여,64세,상해없음,보행자,남,10세,경상
2016031900100363,2016년 3월 19일 15시,토요일,충청남도 서산시 읍내동,부상신고사고,0,0,0,1,차량단독 - 공작물충돌,안전운전불이행,건조,맑음,단일로 - 기타,승용,남,38세,부상신고,,,,
2016031900100409,2016년 3월 19일 16시,토요일,충청남도 계룡시 엄사면,중상사고,0,1,0,0,차대사람 - 횡단중,안전운전불이행,건조,맑음,교차로 - 교차로안,승용,여,41세,상해없음,보행자,남,54세,중상
2016031900100410,2016년 3월 19일 16시,토요일,충청남도 보령시 남포면,경상사고,0,0,1,0,차량단독 - 도로외이탈 - 기타,안전운전불이행,건조,맑음,단일로 - 기타,원동기,남,77세,경상,,,,
2016031900100453,2016년 3월 19일 17시,토요일,충청남도 홍성군 은하면,중상사고,0,1,1,0,차대차 - 측면충돌,중앙선침범,건조,맑음,교차로 - 교차로안,승용,남,20세,상해없음,승용,남,45세,경상
2016031900100489,2016년 3월 19일 18시,토요일,충청남도 당진시 석문면,사망사고,1,0,0,0,차대차 - 측면충돌,중앙선침범,건조,맑음,단일로 - 기타,화물,남,48세,상해없음,승용,남,58세,사망
2016031900100535,2016년 3월 19일 19시,토요일,충청남도 서산시 음암면,중상사고,0,1,0,0,차대사람 - 횡단중,안전운전불이행,건조,맑음,단일로 - 기타,승용,남,33세,상해없음,보행자,남,22세,중상
2016031900100536,2016년 3월 19일 19시,토요일,충청남도 천안시 서북구 불당동,경상사고,0,0,3,0,차대차 - 추돌,안전운전불이행,건조,맑음,교차로 - 교차로부근,승용,남,53세,상해없음,승용,남,30세,경상
2016031900100537,2016년 3월 19일 19시,토요일,충청남도 아산시 모종동,중상사고,0,1,0,0,차대사람 - 횡단중,안전운전불이행,건조,맑음,단일로 - 기타,승용,여,49세,상해없음,보행자,여,79세,중상
2016031900100538,2016년 3월 19일 19시,토요일,충청남도 보령시 동대동,사망사고,1,0,0,0,차대사람 - 횡단중,과속,건조,맑음,단일로 - 횡단보도상,화물,남,40세,상해없음,보행자,남,54세,사망
2016031900100575,2016년 3월 19일 20시,토요일,충청남도 보령시 대천동,중상사고,0,1,0,0,차대사람 - 횡단중,보행자보호의무위반,건조,맑음,단일로 - 기타,화물,남,46세,상해없음,보행자,여,44세,중상
2016031900100576,2016년 3월 19일 20시,토요일,충청남도 부여군 장암면,중상사고,0,1,0,0,차대차 - 정면충돌,안전운전불이행,건조,맑음,단일로 - 기타,승용,여,45세,기타불명,승용,남,62세,중상
2016031900100621,2016년 3월 19일 22시,토요일,충청남도 천안시 서북구 백석동,경상사고,0,0,1,0,차대차 - 기타,신호위반,건조,맑음,교차로 - 교차로부근,승용,남,30세,상해없음,승용,여,25세,경상
2016031900100622,2016년 3월 19일 22시,토요일,충청남도 천안시 서북구 두정동,경상사고,0,0,1,0,차대사람 - 기타,안전운전불이행,건조,맑음,단일로 - 기타,승용,남,30세,상해없음,보행자,남,35세,경상
2016031900100623,2016년 3월 19일 22시,토요일,충청남도 보령시 동대동,경상사고,0,0,1,0,차대차 - 측면직각충돌,직진우회전진행방해,건조,맑음,교차로 - 교차로안,승용,여,42세,상해없음,원동기,여,48세,경상
2016031900100644,2016년 3월 19일 23시,토요일,충청남도 아산시 탕정면,중상사고,0,1,3,0,차대차 - 추돌,안전운전불이행,건조,맑음,교차로 - 교차로부근,승합,남,53세,상해없음,승용,남,28세,중상
2016031900100645,2016년 3월 19일 23시,토요일,충청남도 서천군 서면,경상사고,0,0,1,0,차대사람 - 기타,안전운전불이행,건조,맑음,단일로 - 기타,승용,남,40세,기타불명,보행자,여,20세,경상
2016032000100013,2016년 3월 20일 00시,일요일,충청남도 당진시 신평면,중상사고,0,2,0,0,차대차 - 측면충돌,안전운전불이행,건조,맑음,단일로 - 기타,승용,남,30세,상해없음,승용,남,53세,상해없음
2016032000100030,2016년 3월 20일 01시,일요일,충청남도 천안시 동남구 신부동,경상사고,0,0,1,0,차대사람 - 기타,안전운전불이행,건조,맑음,단일로 - 기타,승용,여,46세,상해없음,보행자,남,13세,경상
2016032000100080,2016년 3월 20일 05시,일요일,충청남도 서산시 읍내동,부상신고사고,0,0,0,2,차대사람 - 차도통행중,안전운전불이행,건조,맑음,단일로 - 기타,승용,남,32세,상해없음,보행자,남,29세,부상신고
2016032000100103,2016년 3월 20일 07시,일요일,충청남도 태안군 태안읍,경상사고,0,0,1,0,차대차 - 정면충돌,안전운전불이행,건조,맑음,단일로 - 기타,승용,여,34세,상해없음,이륜,남,68세,경상
2016032000100104,2016년 3월 20일 07시,일요일,충청남도 공주시 탄천면,경상사고,0,0,1,0,차대차 - 기타,안전운전불이행,건조,맑음,단일로 - 기타,승용,남,39세,상해없음,승합,남,56세,경상
2016032000100122,2016년 3월 20일 08시,일요일,충청남도 아산시 영인면,중상사고,0,1,0,0,차대차 - 측면충돌,교차로운행방법위반,건조,맑음,교차로 - 교차로안,승용,남,61세,상해없음,승용,여,43세,중상
2016032000100152,2016년 3월 20일 10시,일요일,충청남도 보령시 대천동,경상사고,0,0,1,0,차대사람 - 횡단중,안전운전불이행,건조,맑음,단일로 - 기타,승용,여,51세,상해없음,보행자,남,42세,경상
2016032000100216,2016년 3월 20일 13시,일요일,충청남도 부여군 석성면,중상사고,0,1,0,0,차대차 - 측면직각충돌,직진우회전진행방해,건조,맑음,교차로 - 교차로안,승용,여,58세,상해없음,건설기계,남,28세,중상
2016032000100243,2016년 3월 20일 14시,일요일,충청남도 서산시 음암면,중상사고,0,1,0,0,차대차 - 추돌,안전거리미확보,건조,맑음,단일로 - 기타,화물,남,44세,상해없음,농기계,남,65세,중상
2016032000100295,2016년 3월 20일 16시,일요일,충청남도 논산시 광석면,중상사고,0,1,0,0,차대차 - 추돌,과속,건조,맑음,단일로 - 기타,승용,남,41세,상해없음,화물,남,44세,중상
2016032000100296,2016년 3월 20일 16시,일요일,충청남도 아산시 기산동,경상사고,0,0,1,0,차대차 - 측면충돌,안전운전불이행,건조,맑음,단일로 - 기타,승용,남,23세,상해없음,자전거,남,44세,경상
2016032000100324,2016년 3월 20일 17시,일요일,충청남도 공주시 유구읍,경상사고,0,0,1,0,차대차 - 기타,안전운전불이행,건조,맑음,단일로 - 교량,승용,남,37세,상해없음,승용,남,48세,경상
2016032000100348,2016년 3월 20일 18시,일요일,충청남도 당진시 면천면,경상사고,0,0,3,0,차대차 - 기타,안전운전불이행,건조,맑음,단일로 - 기타,화물,남,42세,상해없음,승용,남,31세,경상
2016032000100375,2016년 3월 20일 19시,일요일,충청남도 천안시 서북구 쌍용동,경상사고,0,0,1,0,차대사람 - 횡단중,보행자보호의무위반,건조,맑음,단일로 - 기타,승용,남,22세,상해없음,보행자,남,25세,경상
2016032000100376,2016년 3월 20일 19시,일요일,충청남도 보령시 명천동,경상사고,0,0,1,0,차대사람 - 횡단중,안전운전불이행,건조,맑음,단일로 - 기타,승용,남,30세,상해없음,보행자,남,69세,경상
2016032000100401,2016년 3월 20일 20시,일요일,충청남도 논산시 연무읍,중상사고,0,1,0,0,차량단독 - 전도전복,안전운전불이행,건조,맑음,단일로 - 기타,이륜,남,55세,중상,,,,
2016032000100402,2016년 3월 20일 20시,일요일,충청남도 보령시 명천동,중상사고,0,1,0,0,차대사람 - 횡단중,보행자보호의무위반,건조,맑음,단일로 - 기타,승용,여,26세,상해없음,보행자,남,36세,중상
2016032000100427,2016년 3월 20일 21시,일요일,충청남도 보령시 동대동,중상사고,0,1,0,0,차대차 - 측면직각충돌,중앙선침범,건조,맑음,단일로 - 기타,승용,남,33세,상해없음,원동기,남,47세,중상
2016032000100459,2016년 3월 20일 22시,일요일,충청남도 당진시 읍내리,경상사고,0,0,1,0,차대차 - 측면직각충돌,교차로운행방법위반,건조,맑음,교차로 - 교차로안,승용,남,36세,상해없음,승용,여,45세,경상
2016032000100482,2016년 3월 20일 23시,일요일,충청남도 당진시 송산면,경상사고,0,0,1,1,차대차 - 추돌,안전운전불이행,건조,맑음,단일로 - 기타,승용,남,46세,상해없음,승용,남,41세,경상