사고번호,사고일시,요일,시군구,사고내용,사망자수,중상자수,경상자수,부상신고자수,사고유형,법규위반,노면상태,기상상태,도로형태,가해운전자 차종,가해운전자 성별,가해운전자 연령,가해운전자 상해정도,피해운전자 차종,피해운전자 성별,피해운전자 연령,피해운전자 상해정도
2016032500100501,2016년 3월 25일 19시,금요일,충청남도 아산시 배방읍,경상사고,0,0,3,0,차대차 - 추돌,안전거리미확보,건조,맑음,단일로 - 기타,승합,남,49세,기타불명,승합,남,50세,경상
2016032500100502,2016년 3월 25일 19시,금요일,충청남도 당진시 정미면,중상사고,0,2,0,0,차대차 - 측면직각충돌,교차로운행방법위반,건조,맑음,교차로 - 교차로안,승용,남,29세,상해없음,화물,남,46세,중상
2016032500100549,2016년 3월 25일 20시,금요일,충청남도 서천군 서천읍,중상사고,0,1,1,0,차대사람 - 횡단중,안전운전불이행,건조,맑음,교차로 - 교차로안,화물,남,37세,상해없음,보행자,여,45세,중상
2016032500100550,2016년 3월 25일 20시,금요일,충청남도 당진시 송악읍,경상사고,0,0,3,0,차대차 - 측면직각충돌,안전거리미확보,건조,맑음,단일로 - 기타,승용,남,56세,상해없음,승용,남,29세,경상
2016032500100552,2016년 3월 25일 20시,금요일,충청남도 천안시 동남구 목천읍,경상사고,0,0,1,0,차대차 - 측면직각충돌,중앙선침범,건조,맑음,단일로 - 기타,기타불명,기타불명,기타불명,기타불명,승합,남,40세,경상
2016032500100617,2016년 3월 25일 22시,금요일,충청남도 홍성군 홍북면,경상사고,0,0,2,0,차대차 - 측면충돌,교차로운행방법위반,건조,맑음,교차로 - 교차로안,승용,여,28세,경상,승용,여,60세,경상
2016032500100647,2016년 3월 25일 23시,금요일,충청남도 천안시 동남구 신부동,경상사고,0,0,1,0,차대차 - 측면충돌,교차로운행방법위반,건조,맑음,교차로 - 교차로안,승용,여,55세,상해없음,승용,남,30세,경상
2016032600100015,2016년 3월 26일 00시,토요일,충청남도 천안시 동남구 신방동,중상사고,0,1,1,0,차대차 - 추돌,안전운전불이행,건조,맑음,단일로 - 기타,승용,남,45세,상해없음,승용,여,53세,중상
2016032600100043,2016년 3월 26일 01시,토요일,충청남도 천안시 서북구 성성동,경상사고,0,0,1,0,차대차 - 정면충돌,교차로운행방법위반,건조,맑음,교차로 - 교차로안,승용,남,24세,상해없음,승용,남,57세,경상
2016032600100061,2016년 3월 26일 02시,토요일,충청남도 천안시 서북구 성거읍,중상사고,0,1,0,0,차대차 - 추돌,안전운전불이행,건조,맑음,단일로 - 기타,화물,남,24세,중상,특수,남,43세,상해없음
2016032600100130,2016년 3월 26일 07시,토요일,충청남도 당진시 채운동,경상사고,0,0,1,0,차대차 - 측면충돌,안전운전불이행,건조,맑음,단일로 - 기타,이륜,남,59세,경상,승용,남,72세,상해없음
2016032600100173,2016년 3월 26일 09시,토요일,충청남도 서산시 석림동,중상사고,0,1,0,1,차대차 - 정면충돌,기타,건조,맑음,단일로 - 기타,승용,남,78세,중상,승용,여,48세,부상신고
2016032600100174,2016년 3월 26일 09시,토요일,충청남도 공주시 신풍면,중상사고,0,1,0,0,차대차 - 추돌,안전운전불이행,건조,맑음,단일로 - 기타,건설기계,남,46세,상해없음,화물,남,63세,중상
2016032600100175,2016년 3월 26일 09시,토요일,충청남도 천안시 동남구 목천읍,경상사고,0,0,1,1,차대차 - 추돌,안전운전불이행,건조,맑음,단일로 - 교량,농기계,남,29세,부상신고,승용,남,27세,경상
2016032600100204,2016년 3월 26일 10시,토요일,충청남도 천안시 서북구 성정동,중상사고,0,1,1,0,차대차 - 기타,중앙선침범,건조,맑음,교차로 - 교차로부근,승용,남,44세,상해없음,승합,여,42세,경상
2016032600100205,2016년 3월 26일 10시,토요일,충청남도 천안시 서북구 두정동,경상사고,0,0,1,0,차대차 - 기타,안전운전불이행,건조,맑음,단일로 - 기타,화물,남,56세,상해없음,승용,여,60세,경상
2016032600100244,2016년 3월 26일 11시,토요일,충청남도 천안시 서북구 백석동,경상사고,0,0,2,0,차대차 - 측면직각충돌,신호위반,건조,맑음,교차로 - 교차로안,승용,남,36세,상해없음,승용,남,40세,경상
2016032600100245,2016년 3월 26일 11시,토요일,충청남도 아산시 음봉면,중상사고,0,1,0,0,차대사람 - 기타,안전운전불이행,건조,맑음,단일로 - 기타,승용,여,29세,상해없음,보행자,남,64세,중상
2016032600100246,2016년 3월 26일 11시,토요일,충청남도 공주시 반포면,경상사고,0,0,2,0,차대차 - 측면직각충돌,안전운전불이행,건조,맑음,단일로 - 기타,승용,남,31세,기타불명,승용,남,73세,경상
2016032600100288,2016년 3월 26일 12시,토요일,충청남도 아산시 모종동,경상사고,0,0,1,0,차대차 - 측면직각충돌,안전운전불이행,건조,맑음,교차로 - 교차로부근,승용,기타불명,기타불명,기타불명,자전거,남,11세,경상
2016032600100335,2016년 3월 26일 13시,토요일,충청남도 금산군 진산면,중상사고,0,1,0,0,차대차 - 측면충돌,안전운전불이행,건조,맑음,교차로 - 교차로안,이륜,남,68세,중상,승용,여,42세,상해없음
2016032600100368,2016년 3월 26일 14시,토요일,충청남도 공주시 금성동,경상사고,0,0,1,0,차대차 - 측면직각충돌,신호위반,건조,맑음,교차로 - 교차로안,승용,남,49세,상해없음,승용,남,38세,경상
2016032600100369,2016년 3월 26일 14시,토요일,충청남도 천안시 동남구 신부동,경상사고,0,0,2,0,차대차 - 추돌,안전운전불이행,건조,맑음,단일로 - 기타,화물,남,51세,상해없음,승용,여,31세,경상
2016032600100403,2016년 3월 26일 15시,토요일,충청남도 천안시 동남구 봉명동,중상사고,0,1,0,0,차대차 - 측면충돌,안전운전불이행,건조,맑음,교차로 - 교차로안,원동기,남,74세,중상,승용,남,37세,상해없음
2016032600100445,2016년 3월 26일 16시,토요일,충청남도 천안시 서북구 쌍용동,경상사고,0,0,1,0,차대차 - 측면직각충돌,기타,건조,맑음,단일로 - 기타,화물,남,52세,상해없음,원동기,남,20세,경상
2016032600100477,2016년 3월 26일 17시,토요일,충청남도 태안군 태안읍,부상신고사고,0,0,0,1,차대차 - 측면직각충돌,안전거리미확보,건조,맑음,단일로 - 기타,화물,남,65세,부상신고,승합,남,42세,상해없음
2016032600100478,2016년 3월 26일 17시,토요일,충청남도 아산시 온천동,경상사고,0,0,1,0,차대차 - 측면충돌,안전운전불이행,건조,맑음,교차로 - 교차로안,원동기,기타불명,기타불명,기타불명,자전거,남,12세,경상
2016032600100557,2016년 3월 26일 19시,토요일,충청남도 아산시 신창면,경상사고,0,0,1,0,차대차 - 기타,안전운전불이행,건조,맑음,기타 - 기타,승용,기타불명,기타불명,기타불명,자전거,남,12세,경상
2016032600100558,2016년 3월 26일 19시,토요일,충청남도 서천군 서천읍,중상사고,0,1,1,0,차대차 - 측면직각충돌,중앙선침범,건조,맑음,교차로 - 교차로부근,승용,남,67세,상해없음,승용,여,34세,중상
2016032600100625,2016년 3월 26일 21시,토요일,충청남도 아산시 신창면,경상사고,0,0,1,0,차대차 - 기타,안전운전불이행,건조,흐림,단일로 - 기타,승용,남,42세,상해없음,승용,남,59세,경상
2016032600100651,2016년 3월 26일 22시,토요일,충청남도 논산시 취암동,중상사고,0,1,0,0,차대차 - 측면직각충돌,중앙선침범,건조,맑음,단일로 - 기타,승용,남,48세,상해없음,이륜,남,17세,중상
2016032700100007,2016년 3월 27일 00시,일요일,충청남도 서산시 음암면,부상신고사고,0,0,0,1,차대차 - 정면충돌,기타,건조,맑음,단일로 - 기타,승용,남,31세,부상신고,승용,남,44세,상해없음
2016032700100041,2016년 3월 27일 03시,일요일,충청남도 천안시 서북구 성정동,경상사고,0,0,2,0,차대차 - 추돌,안전운전불이행,건조,맑음,교차로 - 교차로안,승용,남,34세,상해없음,승용,남,61세,경상
2016032700100042,2016년 3월 27일 03시,일요일,충청남도 당진시 송산면,중상사고,0,1,0,0,차대사람 - 차도통행중,안전운전불이행,건조,맑음,단일로 - 기타,승용,남,46세,상해없음,보행자,여,60세,중상
2016032700100098,2016년 3월 27일 08시,일요일,충청남도 서천군 종천면,중상사고,0,1,1,0,차대차 - 측면직각충돌,직진우회전진행방해,건조,맑음,교차로 - 교차로안,승용,여,55세,중상,승용,남,40세,경상
2016032700100128,2016년 3월 27일 10시,일요일,충청남도 예산군 봉산면,중상사고,0,1,1,0,차대차 - 측면충돌,중앙선침범,건조,맑음,단일로 - 기타,승용,여,34세,상해없음,화물,남,72세,상해없음
2016032700100156,2016년 3월 27일 11시,일요일,충청남도 아산시 탕정면,중상사고,0,1,0,0,차대차 - 측면충돌,직진우회전진행방해,건조,맑음,단일로 - 기타,이륜,남,22세,중상,승합,남,37세,상해없음
2016032700100157,2016년 3월 27일 11시,일요일,충청남도 천안시 동남구 용곡동,경상사고,0,0,2,0,차대차 - 측면직각충돌,교차로운행방법위반,건조,맑음,교차로 - 교차로안,승합,남,61세,상해없음,승용,남,30세,경상
2016032700100230,2016년 3월 27일 14시,일요일,충청남도 태안군 소원면,중상사고,0,1,0,0,차대사람 - 횡단중,안전운전불이행,건조,맑음,기타 - 기타,승용,여,41세,상해없음,보행자,남,59세,중상
2016032700100265,2016년 3월 27일 15시,일요일,충청남도 태안군 근흥면,중상사고,0,2,0,0,차대차 - 측면충돌,신호위반,건조,맑음,교차로 - 교차로안,승용,남,78세,중상,승합,남,52세,상해없음
2016032700100266,2016년 3월 27일 15시,일요일,충청남도 부여군 부여읍,중상사고,0,1,0,0,차대사람 - 길가장자리구역통행중,안전운전불이행,건조,맑음,단일로 - 기타,승용,여,27세,상해없음,보행자,여,48세,중상
2016032700100302,2016년 3월 27일 16시,일요일,충청남도 당진시 송악읍,경상사고,0,0,2,0,차대차 - 기타,안전운전불이행,건조,맑음,단일로 - 기타,승용,여,58세,상해없음,승용,남,35세,상해없음
2016032700100331,2016년 3월 27일 17시,일요일,충청남도 천안시 서북구 성정동,경상사고,0,0,1,0,차대사람 - 기타,안전운전불이행,건조,맑음,교차로 - 교차로안,승용,남,59세,상해없음,보행자,남,41세,경상
2016032700100380,2016년 3월 27일 19시,일요일,충청남도 천안시 동남구 목천읍,중상사고,0,1,0,0,차대차 - 측면직각충돌,신호위반,건조,맑음,교차로 - 교차로안,승용,남,65세,상해없음,승용,남,26세,중상
2016032700100402,2016년 3월 27일 20시,일요일,충청남도 천안시 서북구 성성동,경상사고,0,0,3,0,차대차 - 추돌,안전운전불이행,건조,맑음,교차로 - 교차로부근,승용,남,26세,상해없음,승용,여,50세,경상
2016032700100427,2016년 3월 27일 21시,일요일,충청남도 공주시 계룡면,경상사고,0,0,1,0,차대차 - 정면충돌,중앙선침범,건조,맑음,교차로 - 교차로안,승용,남,57세,기타불명,승용,남,27세,경상
2016032700100428,2016년 3월 27일 21시,일요일,충청남도 부여군 부여읍,사망사고,1,0,0,0,차량단독 - 전도전복,안전운전불이행,건조,맑음,교차로 - 교차로안,승용,남,56세,사망,,,,
2016032800100006,2016년 3월 28일 00시,월요일,충청남도 아산시 배방읍,중상사고,0,2,1,0,차대차 - 추돌,안전운전불이행,건조,맑음,단일로 - 교량,승용,남,23세,상해없음,승용,남,61세,경상
2016032800100007,2016년 3월 28일 00시,월요일,충청남도 천안시 동남구 봉명동,경상사고,0,0,1,0,차대차 - 추돌,안전운전불이행,건조,맑음,단일로 - 기타,승용,남,54세,상해없음,승용,남,31세,경상
2016032800100033,2016년 3월 28일 04시,월요일,충청남도 아산시 탕정면,중상사고,0,1,0,0,차량단독 - 공작물충돌,안전운전불이행,건조,맑음,교차로 - 교차로부근,승용,남,47세,중상,,,,
2016032800100047,2016년 3월 28일 06시,월요일,충청남도 천안시 서북구 성정동,중상사고,0,1,0,0,차대사람 - 기타,안전운전불이행,건조,맑음,교차로 - 교차로부근,건설기계,남,39세,상해없음,보행자,여,67세,중상
2016032800100048,2016년 3월 28일 06시,월요일,충청남도 보령시 주교면,중상사고,0,2,0,0,차대차 - 정면충돌,중앙선침범,건조,맑음,단일로 - 기타,승용,여,52세,중상,승용,남,60세,중상
2016032800100069,2016년 3월 28일 07시,월요일,충청남도 아산시 배방읍,경상사고,0,0,2,0,차대차 - 기타,신호위반,건조,맑음,교차로 - 교차로안,승용,남,49세,상해없음,승용,남,32세,경상
2016032800100070,2016년 3월 28일 07시,월요일,충청남도 예산군 응봉면,경상사고,0,0,1,0,차대차 - 측면충돌,신호위반,건조,맑음,교차로 - 교차로안,승용,남,50세,상해없음,승용,남,48세,경상
2016032800100071,2016년 3월 28일 07시,월요일,충청남도 금산군 추부면,경상사고,0,0,2,0,차대차 - 측면직각충돌,중앙선침범,건조,맑음,단일로 - 기타,화물,남,46세,상해없음,승합,남,52세,경상
2016032800100162,2016년 3월 28일 09시,월요일,충청남도 태안군 소원면,경상사고,0,0,1,0,차대차 - 측면직각충돌,교차로운행방법위반,건조,맑음,교차로 - 교차로안,승합,남,55세,상해없음,승용,여,66세,경상
2016032800100163,2016년 3월 28일 09시,월요일,충청남도 서산시 읍내동,경상사고,0,0,3,0,차대차 - 측면직각충돌,직진우회전진행방해,건조,맑음,교차로 - 교차로안,승용,여,55세,경상,승용,여,38세,경상
2016032800100165,2016년 3월 28일 09시,월요일,충청남도 공주시 사곡면,중상사고,0,2,0,0,차대차 - 정면충돌,중앙선침범,건조,맑음,단일로 - 기타,승용,남,30세,상해없음,승용,남,66세,중상
2016032800100166,2016년 3월 28일 09시,월요일,충청남도 천안시 동남구 영성동,경상사고,0,0,1,0,차대차 - 측면직각충돌,불법유턴,건조,맑음,단일로 - 횡단보도상,자전거,남,32세,경상,승합,남,58세,상해없음
2016032800100214,2016년 3월 28일 10시,월요일,충청남도 천안시 서북구 백석동,경상사고,0,0,1,0,차대차 - 측면직각충돌,신호위반,건조,맑음,교차로 - 교차로안,승용,남,44세,상해없음,승용,남,54세,경상
2016032800100215,2016년 3월 28일 10시,월요일,충청남도 천안시 동남구 영성동,경상사고,0,0,1,0,차대차 - 정면충돌,안전운전불이행,건조,맑음,교차로 - 교차로부근,승용,남,79세,상해없음,승용,남,33세,경상
2016032800100251,2016년 3월 28일 11시,월요일,충청남도 보령시 대천동,중상사고,0,2,0,0,차대차 - 측면직각충돌,직진우회전진행방해,건조,맑음,교차로 - 교차로안,승용,남,25세,상해없음,승용,남,65세,중상
2016032800100253,2016년 3월 28일 11시,월요일,충청남도 천안시 동남구 봉명동,경상사고,0,0,1,0,차대차 - 추돌,안전운전불이행,건조,맑음,단일로 - 기타,승용,남,42세,상해없음,이륜,남,23세,상해없음
2016032800100281,2016년 3월 28일 12시,월요일,충청남도 서산시 석림동,경상사고,0,0,1,0,차대차 - 정면충돌,신호위반,건조,맑음,교차로 - 교차로안,원동기,남,80세,경상,승용,남,59세,상해없음
2016032800100282,2016년 3월 28일 12시,월요일,충청남도 부여군 규암면,중상사고,0,3,0,0,차대차 - 측면충돌,안전운전불이행,건조,맑음,단일로 - 기타,승용,남,59세,상해없음,승용,남,51세,중상
2016032800100308,2016년 3월 28일 13시,월요일,충청남도 서천군 서면,경상사고,0,0,2,0,차대차 - 추돌,안전운전불이행,건조,맑음,단일로 - 기타,승용,남,76세,상해없음,승용,여,41세,상해없음
2016032800100375,2016년 3월 28일 15시,월요일,충청남도 천안시 서북구 입장면,중상사고,0,1,0,0,차대차 - 측면직각충돌,신호위반,건조,맑음,교차로 - 교차로안,화물,남,30세,상해없음,화물,남,40세,중상
2016032800100376,2016년 3월 28일 15시,월요일,충청남도 보령시 대천동,중상사고,0,1,0,0,차대차 - 측면직각충돌,직진우회전진행방해,건조,맑음,교차로 - 교차로안,화물,남,48세,상해없음,원동기,남,73세,중상
2016032800100377,2016년 3월 28일 15시,월요일,충청남도 예산군 응봉면,중상사고,0,1,0,0,차대차 - 추돌,안전거리미확보,건조,맑음,단일로 - 기타,화물,여,47세,상해없음,농기계,남,69세,중상
2016032800100378,2016년 3월 28일 15시,월요일,충청남도 청양군 청남면,사망사고,1,0,0,0,차대차 - 측면직각충돌,직진우회전진행방해,건조,맑음,교차로 - 교차로안,이륜,남,78세,사망,건설기계,남,43세,상해없음
2016032800100414,2016년 3월 28일 16시,월요일,충청남도 당진시 합덕읍,경상사고,0,0,2,0,차대차 - 측면충돌,교차로운행방법위반,건조,맑음,교차로 - 교차로안,승용,남,63세,상해없음,승용,남,69세,경상
2016032800100415,2016년 3월 28일 16시,월요일,충청남도 당진시 채운동,중상사고,0,1,0,0,차대차 - 측면충돌,교차로운행방법위반,건조,맑음,교차로 - 교차로안,화물,남,49세,상해없음,이륜,남,34세,중상
2016032800100416,2016년 3월 28일 16시,월요일,충청남도 공주시 정안면,경상사고,0,0,2,0,차대차 - 정면충돌,안전거리미확보,건조,맑음,단일로 - 기타,승용,남,47세,상해없음,승용,남,42세,상해없음
2016032800100417,2016년 3월 28일 16시,월요일,충청남도 천안시 서북구 입장면,중상사고,0,1,0,0,차대차 - 정면충돌,안전운전불이행,건조,맑음,단일로 - 기타,승용,남,51세,상해없음,승용,남,41세,중상
2016032800100487,2016년 3월 28일 18시,월요일,충청남도 계룡시 금암동,경상사고,0,0,1,0,차대차 - 추돌,안전운전불이행,건조,맑음,단일로 - 기타,승용,여,29세,상해없음,승용,여,47세,경상
2016032800100488,2016년 3월 28일 18시,월요일,충청남도 공주시 반포면,중상사고,0,1,0,0,차대차 - 정면충돌,중앙선침범,건조,맑음,단일로 - 기타,승용,여,65세,상해없음,승용,여,34세,중상
2016032800100521,2016년 3월 28일 19시,월요일,충청남도 태안군 남면,사망사고,1,0,0,0,차대차 - 정면충돌,중앙선침범,건조,맑음,단일로 - 기타,원동기,남,44세,사망,승용,남,52세,상해없음
2016032800100522,2016년 3월 28일 19시,월요일,충청남도 홍성군 홍북면,경상사고,0,0,1,0,차대차 - 측면충돌,안전운전불이행,건조,맑음,단일로 - 기타,농기계,남,60세,상해없음,승용,남,58세,상해없음
2016032800100523,2016년 3월 28일 19시,월요일,충청남도 홍성군 금마면,사망사고,1,0,1,0,차대차 - 측면충돌,신호위반,건조,맑음,교차로 - 교차로안,화물,남,53세,사망,화물,남,53세,경상
2016032800100524,2016년 3월 28일 19시,월요일,충청남도 아산시 탕정면,경상사고,0,0,1,0,차대차 - 측면충돌,안전운전불이행,건조,맑음,단일로 - 기타,화물,남,31세,상해없음,승용,여,50세,경상
2016032800100525,2016년 3월 28일 19시,월요일,충청남도 아산시 배방읍,경상사고,0,0,2,0,차대차 - 추돌,안전운전불이행,건조,맑음,미분류 - 미분류,승용,여,50세,상해없음,승용,남,39세,경상
2016032800100526,2016년 3월 28일 19시,월요일,충청남도 천안시 동남구 구성동,경상사고,0,0,1,0,차대차 - 기타,직진우회전진행방해,건조,맑음,교차로 - 교차로안,승용,여,45세,상해없음,이륜,남,19세,경상
2016032800100572,2016년 3월 28일 20시,월요일,충청남도 천안시 서북구 업성동,중상사고,0,1,2,0,차대차 - 정면충돌,안전운전불이행,건조,맑음,교차로 - 교차로부근,승용,남,25세,상해없음,승용,남,31세,중상
2016032800100573,2016년 3월 28일 20시,월요일,충청남도 논산시 내동,중상사고,0,1,0,0,차대사람 - 횡단중,보행자보호의무위반,건조,맑음,교차로 - 교차로안,승용,남,23세,상해없음,보행자,여,13세,중상
2016032800100574,2016년 3월 28일 20시,월요일,충청남도 천안시 동남구 청수동,중상사고,0,1,0,0,차대사람 - 횡단중,신호위반,건조,맑음,단일로 - 횡단보도상,승용,남,58세,상해없음,보행자,여,60세,중상
2016032800100660,2016년 3월 28일 23시,월요일,충청남도 천안시 서북구 두정동,경상사고,0,0,2,0,차대차 - 정면충돌,교차로운행방법위반,건조,맑음,교차로 - 교차로안,승용,남,29세,상해없음,승용,여,44세,경상
2016032800100661,2016년 3월 28일 23시,월요일,충청남도 당진시 읍내리,경상사고,0,0,1,0,차대차 - 측면직각충돌,교차로운행방법위반,건조,맑음,교차로 - 교차로안,승용,남,23세,상해없음,승용,여,48세,경상
2016032800100662,2016년 3월 28일 23시,월요일,충청남도 천안시 동남구 신부동,부상신고사고,0,0,0,1,차대사람 - 길가장자리구역통행중,안전운전불이행,건조,맑음,단일로 - 기타,승용,남,26세,상해없음,보행자,남,17세,부상신고
2016032900100010,2016년 3월 29일 00시,화요일,충청남도 공주시 신관동,중상사고,0,1,0,0,차대사람 - 횡단중,안전운전불이행,건조,맑음,단일로 - 기타,승용,남,32세,상해없음,보행자,남,58세,중상
2016032900100039,2016년 3월 29일 02시,화요일,충청남도 서산시 잠홍동,경상사고,0,0,1,0,차대차 - 추돌,안전운전불이행,건조,맑음,단일로 - 기타,승용,남,36세,상해없음,화물,남,47세,경상
2016032900100040,2016년 3월 29일 02시,화요일,충청남도 천안시 서북구 성거읍,중상사고,0,1,0,0,차대사람 - 횡단중,신호위반,건조,맑음,교차로 - 교차로부근,승용,여,22세,상해없음,보행자,남,26세,중상
2016032900100062,2016년 3월 29일 05시,화요일,충청남도 서산시 해미면,경상사고,0,0,1,0,차대차 - 측면직각충돌,안전운전불이행,건조,맑음,단일로 - 기타,승용,남,71세,경상,승용,남,58세,기타불명
2016032900100063,2016년 3월 29일 05시,화요일,충청남도 공주시 신관동,중상사고,0,1,0,0,차대차 - 측면직각충돌,신호위반,건조,맑음,교차로 - 교차로안,승용,여,59세,상해없음,자전거,남,67세,중상
2016032900100089,2016년 3월 29일 07시,화요일,충청남도 천안시 서북구 성정동,경상사고,0,0,1,0,차대사람 - 기타,안전운전불이행,건조,맑음,교차로 - 교차로안,승용,여,27세,상해없음,보행자,여,22세,경상
2016032900100117,2016년 3월 29일 08시,화요일,충청남도 서산시 동문동,중상사고,0,1,0,0,차대차 - 기타,불법유턴,건조,맑음,교차로 - 교차로부근,자전거,남,75세,중상,승용,남,73세,상해없음
2016032900100118,2016년 3월 29일 08시,화요일,충청남도 천안시 동남구 청당동,경상사고,0,0,4,0,차대차 - 측면직각충돌,신호위반,건조,맑음,교차로 - 교차로안,승용,남,33세,상해없음,승용,남,73세,경상
2016032900100146,2016년 3월 29일 09시,화요일,충청남도 계룡시 금암동,중상사고,0,1,1,0,차대차 - 측면충돌,신호위반,건조,맑음,교차로 - 교차로안,화물,남,43세,상해없음,승용,남,52세,경상
2016032900100147,2016년 3월 29일 09시,화요일,충청남도 천안시 동남구 청당동,경상사고,0,0,1,0,차대차 - 측면충돌,차로위반,건조,맑음,교차로 - 교차로부근,건설기계,남,61세,기타불명,승합,여,43세,경상
2016032900100198,2016년 3월 29일 11시,화요일,충청남도 천안시 서북구 두정동,부상신고사고,0,0,0,1,차대차 - 추돌,안전운전불이행,건조,맑음,단일로 - 기타,자전거,남,23세,부상신고,승용,여,34세,상해없음
2016032900100224,2016년 3월 29일 12시,화요일,충청남도 보령시 대천동,중상사고,0,1,0,0,차대차 - 추돌,안전거리미확보,건조,맑음,단일로 - 기타,승용,여,55세,상해없음,승용,남,35세,중상
2016032900100225,2016년 3월 29일 12시,화요일,충청남도 부여군 임천면,경상사고,0,0,1,0,차대차 - 추돌,안전운전불이행,건조,맑음,단일로 - 기타,이륜,남,76세,경상,농기계,남,59세,기타불명
2016032900100242,2016년 3월 29일 13시,화요일,충청남도 보령시 신흑동,중상사고,0,1,0,0,차대차 - 측면직각충돌,안전거리미확보,건조,맑음,단일로 - 기타,승용,남,56세,상해없음,승용,남,80세,중상
2016032900100269,2016년 3월 29일 14시,화요일,충청남도 금산군 금성면,경상사고,0,0,1,0,차량단독 - 전도전복,안전운전불이행,건조,맑음,단일로 - 기타,화물,남,61세,상해없음,,,,
2016032900100297,2016년 3월 29일 15시,화요일,충청남도 천안시 서북구 성성동,경상사고,0,0,1,0,차량단독 - 전도전복,안전운전불이행,건조,맑음,단일로 - 터널,이륜,남,60세,경상,,,,
2016032900100298,2016년 3월 29일 15시,화요일,충청남도 아산시 염치읍,중상사고,0,1,0,0,차량단독 - 전도전복,안전운전불이행,건조,맑음,단일로 - 기타,원동기,남,62세,중상,,,,
2016032900100299,2016년 3월 29일 15시,화요일,충청남도 당진시 합덕읍,중상사고,0,1,0,0,차대사람 - 횡단중,안전운전불이행,건조,맑음,단일로 - 기타,화물,남,65세,상해없음,보행자,남,66세,중상
2016032900100331,2016년 3월 29일 16시,화요일,충청남도 서산시 해미면,중상사고,0,2,1,0,차대차 - 정면충돌,안전운전불이행,건조,맑음,단일로 - 기타,승용,남,47세,중상,화물,남,43세,경상
2016032900100332,2016년 3월 29일 16시,화요일,충청남도 아산시 용화동,경상사고,0,0,1,0,차대차 - 측면충돌,신호위반,건조,맑음,교차로 - 교차로안,화물,남,63세,상해없음,승용,여,51세,경상
2016032900100333,2016년 3월 29일 16시,화요일,충청남도 아산시 선장면,중상사고,0,1,0,0,차대차 - 추돌,안전운전불이행,건조,맑음,단일로 - 기타,이륜,남,72세,중상,승용,남,70세,상해없음
2016032900100334,2016년 3월 29일 16시,화요일,충청남도 공주시 유구읍,경상사고,0,0,2,0,차대차 - 정면충돌,중앙선침범,건조,맑음,단일로 - 기타,농기계,남,72세,상해없음,화물,남,59세,경상
2016032900100405,2016년 3월 29일 18시,화요일,충청남도 천안시 서북구 불당동,경상사고,0,0,4,0,차대차 - 측면충돌,교차로운행방법위반,건조,맑음,교차로 - 교차로안,승용,여,59세,상해없음,승용,남,32세,경상
2016032900100406,2016년 3월 29일 18시,화요일,충청남도 천안시 서북구 쌍용동,경상사고,0,0,1,0,차대차 - 추돌,안전운전불이행,건조,맑음,단일로 - 기타,승용,여,40세,기타불명,승용,남,57세,경상
2016032900100444,2016년 3월 29일 19시,화요일,충청남도 예산군 봉산면,중상사고,0,1,0,0,차대사람 - 횡단중,보행자보호의무위반,건조,맑음,단일로 - 기타,승용,여,46세,상해없음,보행자,남,84세,중상
2016032900100528,2016년 3월 29일 22시,화요일,충청남도 서산시 동문동,경상사고,0,0,1,0,차대차 - 측면충돌,안전운전불이행,건조,맑음,단일로 - 기타,원동기,남,57세,상해없음,원동기,남,19세,경상
2016032900100529,2016년 3월 29일 22시,화요일,충청남도 천안시 서북구 쌍용동,경상사고,0,0,1,0,차대사람 - 기타,안전운전불이행,건조,맑음,기타 - 기타,기타불명,기타불명,기타불명,기타불명,보행자,여,44세,경상
2016032900100530,2016년 3월 29일 22시,화요일,충청남도 공주시 교동,경상사고,0,0,2,0,차대차 - 정면충돌,안전운전불이행,건조,맑음,교차로 - 교차로안,승용,여,48세,경상,승용,여,34세,경상
2016032900100531,2016년 3월 29일 22시,화요일,충청남도 천안시 동남구 신부동,중상사고,0,1,0,0,차대사람 - 횡단중,안전운전불이행,건조,맑음,단일로 - 횡단보도부근,승용,남,34세,상해없음,보행자,여,18세,중상
2016033000100007,2016년 3월 30일 00시,수요일,충청남도 천안시 서북구 성정동,경상사고,0,0,2,0,차대차 - 기타,안전운전불이행,건조,맑음,교차로 - 교차로부근,승용,여,41세,상해없음,승용,남,31세,경상
2016033000100032,2016년 3월 30일 03시,수요일,충청남도 예산군 예산읍,부상신고사고,0,0,0,1,차량단독 - 공작물충돌,안전운전불이행,건조,흐림,단일로 - 기타,승용,남,46세,부상신고,,,,
2016033000100037,2016년 3월 30일 04시,수요일,충청남도 아산시 염치읍,중상사고,0,1,1,0,차대차 - 측면직각충돌,안전운전불이행,건조,흐림,단일로 - 기타,승용,여,44세,경상,화물,남,43세,중상
2016033000100043,2016년 3월 30일 05시,수요일,충청남도 아산시 음봉면,중상사고,0,2,0,0,차량단독 - 전도전복,안전운전불이행,건조,흐림,교차로 - 교차로부근,승용,남,19세,상해없음,,,,
2016033000100100,2016년 3월 30일 08시,수요일,충청남도 태안군 태안읍,중상사고,0,1,0,0,차대차 - 정면충돌,교차로운행방법위반,건조,맑음,단일로 - 기타,이륜,남,48세,중상,승용,남,43세,상해없음