사고번호,사고일시,요일,시군구,사고내용,사망자수,중상자수,경상자수,부상신고자수,사고유형,법규위반,노면상태,기상상태,도로형태,가해운전자 차종,가해운전자 성별,가해운전자 연령,가해운전자 상해정도,피해운전자 차종,피해운전자 성별,피해운전자 연령,피해운전자 상해정도
2016033000100101,2016년 3월 30일 08시,수요일,충청남도 서산시 인지면,경상사고,0,0,2,0,차대차 - 정면충돌,교차로운행방법위반,건조,맑음,교차로 - 교차로안,승용,여,32세,경상,승합,남,71세,경상
2016033000100141,2016년 3월 30일 09시,수요일,충청남도 천안시 서북구 백석동,경상사고,0,0,4,0,차대차 - 측면직각충돌,신호위반,건조,맑음,교차로 - 교차로안,승용,남,35세,경상,승용,남,55세,경상
2016033000100142,2016년 3월 30일 09시,수요일,충청남도 당진시 채운동,경상사고,0,0,1,0,차대차 - 측면충돌,차로위반,건조,맑음,교차로 - 교차로안,승용,여,65세,경상,건설기계,남,48세,기타불명
2016033000100183,2016년 3월 30일 10시,수요일,충청남도 천안시 서북구 두정동,경상사고,0,0,1,0,차대차 - 측면직각충돌,안전운전불이행,건조,맑음,교차로 - 교차로안,승합,남,56세,상해없음,승용,남,23세,경상
2016033000100206,2016년 3월 30일 11시,수요일,충청남도 서산시 동문동,경상사고,0,0,1,0,차대사람 - 기타,안전운전불이행,건조,맑음,단일로 - 기타,승합,여,33세,상해없음,보행자,남,46세,경상
2016033000100207,2016년 3월 30일 11시,수요일,충청남도 금산군 남일면,중상사고,0,1,0,0,차대차 - 추돌,안전운전불이행,건조,맑음,단일로 - 기타,이륜,남,58세,중상,승용,남,58세,기타불명
2016033000100386,2016년 3월 30일 16시,수요일,충청남도 서천군 서천읍,중상사고,0,1,0,0,차대차 - 측면직각충돌,직진우회전진행방해,건조,맑음,교차로 - 교차로안,화물,남,33세,상해없음,자전거,남,14세,중상
2016033000100417,2016년 3월 30일 17시,수요일,충청남도 천안시 서북구 성환읍,중상사고,0,1,0,0,차대사람 - 기타,안전운전불이행,건조,맑음,교차로 - 교차로안,화물,남,35세,상해없음,보행자,여,81세,중상
2016033000100452,2016년 3월 30일 18시,수요일,충청남도 아산시 탕정면,중상사고,0,1,1,0,차대사람 - 기타,안전운전불이행,건조,맑음,단일로 - 기타,이륜,남,75세,중상,보행자,여,83세,경상
2016033000100453,2016년 3월 30일 18시,수요일,충청남도 서천군 비인면,중상사고,0,1,0,0,차량단독 - 전도전복,안전운전불이행,건조,맑음,단일로 - 기타,이륜,남,81세,중상,,,,
2016033000100515,2016년 3월 30일 20시,수요일,충청남도 보령시 동대동,중상사고,0,1,0,0,차대차 - 측면직각충돌,안전운전불이행,건조,맑음,교차로 - 교차로안,승용,여,61세,상해없음,승용,남,41세,중상
2016033000100516,2016년 3월 30일 20시,수요일,충청남도 예산군 예산읍,중상사고,0,1,0,0,차대차 - 추돌,안전운전불이행,건조,맑음,단일로 - 기타,승용,남,43세,상해없음,자전거,남,54세,중상
2016033000100542,2016년 3월 30일 21시,수요일,충청남도 서산시 동문동,경상사고,0,0,1,0,차대차 - 정면충돌,안전운전불이행,건조,맑음,교차로 - 교차로부근,이륜,남,38세,경상,승용,여,41세,상해없음
2016033000100543,2016년 3월 30일 21시,수요일,충청남도 천안시 서북구 쌍용동,중상사고,0,1,0,0,차대사람 - 기타,안전운전불이행,건조,맑음,단일로 - 기타,승용,남,56세,상해없음,보행자,여,59세,중상
2016033000100544,2016년 3월 30일 21시,수요일,충청남도 천안시 서북구 두정동,경상사고,0,0,3,0,차대차 - 기타,안전운전불이행,건조,맑음,단일로 - 기타,승용,남,36세,상해없음,승용,남,41세,경상
2016033000100545,2016년 3월 30일 21시,수요일,충청남도 천안시 서북구 두정동,경상사고,0,0,1,0,차대차 - 기타,안전운전불이행,건조,맑음,단일로 - 기타,승합,남,49세,상해없음,원동기,남,18세,경상
2016033000100546,2016년 3월 30일 21시,수요일,충청남도 예산군 고덕면,경상사고,0,0,1,0,차대차 - 정면충돌,중앙선침범,건조,맑음,교차로 - 교차로부근,승용,남,55세,상해없음,승용,남,21세,경상
2016033000100547,2016년 3월 30일 21시,수요일,충청남도 천안시 서북구 입장면,경상사고,0,0,1,0,차대사람 - 횡단중,안전운전불이행,건조,맑음,기타 - 기타,승용,남,27세,상해없음,보행자,여,46세,경상
2016033100100028,2016년 3월 31일 01시,목요일,충청남도 태안군 태안읍,부상신고사고,0,0,0,2,차대차 - 정면충돌,안전운전불이행,건조,맑음,교차로 - 교차로부근,이륜,남,15세,부상신고,승용,남,23세,상해없음
2016033100100029,2016년 3월 31일 01시,목요일,충청남도 천안시 동남구 목천읍,경상사고,0,0,1,0,차대사람 - 횡단중,보행자보호의무위반,건조,맑음,교차로 - 교차로부근,화물,남,53세,상해없음,보행자,남,49세,경상
2016033100100073,2016년 3월 31일 07시,목요일,충청남도 아산시 음봉면,경상사고,0,0,1,0,차대차 - 측면충돌,신호위반,건조,맑음,교차로 - 교차로안,승용,남,67세,상해없음,승용,남,25세,경상
2016033100100102,2016년 3월 31일 08시,목요일,충청남도 보령시 대천동,중상사고,0,1,0,0,차대차 - 기타,기타,건조,맑음,단일로 - 기타,승용,여,36세,기타불명,자전거,여,68세,중상
2016033100100103,2016년 3월 31일 08시,목요일,충청남도 금산군 금산읍,중상사고,0,1,1,0,차대차 - 추돌,안전운전불이행,건조,맑음,교차로 - 교차로안,승용,남,72세,경상,승용,남,47세,중상
2016033100100169,2016년 3월 31일 10시,목요일,충청남도 천안시 서북구 쌍용동,경상사고,0,0,2,0,차대차 - 정면충돌,신호위반,건조,맑음,교차로 - 교차로안,승용,남,56세,상해없음,승용,여,37세,경상
2016033100100194,2016년 3월 31일 11시,목요일,충청남도 태안군 태안읍,중상사고,0,1,0,0,차대차 - 추돌,안전운전불이행,건조,맑음,교차로 - 교차로부근,승용,남,39세,상해없음,화물,남,76세,중상
2016033100100195,2016년 3월 31일 11시,목요일,충청남도 계룡시 두마면,중상사고,0,1,0,0,차대사람 - 길가장자리구역통행중,안전운전불이행,건조,맑음,단일로 - 기타,승용,남,26세,상해없음,보행자,여,90세 이상,중상
2016033100100196,2016년 3월 31일 11시,목요일,충청남도 보령시 웅천읍,중상사고,0,1,0,0,차대차 - 측면직각충돌,직진우회전진행방해,건조,맑음,단일로 - 기타,화물,남,55세,상해없음,이륜,남,81세,중상
2016033100100249,2016년 3월 31일 13시,목요일,충청남도 금산군 복수면,경상사고,0,0,3,0,차대차 - 추돌,안전운전불이행,건조,맑음,단일로 - 교량,건설기계,남,53세,경상,특수,남,41세,경상
2016033100100250,2016년 3월 31일 13시,목요일,충청남도 논산시 가야곡면,사망사고,1,0,0,0,차대차 - 추돌,안전거리미확보,건조,맑음,단일로 - 기타,화물,남,47세,상해없음,화물,남,50세,사망
2016033100100268,2016년 3월 31일 14시,목요일,충청남도 부여군 부여읍,경상사고,0,0,1,0,차대사람 - 횡단중,안전운전불이행,건조,맑음,단일로 - 기타,승용,남,42세,기타불명,보행자,여,75세,경상
2016033100100303,2016년 3월 31일 15시,목요일,충청남도 서산시 고북면,중상사고,0,1,0,0,차량단독 - 공작물충돌,안전운전불이행,건조,맑음,단일로 - 기타,화물,남,46세,중상,,,,
2016033100100305,2016년 3월 31일 15시,목요일,충청남도 당진시 시곡리,경상사고,0,0,1,0,차대차 - 측면충돌,안전운전불이행,건조,맑음,단일로 - 기타,승용,남,74세,상해없음,승용,남,52세,경상
2016033100100306,2016년 3월 31일 15시,목요일,충청남도 청양군 비봉면,경상사고,0,0,1,0,차량단독 - 전도전복,안전운전불이행,건조,맑음,단일로 - 기타,화물,남,28세,경상,,,,
2016033100100341,2016년 3월 31일 16시,목요일,충청남도 아산시 신인동,중상사고,0,1,1,0,차대차 - 정면충돌,중앙선침범,건조,맑음,단일로 - 기타,승용,여,53세,중상,건설기계,남,40세,경상
2016033100100342,2016년 3월 31일 16시,목요일,충청남도 부여군 은산면,중상사고,0,1,0,0,차대차 - 정면충돌,중앙선침범,건조,맑음,단일로 - 기타,승용,여,49세,기타불명,화물,남,38세,중상
2016033100100343,2016년 3월 31일 16시,목요일,충청남도 당진시 읍내리,경상사고,0,0,1,0,차대사람 - 횡단중,안전운전불이행,건조,맑음,교차로 - 교차로안,승용,여,68세,상해없음,보행자,여,88세,경상
2016033100100372,2016년 3월 31일 17시,목요일,충청남도 서산시 석림동,경상사고,0,0,3,0,차대차 - 기타,안전운전불이행,건조,맑음,교차로 - 교차로부근,승용,남,61세,상해없음,승용,여,54세,경상
2016033100100487,2016년 3월 31일 20시,목요일,충청남도 홍성군 광천읍,중상사고,0,1,1,0,차대차 - 추돌,안전거리미확보,건조,맑음,교차로 - 교차로안,승용,남,47세,중상,승합,남,51세,경상
2016033100100488,2016년 3월 31일 20시,목요일,충청남도 공주시 금성동,중상사고,0,2,0,0,차대차 - 기타,안전운전불이행,건조,맑음,단일로 - 기타,승용,남,50세,상해없음,이륜,남,16세,중상
2016033100100515,2016년 3월 31일 21시,목요일,충청남도 천안시 서북구 성정동,경상사고,0,0,2,0,차대차 - 기타,안전운전불이행,건조,맑음,교차로 - 교차로부근,승용,남,53세,상해없음,승용,여,26세,경상
2016033100100516,2016년 3월 31일 21시,목요일,충청남도 천안시 서북구 성정동,경상사고,0,0,1,0,차대차 - 기타,교차로운행방법위반,건조,맑음,교차로 - 교차로부근,승용,남,59세,상해없음,승용,남,22세,경상
2016033100100517,2016년 3월 31일 21시,목요일,충청남도 천안시 서북구 성정동,경상사고,0,0,1,0,차대차 - 기타,안전운전불이행,건조,맑음,교차로 - 교차로부근,승용,남,26세,상해없음,승용,남,39세,경상
2016033100100518,2016년 3월 31일 21시,목요일,충청남도 공주시 금흥동,중상사고,0,1,0,0,차대차 - 정면충돌,중앙선침범,건조,맑음,교차로 - 교차로부근,승용,여,36세,상해없음,승용,남,37세,중상
2016033100100545,2016년 3월 31일 22시,목요일,충청남도 당진시 석문면,경상사고,0,0,1,0,차대차 - 추돌,안전운전불이행,건조,맑음,단일로 - 기타,승용,남,41세,상해없음,화물,남,36세,경상
2016033100100546,2016년 3월 31일 22시,목요일,충청남도 천안시 동남구 병천면,중상사고,0,1,0,0,차량단독 - 공작물충돌,안전운전불이행,건조,맑음,단일로 - 기타,승용,남,35세,상해없음,,,,
2016040100100029,2016년 4월 1일 01시,금요일,충청남도 천안시 서북구 두정동,경상사고,0,0,1,0,차대차 - 기타,안전운전불이행,건조,맑음,단일로 - 기타,승용,남,23세,상해없음,이륜,남,21세,경상
2016040100100073,2016년 4월 1일 06시,금요일,충청남도 아산시 권곡동,사망사고,1,0,0,0,차대차 - 측면직각충돌,신호위반,건조,맑음,교차로 - 교차로안,화물,남,65세,상해없음,원동기,남,42세,사망
2016040100100074,2016년 4월 1일 06시,금요일,충청남도 공주시 송선동,경상사고,0,0,1,0,차대차 - 측면충돌,안전운전불이행,건조,맑음,단일로 - 기타,승용,남,48세,상해없음,승용,여,46세,경상
2016040100100138,2016년 4월 1일 08시,금요일,충청남도 천안시 서북구 쌍용동,경상사고,0,0,1,0,차대차 - 기타,안전운전불이행,건조,맑음,단일로 - 기타,승용,여,49세,경상,승용,남,55세,상해없음
2016040100100139,2016년 4월 1일 08시,금요일,충청남도 홍성군 홍성읍,경상사고,0,0,1,0,차대차 - 측면충돌,교차로운행방법위반,건조,맑음,교차로 - 교차로안,승용,남,58세,상해없음,승용,여,30세,경상
2016040100100140,2016년 4월 1일 08시,금요일,충청남도 아산시 풍기동,중상사고,0,1,0,0,차대사람 - 횡단중,안전운전불이행,건조,맑음,교차로 - 교차로안,승용,여,46세,상해없음,보행자,남,58세,중상
2016040100100141,2016년 4월 1일 08시,금요일,충청남도 당진시 읍내리,중상사고,0,1,0,0,차대차 - 측면충돌,교차로운행방법위반,건조,맑음,교차로 - 교차로안,승용,남,63세,상해없음,승용,여,44세,상해없음
2016040100100176,2016년 4월 1일 09시,금요일,충청남도 천안시 서북구 쌍용동,경상사고,0,0,1,0,차대차 - 측면충돌,신호위반,건조,맑음,교차로 - 교차로안,화물,남,68세,상해없음,화물,남,51세,경상
2016040100100177,2016년 4월 1일 09시,금요일,충청남도 금산군 금산읍,경상사고,0,0,1,0,차대차 - 추돌,안전운전불이행,건조,맑음,단일로 - 기타,이륜,남,73세,경상,승용,남,62세,상해없음
2016040100100209,2016년 4월 1일 10시,금요일,충청남도 논산시 양촌면,중상사고,0,2,0,0,차대차 - 측면직각충돌,교차로운행방법위반,건조,맑음,교차로 - 교차로안,화물,남,54세,상해없음,승용,남,51세,중상
2016040100100210,2016년 4월 1일 10시,금요일,충청남도 보령시 대천동,경상사고,0,0,1,0,차대차 - 정면충돌,안전운전불이행,건조,맑음,교차로 - 교차로안,화물,남,49세,상해없음,승합,남,61세,경상
2016040100100243,2016년 4월 1일 11시,금요일,충청남도 천안시 동남구 구성동,중상사고,0,1,0,0,차대차 - 정면충돌,안전운전불이행,건조,맑음,기타 - 기타,승용,남,42세,상해없음,승용,여,25세,중상
2016040100100246,2016년 4월 1일 11시,금요일,충청남도 당진시 송악읍,중상사고,0,1,0,0,차대차 - 기타,안전운전불이행,건조,맑음,단일로 - 기타,승용,여,33세,중상,화물,기타불명,기타불명,기타불명
2016040100100264,2016년 4월 1일 12시,금요일,충청남도 서천군 서천읍,경상사고,0,0,2,0,차대차 - 측면직각충돌,안전운전불이행,건조,맑음,단일로 - 기타,승용,여,25세,상해없음,화물,남,49세,경상
2016040100100294,2016년 4월 1일 13시,금요일,충청남도 서산시 읍내동,경상사고,0,0,1,0,차대사람 - 기타,안전운전불이행,건조,맑음,단일로 - 기타,화물,남,64세,상해없음,보행자,여,58세,경상
2016040100100295,2016년 4월 1일 13시,금요일,충청남도 서천군 서천읍,경상사고,0,0,1,0,차대차 - 추돌,안전운전불이행,건조,맑음,단일로 - 기타,승용,여,53세,상해없음,승용,남,64세,상해없음
2016040100100296,2016년 4월 1일 13시,금요일,충청남도 천안시 동남구 신부동,경상사고,0,0,1,0,차대사람 - 차도통행중,안전운전불이행,건조,맑음,단일로 - 기타,승용,여,63세,기타불명,보행자,여,51세,경상
2016040100100321,2016년 4월 1일 14시,금요일,충청남도 당진시 대덕리,중상사고,0,1,1,0,차대차 - 측면충돌,교차로운행방법위반,건조,맑음,교차로 - 교차로안,승용,남,41세,상해없음,승용,남,60세,경상
2016040100100359,2016년 4월 1일 15시,금요일,충청남도 천안시 서북구 성정동,경상사고,0,0,1,0,차대차 - 기타,안전운전불이행,건조,맑음,교차로 - 교차로안,승용,남,59세,상해없음,승용,남,55세,경상
2016040100100360,2016년 4월 1일 15시,금요일,충청남도 천안시 동남구 신방동,경상사고,0,0,1,0,차대사람 - 길가장자리구역통행중,안전운전불이행,건조,맑음,단일로 - 기타,승용,남,47세,상해없음,보행자,여,55세,경상
2016040100100402,2016년 4월 1일 16시,금요일,충청남도 홍성군 구항면,경상사고,0,0,1,0,차량단독 - 전도전복,안전운전불이행,건조,맑음,단일로 - 기타,이륜,남,49세,경상,,,,
2016040100100403,2016년 4월 1일 16시,금요일,충청남도 보령시 내항동,중상사고,0,1,0,0,차대차 - 기타,안전운전불이행,건조,맑음,단일로 - 기타,화물,남,33세,상해없음,자전거,남,15세,중상
2016040100100404,2016년 4월 1일 16시,금요일,충청남도 공주시 우성면,경상사고,0,0,1,0,차대차 - 측면직각충돌,안전운전불이행,건조,맑음,교차로 - 교차로안,화물,여,39세,상해없음,이륜,남,64세,경상
2016040100100405,2016년 4월 1일 16시,금요일,충청남도 당진시 신평면,중상사고,0,1,0,0,차대차 - 측면충돌,안전운전불이행,건조,맑음,단일로 - 기타,승용,남,75세,상해없음,승용,여,29세,중상
2016040100100444,2016년 4월 1일 17시,금요일,충청남도 공주시 금성동,경상사고,0,0,1,0,차대차 - 측면직각충돌,안전운전불이행,건조,맑음,단일로 - 기타,화물,남,24세,상해없음,자전거,남,74세,경상
2016040100100446,2016년 4월 1일 17시,금요일,충청남도 당진시 송산면,중상사고,0,1,0,0,차대사람 - 기타,안전운전불이행,건조,맑음,단일로 - 기타,승용,남,39세,상해없음,보행자,남,53세,중상
2016040100100447,2016년 4월 1일 17시,금요일,충청남도 천안시 동남구 유량동,경상사고,0,0,3,0,차대차 - 추돌,안전운전불이행,건조,맑음,교차로 - 교차로부근,승용,여,41세,상해없음,이륜,남,20세,경상
2016040100100498,2016년 4월 1일 18시,금요일,충청남도 서천군 장항읍,경상사고,0,0,1,0,차대사람 - 기타,안전운전불이행,건조,맑음,단일로 - 기타,승용,여,53세,상해없음,보행자,여,59세,경상
2016040100100548,2016년 4월 1일 19시,금요일,충청남도 천안시 서북구 성정동,부상신고사고,0,0,0,1,차대차 - 측면직각충돌,안전운전불이행,건조,맑음,기타 - 기타,승용,남,33세,상해없음,이륜,남,30세,부상신고
2016040100100549,2016년 4월 1일 19시,금요일,충청남도 천안시 동남구 다가동,중상사고,0,1,6,2,차대차 - 측면충돌,안전거리미확보,건조,맑음,단일로 - 기타,승용,남,51세,상해없음,승합,남,45세,경상
2016040100100603,2016년 4월 1일 20시,금요일,충청남도 태안군 태안읍,중상사고,0,2,0,0,차대차 - 추돌,안전운전불이행,건조,맑음,교차로 - 교차로부근,화물,남,44세,중상,화물,남,50세,중상
2016040100100604,2016년 4월 1일 20시,금요일,충청남도 천안시 서북구 직산읍,경상사고,0,0,1,0,차대차 - 기타,중앙선침범,건조,맑음,기타 - 기타,화물,남,54세,상해없음,이륜,남,21세,경상
2016040100100605,2016년 4월 1일 20시,금요일,충청남도 논산시 성동면,중상사고,0,1,0,0,차량단독 - 전도전복,안전운전불이행,건조,맑음,단일로 - 기타,이륜,남,44세,중상,,,,
2016040100100606,2016년 4월 1일 20시,금요일,충청남도 공주시 소학동,경상사고,0,0,1,0,차대차 - 추돌,안전운전불이행,건조,맑음,단일로 - 기타,승용,남,61세,상해없음,화물,남,42세,경상
2016040100100607,2016년 4월 1일 20시,금요일,충청남도 천안시 동남구 북면,경상사고,0,0,3,0,차대차 - 추돌,안전거리미확보,건조,맑음,교차로 - 교차로부근,화물,남,41세,상해없음,승합,남,61세,경상
2016040100100608,2016년 4월 1일 20시,금요일,충청남도 천안시 동남구 신부동,경상사고,0,0,4,0,차대차 - 기타,안전거리미확보,건조,맑음,단일로 - 기타,승용,여,47세,경상,승용,남,46세,경상
2016040100100691,2016년 4월 1일 22시,금요일,충청남도 논산시 은진면,경상사고,0,0,1,0,차대차 - 정면충돌,교차로운행방법위반,건조,맑음,교차로 - 교차로안,자전거,남,52세,경상,승용,남,49세,상해없음
2016040100100692,2016년 4월 1일 22시,금요일,충청남도 아산시 온천동,경상사고,0,0,1,0,차대사람 - 횡단중,안전운전불이행,건조,맑음,단일로 - 기타,승용,남,53세,상해없음,보행자,여,62세,경상
2016040200100017,2016년 4월 2일 00시,토요일,충청남도 당진시 원당리,중상사고,0,1,2,0,차대차 - 측면충돌,교차로운행방법위반,건조,맑음,단일로 - 기타,승용,여,54세,상해없음,승용,남,48세,경상
2016040200100039,2016년 4월 2일 01시,토요일,충청남도 당진시 송악읍,경상사고,0,0,1,0,차대차 - 측면충돌,안전운전불이행,건조,맑음,단일로 - 기타,승용,여,30세,상해없음,화물,남,44세,경상
2016040200100070,2016년 4월 2일 03시,토요일,충청남도 당진시 신평면,경상사고,0,0,1,0,차대차 - 측면충돌,안전운전불이행,건조,맑음,단일로 - 기타,승용,남,27세,상해없음,승용,남,24세,상해없음
2016040200100078,2016년 4월 2일 04시,토요일,충청남도 천안시 서북구 성환읍,중상사고,0,1,0,1,차량단독 - 전도전복,안전운전불이행,건조,맑음,단일로 - 기타,승용,남,23세,부상신고,,,,
2016040200100121,2016년 4월 2일 07시,토요일,충청남도 논산시 강경읍,중상사고,0,1,4,0,차대차 - 추돌,안전운전불이행,건조,맑음,단일로 - 기타,화물,남,63세,경상,승용,남,57세,경상
2016040200100151,2016년 4월 2일 08시,토요일,충청남도 당진시 송악읍,중상사고,0,1,0,0,차대차 - 측면충돌,기타,건조,맑음,교차로 - 교차로부근,승용,남,25세,상해없음,승용,여,64세,중상
2016040200100204,2016년 4월 2일 10시,토요일,충청남도 보령시 웅천읍,중상사고,0,1,0,0,차대차 - 추돌,보행자보호의무위반,건조,맑음,단일로 - 기타,승용,남,81세,상해없음,승용,기타불명,기타불명,기타불명
2016040200100242,2016년 4월 2일 11시,토요일,충청남도 논산시 내동,경상사고,0,0,1,0,차대사람 - 보도통행중,기타,건조,맑음,기타 - 기타,승용,여,46세,상해없음,보행자,여,26세,경상
2016040200100243,2016년 4월 2일 11시,토요일,충청남도 서천군 서천읍,경상사고,0,0,1,0,차대사람 - 차도통행중,안전운전불이행,건조,맑음,단일로 - 기타,승용,여,56세,상해없음,보행자,남,69세,경상
2016040200100318,2016년 4월 2일 13시,토요일,충청남도 서천군 기산면,경상사고,0,0,1,0,차대차 - 추돌,안전거리미확보,건조,맑음,단일로 - 기타,승용,남,58세,상해없음,승용,남,50세,상해없음
2016040200100367,2016년 4월 2일 14시,토요일,충청남도 태안군 태안읍,경상사고,0,0,1,0,차대차 - 정면충돌,교차로운행방법위반,건조,맑음,교차로 - 교차로안,이륜,남,49세,경상,화물,남,61세,상해없음
2016040200100412,2016년 4월 2일 15시,토요일,충청남도 서산시 팔봉면,중상사고,0,1,1,0,차대차 - 정면충돌,안전운전불이행,건조,맑음,단일로 - 기타,승용,남,26세,상해없음,승용,남,56세,중상
2016040200100413,2016년 4월 2일 15시,토요일,충청남도 논산시 강경읍,경상사고,0,0,5,0,차대차 - 추돌,안전운전불이행,건조,맑음,교차로 - 교차로부근,화물,남,78세,기타불명,승용,남,39세,경상
2016040200100414,2016년 4월 2일 15시,토요일,충청남도 아산시 선장면,사망사고,1,0,0,0,차량단독 - 기타,안전운전불이행,건조,맑음,단일로 - 기타,이륜,남,45세,사망,,,,
2016040200100458,2016년 4월 2일 16시,토요일,충청남도 서산시 성연면,중상사고,0,1,2,0,차대차 - 정면충돌,중앙선침범,건조,맑음,단일로 - 기타,승용,남,31세,경상,건설기계,남,58세,경상
2016040200100459,2016년 4월 2일 16시,토요일,충청남도 논산시 화지동,경상사고,0,0,1,0,차대차 - 측면충돌,기타,건조,맑음,단일로 - 기타,승용,여,53세,상해없음,자전거,여,66세,경상
2016040200100461,2016년 4월 2일 16시,토요일,충청남도 천안시 동남구 원성동,경상사고,0,0,1,0,차대차 - 측면충돌,중앙선침범,건조,맑음,단일로 - 기타,이륜,여,45세,경상,이륜,남,60세,상해없음
2016040200100566,2016년 4월 2일 19시,토요일,충청남도 천안시 서북구 불당동,경상사고,0,0,1,0,차대사람 - 횡단중,보행자보호의무위반,건조,맑음,교차로 - 교차로부근,승용,여,55세,상해없음,보행자,남,29세,경상
2016040200100567,2016년 4월 2일 19시,토요일,충청남도 금산군 금산읍,중상사고,0,1,1,0,차량단독 - 전도전복,안전운전불이행,건조,맑음,교차로 - 교차로부근,이륜,남,74세,경상,,,,
2016040200100610,2016년 4월 2일 20시,토요일,충청남도 금산군 금산읍,경상사고,0,0,1,0,차대차 - 측면충돌,안전운전불이행,건조,맑음,교차로 - 교차로안,승용,여,47세,상해없음,화물,남,60세,상해없음
2016040200100639,2016년 4월 2일 21시,토요일,충청남도 당진시 신평면,경상사고,0,0,2,0,차대차 - 측면충돌,중앙선침범,건조,맑음,단일로 - 기타,승용,남,68세,경상,승용,남,37세,경상
2016040200100659,2016년 4월 2일 22시,토요일,충청남도 보령시 신흑동,경상사고,0,0,2,0,차대차 - 측면직각충돌,안전운전불이행,건조,맑음,교차로 - 교차로안,승용,남,28세,상해없음,승합,남,64세,경상
2016040200100678,2016년 4월 2일 23시,토요일,충청남도 아산시 배방읍,중상사고,0,1,0,0,차대차 - 측면직각충돌,안전운전불이행,건조,맑음,교차로 - 교차로안,승용,남,48세,상해없음,이륜,남,27세,중상
2016040200100679,2016년 4월 2일 23시,토요일,충청남도 보령시 신흑동,경상사고,0,0,1,0,차대사람 - 횡단중,안전운전불이행,건조,맑음,단일로 - 기타,승용,여,33세,상해없음,보행자,남,35세,경상
2016040300100034,2016년 4월 3일 01시,일요일,충청남도 천안시 서북구 두정동,경상사고,0,0,1,0,차대사람 - 기타,안전운전불이행,건조,맑음,단일로 - 기타,승용,남,26세,기타불명,보행자,남,16세,경상
2016040300100035,2016년 4월 3일 01시,일요일,충청남도 부여군 석성면,중상사고,0,1,0,0,차량단독 - 공작물충돌,안전운전불이행,건조,맑음,단일로 - 기타,승용,남,49세,중상,,,,
2016040300100059,2016년 4월 3일 02시,일요일,충청남도 논산시 취암동,중상사고,0,1,0,0,차대사람 - 횡단중,안전운전불이행,건조,맑음,단일로 - 기타,승용,남,42세,상해없음,보행자,남,22세,중상
2016040300100060,2016년 4월 3일 02시,일요일,충청남도 서천군 마서면,사망사고,1,0,0,0,차량단독 - 기타,안전운전불이행,건조,맑음,교차로 - 교차로안,승용,여,20세,상해없음,,,,
2016040300100078,2016년 4월 3일 03시,일요일,충청남도 당진시 신평면,경상사고,0,0,2,0,차량단독 - 전도전복,안전운전불이행,건조,맑음,단일로 - 기타,승용,남,20세,경상,,,,
2016040300100115,2016년 4월 3일 06시,일요일,충청남도 논산시 가야곡면,중상사고,0,1,1,0,차대차 - 정면충돌,안전운전불이행,습기,흐림,기타 - 기타,승용,남,40세,상해없음,화물,남,62세,경상
2016040300100149,2016년 4월 3일 09시,일요일,충청남도 서천군 서천읍,중상사고,0,1,3,0,차대차 - 측면충돌,교차로운행방법위반,건조,맑음,교차로 - 교차로안,승용,남,62세,경상,승용,남,73세,중상
2016040300100150,2016년 4월 3일 09시,일요일,충청남도 당진시 대덕리,경상사고,0,0,2,0,차대차 - 측면직각충돌,중앙선침범,건조,맑음,교차로 - 교차로안,승용,남,26세,상해없음,승용,남,46세,경상
2016040300100171,2016년 4월 3일 10시,일요일,충청남도 보령시 동대동,경상사고,0,0,1,0,차대차 - 추돌,안전운전불이행,건조,맑음,단일로 - 기타,화물,남,58세,상해없음,승용,남,40세,경상
2016040300100198,2016년 4월 3일 11시,일요일,충청남도 보령시 신흑동,경상사고,0,0,1,0,차대사람 - 기타,안전운전불이행,건조,맑음,단일로 - 기타,승용,남,22세,상해없음,보행자,남,20세,경상
2016040300100253,2016년 4월 3일 13시,일요일,충청남도 논산시 양촌면,중상사고,0,1,0,0,차대차 - 측면직각충돌,중앙선침범,습기,비,단일로 - 기타,화물,남,60세,상해없음,승용,남,51세,상해없음
2016040300100254,2016년 4월 3일 13시,일요일,충청남도 홍성군 홍북면,중상사고,0,1,4,0,차대차 - 측면충돌,안전운전불이행,건조,흐림,단일로 - 기타,승용,남,50세,상해없음,승용,남,40세,상해없음
2016040300100284,2016년 4월 3일 14시,일요일,충청남도 공주시 우성면,사망사고,1,0,0,0,차량단독 - 전도전복,안전운전불이행,건조,맑음,단일로 - 기타,이륜,남,49세,사망,,,,
2016040300100317,2016년 4월 3일 15시,일요일,충청남도 서천군 서면,경상사고,0,0,2,0,차대차 - 추돌,안전운전불이행,건조,맑음,교차로 - 교차로부근,승용,남,38세,상해없음,승용,여,35세,경상
2016040300100364,2016년 4월 3일 16시,일요일,충청남도 아산시 방축동,중상사고,0,1,3,0,차대차 - 측면충돌,교차로운행방법위반,건조,맑음,교차로 - 교차로안,승용,남,45세,경상,승용,남,23세,경상
2016040300100366,2016년 4월 3일 16시,일요일,충청남도 예산군 고덕면,중상사고,0,2,4,0,차대차 - 추돌,안전거리미확보,건조,맑음,단일로 - 교량,화물,남,56세,상해없음,승용,여,36세,중상
2016040300100398,2016년 4월 3일 17시,일요일,충청남도 천안시 서북구 두정동,경상사고,0,0,3,0,차대차 - 기타,직진우회전진행방해,건조,맑음,교차로 - 교차로부근,승용,남,29세,경상,승용,여,30세,경상
2016040300100399,2016년 4월 3일 17시,일요일,충청남도 공주시 반포면,경상사고,0,0,1,0,차대차 - 추돌,안전운전불이행,건조,맑음,단일로 - 기타,승용,남,24세,상해없음,화물,남,53세,경상