사고번호,사고일시,요일,시군구,사고내용,사망자수,중상자수,경상자수,부상신고자수,사고유형,법규위반,노면상태,기상상태,도로형태,가해운전자 차종,가해운전자 성별,가해운전자 연령,가해운전자 상해정도,피해운전자 차종,피해운전자 성별,피해운전자 연령,피해운전자 상해정도
2016040300100423,2016년 4월 3일 18시,일요일,충청남도 아산시 송악면,중상사고,0,1,1,0,차대차 - 측면충돌,중앙선침범,건조,맑음,단일로 - 기타,승합,남,65세,기타불명,승용,여,59세,경상
2016040300100424,2016년 4월 3일 18시,일요일,충청남도 보령시 내항동,중상사고,0,1,2,0,차대차 - 추돌,안전운전불이행,건조,맑음,단일로 - 기타,승용,남,23세,상해없음,승용,남,32세,중상
2016040300100458,2016년 4월 3일 19시,일요일,충청남도 아산시 권곡동,중상사고,0,1,0,0,차대사람 - 횡단중,안전운전불이행,건조,맑음,단일로 - 기타,화물,여,50세,상해없음,보행자,남,51세,중상
2016040300100459,2016년 4월 3일 19시,일요일,충청남도 천안시 서북구 성거읍,경상사고,0,0,2,0,차대차 - 기타,신호위반,건조,맑음,단일로 - 기타,승용,남,25세,상해없음,승합,남,59세,경상
2016040300100536,2016년 4월 3일 21시,일요일,충청남도 천안시 서북구 두정동,경상사고,0,0,1,0,차대차 - 기타,교차로운행방법위반,건조,맑음,교차로 - 교차로안,화물,남,55세,상해없음,원동기,남,38세,경상
2016040300100537,2016년 4월 3일 21시,일요일,충청남도 천안시 서북구 성정동,경상사고,0,0,1,0,차대사람 - 횡단중,신호위반,건조,맑음,단일로 - 횡단보도상,승용,남,25세,상해없음,보행자,남,34세,경상
2016040300100554,2016년 4월 3일 22시,일요일,충청남도 서산시 성연면,중상사고,0,1,0,1,차대차 - 정면충돌,안전운전불이행,건조,맑음,교차로 - 교차로안,승용,남,51세,중상,승용,남,56세,부상신고
2016040400100064,2016년 4월 4일 06시,월요일,충청남도 천안시 서북구 성거읍,경상사고,0,0,1,0,차대차 - 정면충돌,차로위반,건조,맑음,단일로 - 기타,특수,남,42세,상해없음,승용,여,21세,경상
2016040400100135,2016년 4월 4일 08시,월요일,충청남도 서산시 음암면,경상사고,0,0,1,0,차대차 - 정면충돌,직진우회전진행방해,건조,맑음,단일로 - 기타,이륜,여,63세,경상,승용,여,51세,상해없음
2016040400100136,2016년 4월 4일 08시,월요일,충청남도 보령시 성주면,중상사고,0,1,0,0,차량단독 - 기타,안전운전불이행,건조,맑음,단일로 - 터널,원동기,남,72세,중상,,,,
2016040400100183,2016년 4월 4일 09시,월요일,충청남도 논산시 취암동,경상사고,0,0,2,0,차대차 - 추돌,안전운전불이행,건조,맑음,교차로 - 교차로안,승용,남,38세,상해없음,승용,남,72세,경상
2016040400100184,2016년 4월 4일 09시,월요일,충청남도 부여군 부여읍,사망사고,1,0,0,0,차대사람 - 횡단중,보행자보호의무위반,건조,맑음,단일로 - 횡단보도상,화물,남,66세,상해없음,보행자,여,74세,사망
2016040400100185,2016년 4월 4일 09시,월요일,충청남도 천안시 동남구 쌍용동,중상사고,0,1,0,0,차대차 - 측면충돌,안전운전불이행,건조,맑음,단일로 - 기타,원동기,남,69세,중상,승용,여,32세,상해없음
2016040400100186,2016년 4월 4일 09시,월요일,충청남도 천안시 동남구 동면,사망사고,1,0,0,0,차량단독 - 공작물충돌,안전운전불이행,건조,맑음,단일로 - 기타,특수,남,35세,사망,,,,
2016040400100225,2016년 4월 4일 10시,월요일,충청남도 천안시 서북구 쌍용동,중상사고,0,1,0,0,차대차 - 기타,교차로운행방법위반,건조,맑음,교차로 - 교차로안,승용,남,23세,상해없음,기타불명,여,74세,중상
2016040400100226,2016년 4월 4일 10시,월요일,충청남도 아산시 인주면,중상사고,0,1,0,0,차대차 - 측면충돌,안전운전불이행,건조,맑음,단일로 - 기타,승용,남,70세,상해없음,자전거,남,67세,중상
2016040400100227,2016년 4월 4일 10시,월요일,충청남도 서천군 비인면,중상사고,0,1,0,0,차대차 - 기타,안전운전불이행,건조,맑음,단일로 - 기타,승용,남,69세,상해없음,원동기,남,66세,중상
2016040400100228,2016년 4월 4일 10시,월요일,충청남도 천안시 동남구 목천읍,부상신고사고,0,0,0,1,차량단독 - 공작물충돌,안전운전불이행,건조,맑음,단일로 - 기타,승용,남,49세,부상신고,,,,
2016040400100254,2016년 4월 4일 11시,월요일,충청남도 천안시 서북구 두정동,중상사고,0,1,0,0,차대차 - 측면충돌,신호위반,건조,맑음,교차로 - 교차로안,승용,여,53세,상해없음,이륜,남,51세,중상
2016040400100255,2016년 4월 4일 11시,월요일,충청남도 아산시 음봉면,경상사고,0,0,1,0,차대차 - 측면충돌,중앙선침범,건조,맑음,단일로 - 기타,승용,남,29세,상해없음,승용,남,54세,경상
2016040400100288,2016년 4월 4일 12시,월요일,충청남도 논산시 강경읍,사망사고,1,0,0,0,차대사람 - 횡단중,안전운전불이행,건조,맑음,교차로 - 교차로안,승용,남,53세,상해없음,보행자,여,89세,사망
2016040400100314,2016년 4월 4일 13시,월요일,충청남도 서산시 잠홍동,중상사고,0,1,0,0,차대사람 - 횡단중,안전운전불이행,건조,맑음,교차로 - 교차로안,승용,남,59세,상해없음,보행자,여,16세,중상
2016040400100344,2016년 4월 4일 14시,월요일,충청남도 천안시 서북구 성정동,경상사고,0,0,1,0,차대사람 - 횡단중,보행자보호의무위반,건조,맑음,교차로 - 교차로안,승용,남,49세,상해없음,보행자,남,9세,경상
2016040400100345,2016년 4월 4일 14시,월요일,충청남도 천안시 서북구 백석동,중상사고,0,1,0,0,차대사람 - 횡단중,보행자보호의무위반,건조,맑음,교차로 - 교차로부근,승용,여,41세,상해없음,보행자,남,6세,중상
2016040400100346,2016년 4월 4일 14시,월요일,충청남도 홍성군 갈산면,중상사고,0,1,0,0,차대사람 - 길가장자리구역통행중,안전운전불이행,건조,맑음,교차로 - 교차로부근,화물,남,62세,상해없음,보행자,여,76세,중상
2016040400100457,2016년 4월 4일 17시,월요일,충청남도 논산시 취암동,중상사고,0,1,0,0,차대차 - 측면충돌,교차로운행방법위반,건조,맑음,교차로 - 교차로안,승합,남,77세,상해없음,원동기,남,73세,중상
2016040400100458,2016년 4월 4일 17시,월요일,충청남도 홍성군 광천읍,경상사고,0,0,1,0,차대사람 - 횡단중,보행자보호의무위반,건조,맑음,교차로 - 교차로부근,화물,남,80세,상해없음,보행자,남,60세,경상
2016040400100494,2016년 4월 4일 18시,월요일,충청남도 아산시 신창면,중상사고,0,1,0,0,차대사람 - 기타,안전운전불이행,건조,맑음,단일로 - 기타,승용,여,40세,상해없음,보행자,여,84세,중상
2016040400100528,2016년 4월 4일 19시,월요일,충청남도 아산시 득산동,경상사고,0,0,2,0,차대차 - 추돌,안전운전불이행,건조,맑음,교차로 - 교차로부근,승용,남,50세,상해없음,화물,남,55세,경상
2016040400100529,2016년 4월 4일 19시,월요일,충청남도 예산군 예산읍,중상사고,0,2,0,0,차대차 - 기타,신호위반,건조,맑음,교차로 - 교차로부근,승용,남,48세,상해없음,이륜,남,23세,중상
2016040400100561,2016년 4월 4일 20시,월요일,충청남도 홍성군 금마면,중상사고,0,2,3,0,차대차 - 추돌,안전운전불이행,건조,맑음,교차로 - 교차로부근,승용,남,68세,경상,승용,남,48세,중상
2016040400100598,2016년 4월 4일 21시,월요일,충청남도 공주시 정안면,중상사고,0,4,1,0,차대차 - 측면충돌,안전운전불이행,건조,맑음,교차로 - 교차로안,승용,여,51세,경상,승용,남,51세,중상
2016040400100637,2016년 4월 4일 23시,월요일,충청남도 아산시 모종동,경상사고,0,0,1,0,차대차 - 추돌,안전운전불이행,건조,흐림,단일로 - 기타,승용,남,36세,상해없음,승용,남,36세,경상
2016040500100008,2016년 4월 5일 00시,화요일,충청남도 부여군 구룡면,중상사고,0,2,1,0,차대차 - 추돌,안전운전불이행,건조,맑음,단일로 - 기타,승용,남,31세,경상,승용,남,71세,중상
2016040500100045,2016년 4월 5일 05시,화요일,충청남도 서산시 예천동,중상사고,0,1,0,0,차대차 - 정면충돌,신호위반,건조,맑음,교차로 - 교차로안,승용,남,62세,상해없음,승용,남,54세,중상
2016040500100081,2016년 4월 5일 07시,화요일,충청남도 천안시 동남구 신방동,경상사고,0,0,1,0,차대사람 - 횡단중,안전운전불이행,건조,맑음,단일로 - 기타,승용,남,55세,상해없음,보행자,여,64세,경상
2016040500100125,2016년 4월 5일 08시,화요일,충청남도 홍성군 홍성읍,중상사고,0,1,0,0,차대사람 - 길가장자리구역통행중,중앙선침범,건조,맑음,교차로 - 교차로부근,승용,여,51세,상해없음,보행자,여,53세,중상
2016040500100174,2016년 4월 5일 09시,화요일,충청남도 서산시 지곡면,중상사고,0,1,0,0,차대사람 - 횡단중,중앙선침범,건조,맑음,단일로 - 기타,건설기계,남,58세,상해없음,보행자,남,69세,중상
2016040500100175,2016년 4월 5일 09시,화요일,충청남도 공주시 금성동,중상사고,0,1,0,0,차대사람 - 횡단중,안전운전불이행,건조,맑음,교차로 - 교차로안,승용,여,64세,상해없음,보행자,여,59세,중상
2016040500100176,2016년 4월 5일 09시,화요일,충청남도 공주시 우성면,중상사고,0,2,2,0,차대차 - 측면직각충돌,교차로운행방법위반,건조,맑음,교차로 - 교차로안,승용,여,55세,기타불명,화물,남,27세,중상
2016040500100210,2016년 4월 5일 10시,화요일,충청남도 서산시 갈산동,경상사고,0,0,2,0,차대차 - 추돌,안전거리미확보,건조,맑음,단일로 - 기타,화물,남,60세,상해없음,승용,남,39세,경상
2016040500100249,2016년 4월 5일 11시,화요일,충청남도 서산시 동문동,중상사고,0,1,0,0,차대사람 - 차도통행중,안전운전불이행,건조,맑음,교차로 - 교차로안,승용,남,32세,상해없음,보행자,남,57세,중상
2016040500100290,2016년 4월 5일 12시,화요일,충청남도 아산시 신창면,중상사고,0,1,0,0,차대차 - 기타,직진우회전진행방해,건조,맑음,교차로 - 교차로안,승용,여,44세,상해없음,이륜,남,22세,중상
2016040500100291,2016년 4월 5일 12시,화요일,충청남도 예산군 예산읍,경상사고,0,0,1,0,차대차 - 측면충돌,직진우회전진행방해,건조,맑음,교차로 - 교차로안,승용,여,46세,상해없음,원동기,남,79세,경상
2016040500100374,2016년 4월 5일 15시,화요일,충청남도 천안시 서북구 입장면,경상사고,0,0,2,0,차대차 - 추돌,안전운전불이행,건조,맑음,단일로 - 기타,승용,남,30세,상해없음,승용,남,54세,경상
2016040500100375,2016년 4월 5일 15시,화요일,충청남도 서천군 서면,중상사고,0,2,1,0,차대차 - 측면직각충돌,안전운전불이행,건조,맑음,교차로 - 교차로안,승용,남,56세,상해없음,승용,남,66세,중상
2016040500100376,2016년 4월 5일 15시,화요일,충청남도 금산군 금산읍,중상사고,0,1,1,0,차대차 - 정면충돌,안전운전불이행,건조,맑음,교차로 - 교차로안,승용,남,63세,경상,승용,여,49세,중상
2016040500100413,2016년 4월 5일 16시,화요일,충청남도 아산시 실옥동,중상사고,0,1,0,0,차대사람 - 기타,기타,건조,맑음,단일로 - 기타,승합,남,44세,상해없음,보행자,여,76세,중상
2016040500100414,2016년 4월 5일 16시,화요일,충청남도 보령시 웅천읍,경상사고,0,0,2,0,차대차 - 측면직각충돌,안전운전불이행,건조,맑음,교차로 - 교차로안,승용,남,72세,상해없음,화물,남,57세,경상
2016040500100415,2016년 4월 5일 16시,화요일,충청남도 공주시 교동,부상신고사고,0,0,0,1,차대사람 - 차도통행중,안전운전불이행,건조,맑음,단일로 - 기타,승용,남,81세,기타불명,보행자,남,27세,부상신고
2016040500100462,2016년 4월 5일 17시,화요일,충청남도 서산시 대산읍,경상사고,0,0,1,0,차대차 - 정면충돌,직진우회전진행방해,건조,맑음,교차로 - 교차로안,화물,남,61세,경상,승용,여,40세,상해없음
2016040500100463,2016년 4월 5일 17시,화요일,충청남도 아산시 송악면,경상사고,0,0,1,0,차대차 - 측면충돌,중앙선침범,건조,맑음,단일로 - 기타,이륜,남,75세,경상,승용,남,41세,상해없음
2016040500100464,2016년 4월 5일 17시,화요일,충청남도 부여군 규암면,중상사고,0,1,1,0,차대차 - 추돌,안전운전불이행,건조,맑음,기타 - 기타,승용,남,33세,기타불명,승용,여,35세,중상
2016040500100502,2016년 4월 5일 18시,화요일,충청남도 당진시 읍내리,경상사고,0,0,1,0,차대차 - 측면충돌,교차로운행방법위반,건조,맑음,교차로 - 교차로안,승용,여,31세,상해없음,원동기,남,74세,경상
2016040500100538,2016년 4월 5일 19시,화요일,충청남도 서산시 예천동,중상사고,0,1,0,0,차대차 - 정면충돌,중앙선침범,건조,맑음,교차로 - 교차로부근,승용,여,27세,상해없음,이륜,남,75세,중상
2016040500100539,2016년 4월 5일 19시,화요일,충청남도 공주시 중동,경상사고,0,0,1,0,차대차 - 측면직각충돌,안전운전불이행,건조,맑음,교차로 - 교차로안,승용,남,54세,기타불명,이륜,남,17세,경상
2016040500100572,2016년 4월 5일 20시,화요일,충청남도 아산시 방축동,중상사고,0,2,4,0,차대차 - 정면충돌,중앙선침범,건조,맑음,교차로 - 교차로부근,승용,여,46세,상해없음,승용,여,40세,경상
2016040500100658,2016년 4월 5일 23시,화요일,충청남도 서산시 동문동,경상사고,0,0,1,0,차대차 - 측면직각충돌,안전운전불이행,건조,맑음,교차로 - 교차로부근,승용,남,44세,상해없음,승용,남,52세,경상
2016040500100659,2016년 4월 5일 23시,화요일,충청남도 천안시 서북구 두정동,경상사고,0,0,1,0,차대차 - 기타,안전운전불이행,건조,맑음,교차로 - 교차로안,승용,남,40세,상해없음,이륜,남,42세,경상
2016040500100660,2016년 4월 5일 23시,화요일,충청남도 서천군 마서면,경상사고,0,0,1,0,차대차 - 기타,교차로운행방법위반,건조,맑음,교차로 - 교차로안,승용,남,27세,상해없음,승용,남,33세,경상
2016040600100010,2016년 4월 6일 00시,수요일,충청남도 천안시 서북구 두정동,경상사고,0,0,3,0,차대차 - 추돌,안전운전불이행,건조,맑음,단일로 - 기타,승용,남,66세,경상,승용,여,28세,경상
2016040600100020,2016년 4월 6일 01시,수요일,충청남도 천안시 서북구 성거읍,경상사고,0,0,2,0,차대차 - 기타,안전운전불이행,건조,맑음,기타 - 기타,승용,남,50세,상해없음,승용,남,26세,경상
2016040600100102,2016년 4월 6일 08시,수요일,충청남도 서산시 고북면,경상사고,0,0,3,0,차대차 - 정면충돌,교차로운행방법위반,건조,맑음,단일로 - 기타,화물,남,50세,상해없음,승용,여,31세,경상
2016040600100103,2016년 4월 6일 08시,수요일,충청남도 천안시 동남구 수신면,사망사고,1,0,0,0,차대차 - 측면직각충돌,안전거리미확보,건조,맑음,단일로 - 기타,승합,남,51세,상해없음,이륜,남,78세,사망
2016040600100104,2016년 4월 6일 08시,수요일,충청남도 천안시 동남구 구성동,경상사고,0,0,1,0,차대사람 - 횡단중,안전운전불이행,건조,맑음,단일로 - 기타,승용,남,54세,상해없음,보행자,남,67세,경상
2016040600100134,2016년 4월 6일 09시,수요일,충청남도 금산군 금산읍,중상사고,0,1,0,0,차대차 - 측면직각충돌,안전운전불이행,건조,맑음,단일로 - 기타,승용,남,59세,상해없음,이륜,남,79세,중상
2016040600100192,2016년 4월 6일 11시,수요일,충청남도 홍성군 광천읍,경상사고,0,0,1,0,차량단독 - 전도전복,기타,건조,맑음,단일로 - 기타,이륜,남,68세,경상,,,,
2016040600100266,2016년 4월 6일 13시,수요일,충청남도 아산시 권곡동,경상사고,0,0,1,0,차대차 - 추돌,안전운전불이행,건조,맑음,교차로 - 교차로부근,화물,남,56세,상해없음,승용,여,25세,경상
2016040600100293,2016년 4월 6일 14시,수요일,충청남도 논산시 반월동,중상사고,0,1,0,0,차대사람 - 길가장자리구역통행중,안전운전불이행,건조,맑음,단일로 - 기타,승용,여,35세,상해없음,보행자,남,54세,중상
2016040600100294,2016년 4월 6일 14시,수요일,충청남도 서천군 서천읍,경상사고,0,0,1,0,차대차 - 측면직각충돌,직진우회전진행방해,건조,맑음,교차로 - 교차로안,화물,남,71세,상해없음,승용,여,54세,경상
2016040600100361,2016년 4월 6일 16시,수요일,충청남도 예산군 예산읍,경상사고,0,0,1,0,차대차 - 측면직각충돌,신호위반,건조,맑음,교차로 - 교차로안,화물,남,72세,상해없음,화물,남,42세,경상
2016040600100403,2016년 4월 6일 17시,수요일,충청남도 논산시 반월동,중상사고,0,1,2,0,차대차 - 측면직각충돌,차로위반,습기,비,교차로 - 교차로부근,승용,남,33세,상해없음,화물,남,67세,중상
2016040600100448,2016년 4월 6일 18시,수요일,충청남도 논산시 취암동,경상사고,0,0,1,0,차대차 - 정면충돌,신호위반,습기,비,교차로 - 교차로안,승용,여,20세,상해없음,이륜,남,20세,경상
2016040600100449,2016년 4월 6일 18시,수요일,충청남도 아산시 권곡동,중상사고,0,1,0,0,차대사람 - 횡단중,안전운전불이행,건조,맑음,교차로 - 교차로안,승용,남,48세,상해없음,보행자,여,57세,중상
2016040600100451,2016년 4월 6일 18시,수요일,충청남도 부여군 임천면,중상사고,0,1,0,0,차대차 - 측면충돌,안전운전불이행,습기,비,단일로 - 기타,화물,남,23세,상해없음,화물,남,69세,중상
2016040600100495,2016년 4월 6일 19시,수요일,충청남도 아산시 인주면,중상사고,0,1,0,0,차대사람 - 횡단중,보행자보호의무위반,습기,비,단일로 - 횡단보도상,승용,남,27세,상해없음,보행자,여,40세,중상
2016040600100496,2016년 4월 6일 19시,수요일,충청남도 공주시 반포면,경상사고,0,0,2,0,차대차 - 측면직각충돌,안전운전불이행,습기,비,단일로 - 기타,승용,여,50세,상해없음,승용,여,44세,경상
2016040600100497,2016년 4월 6일 19시,수요일,충청남도 당진시 고대면,중상사고,0,1,0,0,차대차 - 측면직각충돌,안전운전불이행,건조,흐림,교차로 - 교차로부근,승용,남,44세,상해없음,자전거,남,66세,중상
2016040600100593,2016년 4월 6일 21시,수요일,충청남도 아산시 온천동,경상사고,0,0,1,0,차대사람 - 횡단중,신호위반,건조,맑음,교차로 - 교차로부근,승용,남,62세,상해없음,보행자,여,55세,경상
2016040600100594,2016년 4월 6일 21시,수요일,충청남도 서천군 서천읍,중상사고,0,2,0,0,차대차 - 측면직각충돌,안전운전불이행,습기,비,교차로 - 교차로안,승용,남,65세,중상,화물,남,59세,중상
2016040600100595,2016년 4월 6일 21시,수요일,충청남도 천안시 동남구 신부동,중상사고,0,1,0,0,차량단독 - 공작물충돌,안전운전불이행,건조,맑음,단일로 - 기타,승용,남,36세,중상,,,,
2016040600100642,2016년 4월 6일 22시,수요일,충청남도 천안시 서북구 두정동,중상사고,0,1,0,0,차대차 - 측면충돌,신호위반,습기,비,교차로 - 교차로부근,원동기,남,52세,중상,승용,남,55세,상해없음
2016040600100643,2016년 4월 6일 22시,수요일,충청남도 천안시 서북구 백석동,중상사고,0,1,2,0,차대차 - 추돌,안전운전불이행,습기,비,단일로 - 기타,승용,남,42세,상해없음,승용,남,53세,상해없음
2016040600100644,2016년 4월 6일 22시,수요일,충청남도 아산시 모종동,중상사고,0,1,0,0,차대차 - 측면충돌,교차로운행방법위반,습기,비,교차로 - 교차로안,승용,남,35세,기타불명,승용,남,33세,중상
2016040600100645,2016년 4월 6일 22시,수요일,충청남도 보령시 동대동,중상사고,0,1,0,0,차대사람 - 횡단중,안전운전불이행,습기,비,교차로 - 교차로안,승용,남,29세,상해없음,보행자,남,42세,중상
2016040600100709,2016년 4월 6일 23시,수요일,충청남도 천안시 서북구 성정동,경상사고,0,0,1,0,차대사람 - 횡단중,안전운전불이행,습기,비,교차로 - 교차로부근,승용,남,28세,상해없음,보행자,남,40세,경상
2016040600100710,2016년 4월 6일 23시,수요일,충청남도 아산시 온천동,중상사고,0,2,1,0,차대차 - 추돌,안전운전불이행,습기,비,교차로 - 교차로부근,승용,여,39세,기타불명,승용,남,36세,중상
2016040600100711,2016년 4월 6일 23시,수요일,충청남도 청양군 비봉면,사망사고,1,0,0,0,차대사람 - 횡단중,안전운전불이행,습기,비,단일로 - 기타,승용,여,50세,상해없음,보행자,남,87세,사망
2016040700100024,2016년 4월 7일 00시,목요일,충청남도 청양군 청양읍,중상사고,0,1,0,0,차량단독 - 공작물충돌,안전운전불이행,습기,비,단일로 - 기타,승용,남,45세,중상,,,,
2016040700100076,2016년 4월 7일 02시,목요일,충청남도 아산시 풍기동,중상사고,0,1,1,0,차대차 - 정면충돌,중앙선침범,습기,비,단일로 - 기타,승용,남,36세,상해없음,승용,남,51세,중상
2016040700100153,2016년 4월 7일 07시,목요일,충청남도 천안시 동남구 성남면,경상사고,0,0,1,0,차대사람 - 길가장자리구역통행중,안전운전불이행,습기,비,단일로 - 기타,승용,남,54세,상해없음,보행자,남,24세,경상
2016040700100193,2016년 4월 7일 08시,목요일,충청남도 홍성군 홍북면,경상사고,0,0,1,0,차대차 - 측면충돌,교차로운행방법위반,건조,맑음,교차로 - 교차로안,승용,여,36세,상해없음,승용,여,53세,경상
2016040700100194,2016년 4월 7일 08시,목요일,충청남도 아산시 읍내동,중상사고,0,1,2,0,차대차 - 기타,안전운전불이행,습기,흐림,교차로 - 교차로안,승용,남,65세,상해없음,승용,여,40세,중상
2016040700100195,2016년 4월 7일 08시,목요일,충청남도 서천군 서천읍,중상사고,0,1,0,0,차대사람 - 횡단중,보행자보호의무위반,습기,흐림,단일로 - 기타,승용,여,43세,상해없음,보행자,남,81세,중상
2016040700100196,2016년 4월 7일 08시,목요일,충청남도 보령시 천북면,사망사고,1,0,0,0,차량단독 - 도로외이탈 - 추락,안전운전불이행,습기,흐림,단일로 - 교량,승용,여,74세,사망,,,,
2016040700100231,2016년 4월 7일 09시,목요일,충청남도 홍성군 장곡면,경상사고,0,0,4,0,차대차 - 정면충돌,안전운전불이행,건조,맑음,단일로 - 기타,화물,남,28세,상해없음,승용,남,81세,경상
2016040700100301,2016년 4월 7일 11시,목요일,충청남도 공주시 석장리동,중상사고,0,1,2,0,차대차 - 추돌,안전거리미확보,건조,맑음,단일로 - 기타,화물,남,61세,상해없음,승용,남,32세,중상
2016040700100375,2016년 4월 7일 14시,목요일,충청남도 논산시 부창동,경상사고,0,0,1,0,차대사람 - 기타,안전운전불이행,건조,맑음,단일로 - 횡단보도상,승용,여,58세,상해없음,보행자,여,11세,경상
2016040700100376,2016년 4월 7일 14시,목요일,충청남도 공주시 신관동,경상사고,0,0,1,0,차대사람 - 차도통행중,안전운전불이행,건조,맑음,단일로 - 기타,승용,남,50세,상해없음,보행자,여,15세,경상
2016040700100377,2016년 4월 7일 14시,목요일,충청남도 당진시 신평면,경상사고,0,0,1,0,차대차 - 측면충돌,안전운전불이행,건조,맑음,단일로 - 기타,승용,여,53세,상해없음,원동기,남,86세,경상
2016040700100401,2016년 4월 7일 15시,목요일,충청남도 공주시 신풍면,경상사고,0,0,1,0,차량단독 - 전도전복,안전운전불이행,건조,맑음,단일로 - 기타,화물,남,48세,경상,,,,
2016040700100402,2016년 4월 7일 15시,목요일,충청남도 공주시 반포면,경상사고,0,0,1,0,차대사람 - 차도통행중,안전운전불이행,건조,맑음,단일로 - 기타,승용,여,61세,상해없음,보행자,여,68세,경상
2016040700100403,2016년 4월 7일 15시,목요일,충청남도 당진시 대덕리,경상사고,0,0,1,0,차대차 - 측면충돌,안전운전불이행,건조,맑음,교차로 - 교차로안,이륜,남,72세,경상,승용,남,63세,상해없음
2016040700100404,2016년 4월 7일 15시,목요일,충청남도 천안시 동남구 풍세면,경상사고,0,0,1,0,차대차 - 정면충돌,차로위반,건조,맑음,단일로 - 기타,승용,남,58세,상해없음,승용,남,39세,경상
2016040700100505,2016년 4월 7일 18시,목요일,충청남도 서산시 동문동,경상사고,0,0,1,0,차대차 - 측면충돌,교차로운행방법위반,건조,맑음,교차로 - 교차로안,승용,여,25세,상해없음,승용,남,64세,경상
2016040700100506,2016년 4월 7일 18시,목요일,충청남도 서천군 장항읍,경상사고,0,0,1,0,차대차 - 기타,안전운전불이행,건조,맑음,단일로 - 기타,화물,남,44세,상해없음,자전거,여,62세,경상
2016040700100538,2016년 4월 7일 19시,목요일,충청남도 당진시 대덕리,경상사고,0,0,2,0,차대차 - 측면충돌,안전운전불이행,건조,맑음,교차로 - 교차로부근,이륜,남,32세,경상,승용,남,33세,경상
2016040700100576,2016년 4월 7일 20시,목요일,충청남도 홍성군 광천읍,중상사고,0,1,0,0,차대차 - 측면충돌,기타,건조,맑음,교차로 - 교차로안,이륜,여,71세,중상,승용,남,67세,상해없음
2016040700100577,2016년 4월 7일 20시,목요일,충청남도 아산시 배방읍,경상사고,0,0,1,0,차대차 - 추돌,안전운전불이행,건조,맑음,단일로 - 기타,승용,여,67세,기타불명,승용,여,37세,경상
2016040700100607,2016년 4월 7일 21시,목요일,충청남도 아산시 송악면,중상사고,0,1,0,0,차량단독 - 전도전복,안전운전불이행,건조,맑음,교차로 - 교차로부근,특수,남,37세,중상,,,,
2016040700100608,2016년 4월 7일 21시,목요일,충청남도 아산시 탕정면,중상사고,0,1,0,0,차대사람 - 횡단중,안전운전불이행,건조,맑음,기타 - 기타,원동기,남,17세,상해없음,보행자,남,39세,중상
2016040700100609,2016년 4월 7일 21시,목요일,충청남도 공주시 석장리동,사망사고,1,1,0,0,차량단독 - 공작물충돌,안전운전불이행,건조,맑음,단일로 - 기타,화물,남,54세,중상,,,,
2016040700100636,2016년 4월 7일 22시,목요일,충청남도 천안시 서북구 백석동,경상사고,0,0,1,0,차대차 - 추돌,안전운전불이행,건조,맑음,단일로 - 기타,승용,남,31세,상해없음,승용,남,42세,경상
2016040700100665,2016년 4월 7일 23시,목요일,충청남도 아산시 신창면,중상사고,0,2,0,0,차대차 - 정면충돌,중앙선침범,건조,흐림,단일로 - 기타,승용,남,27세,상해없음,승용,남,23세,중상
2016040800100054,2016년 4월 8일 04시,금요일,충청남도 천안시 서북구 두정동,경상사고,0,0,3,0,차대차 - 측면충돌,직진우회전진행방해,건조,맑음,교차로 - 교차로안,승용,남,31세,상해없음,승용,남,39세,경상
2016040800100061,2016년 4월 8일 05시,금요일,충청남도 천안시 서북구 성정동,경상사고,0,0,2,0,차대차 - 측면충돌,불법유턴,건조,맑음,교차로 - 교차로부근,승용,남,33세,상해없음,화물,남,33세,경상
2016040800100062,2016년 4월 8일 05시,금요일,충청남도 예산군 예산읍,중상사고,0,1,0,0,차대사람 - 횡단중,안전운전불이행,건조,맑음,단일로 - 횡단보도부근,이륜,여,65세,상해없음,보행자,여,73세,중상
2016040800100075,2016년 4월 8일 06시,금요일,충청남도 아산시 배방읍,경상사고,0,0,1,0,차대차 - 측면직각충돌,안전운전불이행,건조,맑음,교차로 - 교차로안,승용,남,61세,상해없음,승용,남,29세,경상
2016040800100098,2016년 4월 8일 07시,금요일,충청남도 당진시 고대면,경상사고,0,0,2,0,차대차 - 추돌,과속,건조,맑음,단일로 - 기타,승용,남,24세,경상,승용,남,54세,경상
2016040800100125,2016년 4월 8일 08시,금요일,충청남도 아산시 모종동,중상사고,0,1,0,0,차대사람 - 횡단중,신호위반,건조,맑음,교차로 - 교차로부근,승용,여,42세,상해없음,보행자,여,69세,중상
2016040800100126,2016년 4월 8일 08시,금요일,충청남도 아산시 초사동,경상사고,0,0,1,0,차대사람 - 기타,안전운전불이행,건조,맑음,기타 - 기타,기타불명,기타불명,기타불명,기타불명,보행자,여,46세,경상
2016040800100196,2016년 4월 8일 10시,금요일,충청남도 태안군 태안읍,사망사고,1,0,0,0,차대사람 - 횡단중,보행자보호의무위반,건조,맑음,단일로 - 횡단보도상,화물,남,74세,상해없음,보행자,여,72세,사망
2016040800100197,2016년 4월 8일 10시,금요일,충청남도 보령시 신흑동,중상사고,0,1,1,0,차대차 - 측면직각충돌,직진우회전진행방해,건조,맑음,교차로 - 교차로안,화물,남,61세,상해없음,승용,여,42세,경상
2016040800100245,2016년 4월 8일 12시,금요일,충청남도 예산군 광시면,중상사고,0,1,0,0,차대사람 - 기타,안전운전불이행,건조,맑음,단일로 - 기타,승용,남,58세,상해없음,보행자,남,79세,중상