사고번호,사고일시,요일,시군구,사고내용,사망자수,중상자수,경상자수,부상신고자수,사고유형,법규위반,노면상태,기상상태,도로형태,가해운전자 차종,가해운전자 성별,가해운전자 연령,가해운전자 상해정도,피해운전자 차종,피해운전자 성별,피해운전자 연령,피해운전자 상해정도
2016040800100246,2016년 4월 8일 12시,금요일,충청남도 당진시 석문면,사망사고,1,0,0,0,차량단독 - 전도전복,안전운전불이행,건조,맑음,단일로 - 기타,이륜,남,73세,사망,,,,
2016040800100270,2016년 4월 8일 13시,금요일,충청남도 서산시 동문동,중상사고,0,1,0,0,차대사람 - 횡단중,보행자보호의무위반,건조,맑음,교차로 - 교차로부근,화물,남,52세,상해없음,보행자,남,42세,중상
2016040800100271,2016년 4월 8일 13시,금요일,충청남도 아산시 도고면,경상사고,0,0,1,0,차대차 - 추돌,안전운전불이행,건조,맑음,단일로 - 기타,화물,남,47세,상해없음,승합,남,60세,상해없음
2016040800100272,2016년 4월 8일 13시,금요일,충청남도 서천군 서천읍,경상사고,0,0,2,0,차대차 - 측면충돌,교차로운행방법위반,건조,맑음,교차로 - 교차로안,화물,남,49세,경상,승용,여,33세,경상
2016040800100273,2016년 4월 8일 13시,금요일,충청남도 당진시 석문면,경상사고,0,0,1,0,차대차 - 측면충돌,안전운전불이행,건조,맑음,단일로 - 기타,건설기계,남,39세,상해없음,승용,남,62세,경상
2016040800100375,2016년 4월 8일 16시,금요일,충청남도 천안시 동남구 신부동,경상사고,0,0,1,0,차대차 - 기타,안전운전불이행,건조,맑음,단일로 - 기타,승용,남,56세,상해없음,승합,남,45세,상해없음
2016040800100426,2016년 4월 8일 17시,금요일,충청남도 부여군 임천면,중상사고,0,1,0,0,차대차 - 기타,안전운전불이행,건조,맑음,단일로 - 기타,화물,여,56세,상해없음,승용,남,38세,중상
2016040800100427,2016년 4월 8일 17시,금요일,충청남도 당진시 합덕읍,경상사고,0,0,2,0,차대차 - 추돌,안전운전불이행,건조,맑음,교차로 - 교차로부근,승용,남,64세,상해없음,승용,남,19세,기타불명
2016040800100472,2016년 4월 8일 18시,금요일,충청남도 천안시 동남구 목천읍,경상사고,0,0,1,0,차대차 - 정면충돌,신호위반,건조,맑음,교차로 - 교차로안,승용,남,66세,상해없음,승용,남,48세,경상
2016040800100519,2016년 4월 8일 19시,금요일,충청남도 아산시 모종동,경상사고,0,0,1,0,차대차 - 정면충돌,안전운전불이행,건조,맑음,교차로 - 교차로안,승용,남,41세,상해없음,승용,여,53세,경상
2016040800100567,2016년 4월 8일 20시,금요일,충청남도 서천군 비인면,경상사고,0,0,1,0,차대사람 - 차도통행중,안전운전불이행,건조,맑음,단일로 - 기타,승용,남,70세,상해없음,보행자,남,71세,경상
2016040800100568,2016년 4월 8일 20시,금요일,충청남도 청양군 장평면,경상사고,0,0,1,0,차대차 - 기타,중앙선침범,건조,맑음,단일로 - 기타,승용,여,45세,상해없음,승용,남,47세,경상
2016040800100643,2016년 4월 8일 22시,금요일,충청남도 당진시 송산면,경상사고,0,0,1,0,차대차 - 측면직각충돌,중앙선침범,건조,맑음,단일로 - 기타,승용,남,30세,상해없음,승합,남,23세,경상
2016040800100674,2016년 4월 8일 23시,금요일,충청남도 아산시 음봉면,중상사고,0,1,0,0,차대차 - 정면충돌,신호위반,건조,맑음,교차로 - 교차로안,승용,남,22세,상해없음,승용,남,34세,중상
2016040900100037,2016년 4월 9일 01시,토요일,충청남도 천안시 서북구 성환읍,중상사고,0,1,0,0,차량단독 - 전도전복,안전운전불이행,기타,안개,단일로 - 기타,화물,남,35세,중상,,,,
2016040900100038,2016년 4월 9일 01시,토요일,충청남도 천안시 동남구 신부동,중상사고,0,2,1,0,차량단독 - 기타,안전운전불이행,건조,흐림,단일로 - 기타,승합,남,54세,경상,,,,
2016040900100052,2016년 4월 9일 02시,토요일,충청남도 아산시 풍기동,중상사고,0,2,0,0,차대차 - 정면충돌,중앙선침범,습기,안개,단일로 - 기타,승용,남,48세,중상,화물,남,42세,중상
2016040900100132,2016년 4월 9일 07시,토요일,충청남도 당진시 송산면,중상사고,0,1,1,0,차대차 - 추돌,안전운전불이행,건조,맑음,단일로 - 기타,승용,남,50세,상해없음,승용,남,24세,중상
2016040900100152,2016년 4월 9일 08시,토요일,충청남도 천안시 동남구 목천읍,중상사고,0,1,0,0,차대차 - 정면충돌,안전운전불이행,건조,맑음,단일로 - 기타,화물,남,55세,상해없음,이륜,남,27세,중상
2016040900100177,2016년 4월 9일 09시,토요일,충청남도 아산시 온천동,중상사고,0,1,0,0,차대사람 - 횡단중,보행자보호의무위반,건조,맑음,교차로 - 교차로부근,화물,남,53세,상해없음,보행자,여,71세,중상
2016040900100178,2016년 4월 9일 09시,토요일,충청남도 부여군 홍산면,중상사고,0,1,0,0,차대사람 - 횡단중,안전운전불이행,건조,맑음,단일로 - 기타,화물,남,53세,상해없음,보행자,남,9세,중상
2016040900100241,2016년 4월 9일 11시,토요일,충청남도 금산군 추부면,사망사고,1,0,0,0,차량단독 - 전도전복,안전운전불이행,건조,맑음,단일로 - 기타,농기계,남,69세,사망,,,,
2016040900100291,2016년 4월 9일 12시,토요일,충청남도 천안시 서북구 쌍용동,경상사고,0,0,1,0,차대사람 - 횡단중,보행자보호의무위반,건조,맑음,단일로 - 횡단보도상,승용,남,61세,상해없음,보행자,남,45세,경상
2016040900100292,2016년 4월 9일 12시,토요일,충청남도 홍성군 금마면,중상사고,0,1,3,0,차대차 - 측면충돌,중앙선침범,건조,맑음,단일로 - 기타,승용,남,30세,상해없음,승용,남,46세,경상
2016040900100356,2016년 4월 9일 14시,토요일,충청남도 서산시 운산면,경상사고,0,0,2,0,차대차 - 측면직각충돌,직진우회전진행방해,건조,맑음,교차로 - 교차로안,승용,남,72세,상해없음,승용,남,57세,경상
2016040900100357,2016년 4월 9일 14시,토요일,충청남도 아산시 모종동,경상사고,0,0,1,0,차대사람 - 기타,안전운전불이행,건조,맑음,단일로 - 기타,승용,여,49세,기타불명,보행자,남,43세,경상
2016040900100358,2016년 4월 9일 14시,토요일,충청남도 서천군 서면,경상사고,0,0,2,1,차대차 - 정면충돌,중앙선침범,건조,맑음,단일로 - 기타,승용,남,45세,부상신고,화물,남,65세,경상
2016040900100359,2016년 4월 9일 14시,토요일,충청남도 부여군 석성면,사망사고,1,1,0,0,차량단독 - 전도전복,안전운전불이행,건조,맑음,단일로 - 기타,승용,남,53세,상해없음,,,,
2016040900100360,2016년 4월 9일 14시,토요일,충청남도 청양군 정산면,경상사고,0,0,1,0,차대차 - 기타,안전운전불이행,건조,맑음,기타 - 기타,승용,남,73세,상해없음,승용,여,30세,경상
2016040900100361,2016년 4월 9일 14시,토요일,충청남도 천안시 동남구 신부동,경상사고,0,0,1,0,차대차 - 추돌,안전운전불이행,건조,맑음,단일로 - 기타,승용,남,28세,상해없음,승용,남,35세,경상
2016040900100387,2016년 4월 9일 15시,토요일,충청남도 천안시 서북구 성환읍,중상사고,0,1,0,0,차대차 - 기타,안전운전불이행,건조,맑음,교차로 - 교차로안,승용,남,36세,상해없음,자전거,남,73세,중상
2016040900100420,2016년 4월 9일 16시,토요일,충청남도 태안군 안면읍,경상사고,0,0,2,0,차대차 - 추돌,안전운전불이행,건조,맑음,교차로 - 교차로안,승용,여,23세,상해없음,승용,남,30세,경상
2016040900100453,2016년 4월 9일 17시,토요일,충청남도 논산시 연무읍,중상사고,0,3,0,0,차대차 - 측면직각충돌,안전운전불이행,건조,맑음,교차로 - 교차로안,승용,남,59세,중상,승용,남,49세,중상
2016040900100454,2016년 4월 9일 17시,토요일,충청남도 아산시 탕정면,경상사고,0,0,1,0,차대차 - 측면직각충돌,안전운전불이행,건조,맑음,교차로 - 교차로안,승용,남,36세,상해없음,승용,남,43세,경상
2016040900100455,2016년 4월 9일 17시,토요일,충청남도 예산군 예산읍,중상사고,0,2,8,0,차대차 - 측면충돌,교차로운행방법위반,건조,맑음,교차로 - 교차로안,승용,여,39세,경상,승용,여,42세,경상
2016040900100490,2016년 4월 9일 18시,토요일,충청남도 천안시 서북구 성환읍,중상사고,0,1,1,0,차대차 - 측면직각충돌,교차로운행방법위반,건조,맑음,교차로 - 교차로안,화물,남,61세,상해없음,승용,여,54세,중상
2016040900100491,2016년 4월 9일 18시,토요일,충청남도 서천군 장항읍,중상사고,0,1,1,0,차대차 - 측면직각충돌,직진우회전진행방해,건조,맑음,교차로 - 교차로안,승용,남,46세,경상,승용,남,36세,상해없음
2016040900100492,2016년 4월 9일 18시,토요일,충청남도 당진시 면천면,경상사고,0,0,4,0,차대차 - 추돌,안전운전불이행,건조,맑음,단일로 - 기타,승용,남,37세,상해없음,승용,남,49세,경상
2016040900100493,2016년 4월 9일 18시,토요일,충청남도 당진시 읍내리,경상사고,0,0,1,0,차대차 - 기타,교차로운행방법위반,건조,맑음,교차로 - 교차로안,승용,남,55세,상해없음,승용,남,51세,경상
2016040900100536,2016년 4월 9일 19시,토요일,충청남도 태안군 남면,경상사고,0,0,4,0,차대차 - 정면충돌,중앙선침범,건조,맑음,단일로 - 기타,화물,남,31세,경상,승용,남,31세,경상
2016040900100537,2016년 4월 9일 19시,토요일,충청남도 홍성군 광천읍,중상사고,0,1,1,0,차대차 - 측면충돌,신호위반,건조,맑음,교차로 - 교차로안,승용,남,37세,중상,승용,남,41세,경상
2016040900100538,2016년 4월 9일 19시,토요일,충청남도 천안시 동남구 봉명동,경상사고,0,0,1,0,차대사람 - 길가장자리구역통행중,안전운전불이행,건조,맑음,단일로 - 기타,승용,남,48세,상해없음,보행자,남,46세,경상
2016040900100573,2016년 4월 9일 20시,토요일,충청남도 서산시 동문동,중상사고,0,1,0,0,차대사람 - 차도통행중,안전운전불이행,건조,맑음,교차로 - 교차로안,화물,남,55세,상해없음,보행자,여,61세,중상
2016040900100650,2016년 4월 9일 22시,토요일,충청남도 아산시 인주면,경상사고,0,0,3,0,차대차 - 측면충돌,안전운전불이행,건조,맑음,기타 - 기타,화물,남,48세,상해없음,승용,여,45세,경상
2016041000100006,2016년 4월 10일 00시,일요일,충청남도 공주시 신관동,중상사고,0,1,1,0,차대차 - 측면충돌,안전운전불이행,건조,맑음,교차로 - 교차로안,이륜,남,16세,중상,승용,남,23세,경상
2016041000100021,2016년 4월 10일 01시,일요일,충청남도 천안시 서북구 성거읍,중상사고,0,2,0,0,차대차 - 측면직각충돌,안전운전불이행,건조,맑음,기타 - 기타,승용,남,55세,상해없음,화물,남,51세,중상
2016041000100036,2016년 4월 10일 02시,일요일,충청남도 서산시 읍내동,중상사고,0,1,0,0,차대사람 - 차도통행중,안전운전불이행,건조,맑음,단일로 - 기타,승용,남,40세,상해없음,보행자,남,29세,중상
2016041000100135,2016년 4월 10일 10시,일요일,충청남도 천안시 동남구 광덕면,경상사고,0,0,2,0,차대차 - 측면충돌,안전운전불이행,건조,맑음,교차로 - 교차로안,승용,남,87세,상해없음,승용,여,55세,경상
2016041000100189,2016년 4월 10일 12시,일요일,충청남도 서천군 서천읍,중상사고,0,1,0,0,차대차 - 측면직각충돌,직진우회전진행방해,건조,맑음,교차로 - 교차로안,원동기,여,46세,중상,승용,여,55세,상해없음
2016041000100190,2016년 4월 10일 12시,일요일,충청남도 공주시 정안면,경상사고,0,0,1,0,차대차 - 기타,안전운전불이행,건조,맑음,단일로 - 기타,자전거,남,35세,경상,승용,남,40세,상해없음
2016041000100191,2016년 4월 10일 12시,일요일,충청남도 천안시 동남구 광덕면,경상사고,0,0,1,0,차대차 - 추돌,안전운전불이행,건조,맑음,단일로 - 기타,승용,남,37세,상해없음,승용,남,54세,경상
2016041000100228,2016년 4월 10일 13시,일요일,충청남도 청양군 대치면,중상사고,0,3,1,0,차량단독 - 공작물충돌,안전운전불이행,건조,맑음,단일로 - 기타,승용,여,41세,경상,,,,
2016041000100257,2016년 4월 10일 14시,일요일,충청남도 천안시 서북구 입장면,부상신고사고,0,0,0,1,차대사람 - 기타,안전운전불이행,건조,맑음,기타 - 기타,승합,남,62세,상해없음,보행자,여,5세,부상신고
2016041000100258,2016년 4월 10일 14시,일요일,충청남도 천안시 서북구 성환읍,경상사고,0,0,2,0,차대차 - 정면충돌,안전운전불이행,건조,맑음,기타 - 기타,승용,남,47세,상해없음,승용,남,41세,경상
2016041000100259,2016년 4월 10일 14시,일요일,충청남도 부여군 부여읍,경상사고,0,0,1,0,차대차 - 측면충돌,안전운전불이행,건조,맑음,단일로 - 기타,화물,남,65세,기타불명,자전거,남,7세,경상
2016041000100286,2016년 4월 10일 15시,일요일,충청남도 아산시 용화동,경상사고,0,0,1,0,차대차 - 기타,안전운전불이행,건조,맑음,단일로 - 기타,승용,남,35세,상해없음,승용,여,49세,경상
2016041000100287,2016년 4월 10일 15시,일요일,충청남도 보령시 청라면,경상사고,0,0,2,0,차대차 - 기타,중앙선침범,건조,맑음,단일로 - 기타,화물,남,54세,상해없음,승용,여,44세,경상
2016041000100288,2016년 4월 10일 15시,일요일,충청남도 공주시 신관동,경상사고,0,0,1,0,차대사람 - 보도통행중,기타,건조,맑음,단일로 - 기타,승용,남,23세,상해없음,보행자,여,55세,경상
2016041000100289,2016년 4월 10일 15시,일요일,충청남도 천안시 동남구 신부동,중상사고,0,1,0,0,차대차 - 추돌,안전거리미확보,건조,맑음,단일로 - 기타,승용,여,57세,상해없음,승용,남,39세,중상
2016041000100323,2016년 4월 10일 16시,일요일,충청남도 천안시 서북구 성정동,경상사고,0,0,1,0,차대차 - 기타,안전운전불이행,건조,맑음,기타 - 기타,승용,남,23세,상해없음,이륜,남,31세,경상
2016041000100324,2016년 4월 10일 16시,일요일,충청남도 당진시 구룡리,경상사고,0,0,2,0,차대차 - 추돌,안전거리미확보,건조,맑음,단일로 - 기타,승용,남,61세,상해없음,승용,남,52세,경상
2016041000100326,2016년 4월 10일 16시,일요일,충청남도 당진시 송악읍,경상사고,0,0,2,0,차대차 - 측면직각충돌,안전운전불이행,건조,맑음,단일로 - 기타,승용,남,48세,상해없음,승합,남,45세,경상
2016041000100363,2016년 4월 10일 17시,일요일,충청남도 태안군 소원면,부상신고사고,0,0,0,1,차대차 - 측면직각충돌,교차로운행방법위반,건조,맑음,교차로 - 교차로안,화물,남,77세,부상신고,승용,남,39세,상해없음
2016041000100364,2016년 4월 10일 17시,일요일,충청남도 천안시 서북구 성환읍,경상사고,0,0,6,0,차대차 - 추돌,안전운전불이행,건조,맑음,교차로 - 교차로부근,승용,남,69세,상해없음,승용,남,23세,경상
2016041000100365,2016년 4월 10일 17시,일요일,충청남도 아산시 도고면,경상사고,0,0,1,0,차대차 - 측면충돌,안전운전불이행,건조,맑음,교차로 - 교차로안,이륜,남,40세,경상,승용,여,20세,상해없음
2016041000100366,2016년 4월 10일 17시,일요일,충청남도 아산시 모종동,중상사고,0,1,0,0,차대차 - 추돌,안전운전불이행,건조,맑음,단일로 - 기타,승용,남,34세,상해없음,승용,여,53세,중상
2016041000100367,2016년 4월 10일 17시,일요일,충청남도 서천군 장항읍,경상사고,0,0,5,0,차대차 - 측면충돌,직진우회전진행방해,건조,맑음,교차로 - 교차로안,승용,남,67세,경상,승용,남,34세,경상
2016041000100368,2016년 4월 10일 17시,일요일,충청남도 천안시 동남구 풍세면,경상사고,0,0,1,2,차대차 - 정면충돌,중앙선침범,건조,맑음,단일로 - 기타,승용,남,36세,상해없음,화물,남,69세,경상
2016041000100397,2016년 4월 10일 18시,일요일,충청남도 공주시 유구읍,경상사고,0,0,1,0,차대차 - 측면충돌,안전운전불이행,건조,맑음,단일로 - 기타,승용,남,45세,경상,승용,남,53세,상해없음
2016041000100430,2016년 4월 10일 19시,일요일,충청남도 홍성군 광천읍,중상사고,0,1,1,0,차대차 - 측면충돌,교차로운행방법위반,건조,맑음,교차로 - 교차로안,승용,여,62세,경상,이륜,남,63세,중상
2016041000100431,2016년 4월 10일 19시,일요일,충청남도 공주시 옥룡동,중상사고,0,2,0,0,차대사람 - 횡단중,중앙선침범,건조,맑음,단일로 - 기타,승용,남,62세,상해없음,보행자,남,55세,중상
2016041000100483,2016년 4월 10일 21시,일요일,충청남도 서산시 오남동,중상사고,0,1,0,0,차량단독 - 전도전복,안전운전불이행,건조,맑음,단일로 - 기타,승용,남,31세,중상,,,,
2016041000100484,2016년 4월 10일 21시,일요일,충청남도 천안시 서북구 쌍용동,중상사고,0,1,0,0,차대사람 - 횡단중,보행자보호의무위반,건조,맑음,교차로 - 교차로안,승합,남,40세,상해없음,보행자,여,29세,중상
2016041100100049,2016년 4월 11일 06시,월요일,충청남도 천안시 서북구 성정동,경상사고,0,0,4,0,차대차 - 기타,중앙선침범,건조,맑음,단일로 - 기타,승용,남,65세,상해없음,승용,남,61세,경상
2016041100100072,2016년 4월 11일 07시,월요일,충청남도 천안시 서북구 성정동,중상사고,0,1,0,0,차대사람 - 기타,보행자보호의무위반,건조,맑음,단일로 - 기타,승용,여,31세,상해없음,보행자,남,63세,중상
2016041100100073,2016년 4월 11일 07시,월요일,충청남도 홍성군 광천읍,경상사고,0,0,2,0,차대차 - 측면직각충돌,중앙선침범,건조,맑음,교차로 - 교차로부근,승용,남,34세,상해없음,화물,남,41세,경상
2016041100100074,2016년 4월 11일 07시,월요일,충청남도 보령시 동대동,중상사고,0,1,0,0,차대차 - 기타,교차로운행방법위반,건조,맑음,교차로 - 교차로부근,승용,남,41세,상해없음,자전거,여,61세,중상
2016041100100125,2016년 4월 11일 08시,월요일,충청남도 공주시 교동,중상사고,0,1,0,0,차대사람 - 기타,안전운전불이행,건조,맑음,단일로 - 기타,승용,여,47세,상해없음,보행자,여,14세,중상
2016041100100165,2016년 4월 11일 09시,월요일,충청남도 서산시 읍내동,경상사고,0,0,1,0,차대차 - 정면충돌,교차로운행방법위반,건조,맑음,교차로 - 교차로안,승용,여,31세,상해없음,승용,여,49세,경상
2016041100100166,2016년 4월 11일 09시,월요일,충청남도 당진시 신평면,경상사고,0,0,1,0,차대차 - 정면충돌,중앙선침범,건조,맑음,단일로 - 기타,화물,남,39세,상해없음,화물,남,28세,경상
2016041100100224,2016년 4월 11일 11시,월요일,충청남도 천안시 동남구 원성동,중상사고,0,1,0,0,차량단독 - 기타,안전운전불이행,건조,맑음,단일로 - 교량,승합,남,63세,상해없음,,,,
2016041100100257,2016년 4월 11일 12시,월요일,충청남도 논산시 연무읍,중상사고,0,2,2,0,차대차 - 추돌,안전운전불이행,건조,맑음,기타 - 기타,화물,남,47세,상해없음,승용,남,49세,경상
2016041100100258,2016년 4월 11일 12시,월요일,충청남도 아산시 음봉면,중상사고,0,2,0,0,차대차 - 정면충돌,중앙선침범,건조,맑음,단일로 - 기타,승용,여,46세,중상,승용,남,44세,중상
2016041100100259,2016년 4월 11일 12시,월요일,충청남도 천안시 동남구 신방동,경상사고,0,0,1,0,차대차 - 측면충돌,안전운전불이행,건조,맑음,교차로 - 교차로안,자전거,남,44세,경상,화물,남,33세,상해없음
2016041100100299,2016년 4월 11일 13시,월요일,충청남도 태안군 소원면,경상사고,0,0,3,0,차대차 - 정면충돌,안전운전불이행,건조,맑음,교차로 - 교차로안,승용,여,49세,경상,승용,여,44세,경상
2016041100100332,2016년 4월 11일 14시,월요일,충청남도 서산시 예천동,중상사고,0,1,1,0,차대차 - 정면충돌,안전운전불이행,건조,맑음,교차로 - 교차로부근,승용,남,38세,상해없음,이륜,남,60세,경상
2016041100100333,2016년 4월 11일 14시,월요일,충청남도 공주시 옥룡동,중상사고,0,1,0,0,차대차 - 추돌,안전운전불이행,건조,맑음,교차로 - 교차로안,승용,남,49세,상해없음,승용,남,39세,중상
2016041100100371,2016년 4월 11일 15시,월요일,충청남도 천안시 서북구 성정동,경상사고,0,0,4,0,차대차 - 기타,안전운전불이행,건조,맑음,교차로 - 교차로부근,승용,남,42세,상해없음,승용,남,41세,경상
2016041100100413,2016년 4월 11일 16시,월요일,충청남도 아산시 신창면,중상사고,0,1,3,0,차대차 - 추돌,안전운전불이행,건조,맑음,단일로 - 기타,승용,여,25세,경상,승용,남,67세,경상
2016041100100414,2016년 4월 11일 16시,월요일,충청남도 천안시 동남구 광덕면,경상사고,0,0,2,0,차대차 - 측면충돌,안전운전불이행,건조,맑음,교차로 - 교차로안,화물,남,66세,상해없음,승용,남,63세,경상
2016041100100415,2016년 4월 11일 16시,월요일,충청남도 천안시 동남구 원성동,경상사고,0,0,1,0,차대차 - 측면충돌,안전운전불이행,건조,맑음,교차로 - 교차로안,이륜,여,46세,경상,승용,남,34세,상해없음
2016041100100443,2016년 4월 11일 17시,월요일,충청남도 서산시 인지면,중상사고,0,1,0,0,차대차 - 정면충돌,안전운전불이행,건조,맑음,교차로 - 교차로부근,승용,여,56세,상해없음,승용,여,54세,중상
2016041100100444,2016년 4월 11일 17시,월요일,충청남도 천안시 서북구 차암동,중상사고,0,2,0,0,차대차 - 측면직각충돌,신호위반,건조,맑음,교차로 - 교차로안,승용,남,31세,상해없음,승용,여,27세,상해없음
2016041100100445,2016년 4월 11일 17시,월요일,충청남도 천안시 서북구 백석동,경상사고,0,0,3,0,차대차 - 추돌,안전운전불이행,건조,맑음,단일로 - 기타,승합,남,63세,상해없음,승용,여,44세,경상
2016041100100446,2016년 4월 11일 17시,월요일,충청남도 아산시 권곡동,경상사고,0,0,1,0,차대차 - 측면충돌,안전운전불이행,건조,맑음,단일로 - 기타,승용,남,40세,상해없음,승용,여,32세,경상
2016041100100447,2016년 4월 11일 17시,월요일,충청남도 아산시 장존동,경상사고,0,0,2,0,차대차 - 정면충돌,직진우회전진행방해,건조,맑음,교차로 - 교차로안,승용,여,29세,상해없음,화물,남,52세,경상
2016041100100448,2016년 4월 11일 17시,월요일,충청남도 서천군 서천읍,경상사고,0,0,3,0,차대차 - 측면직각충돌,직진우회전진행방해,건조,맑음,교차로 - 교차로안,승용,여,31세,경상,승용,여,61세,경상
2016041100100493,2016년 4월 11일 18시,월요일,충청남도 당진시 우강면,경상사고,0,0,1,0,차대차 - 측면충돌,신호위반,건조,맑음,교차로 - 교차로안,승용,남,25세,상해없음,승용,남,79세,경상
2016041100100525,2016년 4월 11일 19시,월요일,충청남도 서천군 서천읍,중상사고,0,1,0,0,차대사람 - 횡단중,중앙선침범,건조,맑음,단일로 - 기타,승용,남,49세,상해없음,보행자,여,62세,중상
2016041100100550,2016년 4월 11일 20시,월요일,충청남도 천안시 서북구 쌍용동,경상사고,0,0,1,0,차대차 - 측면충돌,신호위반,건조,맑음,교차로 - 교차로안,승용,여,39세,상해없음,승용,여,36세,경상
2016041200100023,2016년 4월 12일 01시,화요일,충청남도 공주시 우성면,경상사고,0,0,1,0,차량단독 - 공작물충돌,안전운전불이행,건조,맑음,단일로 - 기타,승용,남,43세,기타불명,,,,
2016041200100064,2016년 4월 12일 06시,화요일,충청남도 아산시 탕정면,중상사고,0,1,2,0,차대차 - 정면충돌,안전운전불이행,건조,맑음,교차로 - 교차로안,승용,남,52세,상해없음,승용,남,29세,중상
2016041200100162,2016년 4월 12일 09시,화요일,충청남도 당진시 송산면,중상사고,0,6,2,0,차대차 - 측면충돌,안전운전불이행,건조,맑음,단일로 - 기타,승용,남,60세,경상,승용,여,60세,중상
2016041200100192,2016년 4월 12일 10시,화요일,충청남도 아산시 배방읍,경상사고,0,0,2,0,차대차 - 추돌,안전운전불이행,건조,맑음,교차로 - 교차로부근,화물,남,61세,상해없음,승용,남,50세,경상
2016041200100222,2016년 4월 12일 11시,화요일,충청남도 태안군 근흥면,부상신고사고,0,0,0,1,차대차 - 추돌,안전운전불이행,건조,맑음,단일로 - 기타,이륜,남,79세,부상신고,승용,남,32세,상해없음
2016041200100223,2016년 4월 12일 11시,화요일,충청남도 아산시 읍내동,중상사고,0,1,0,0,차대사람 - 횡단중,안전운전불이행,건조,맑음,교차로 - 교차로안,승용,남,44세,상해없음,보행자,여,59세,중상
2016041200100252,2016년 4월 12일 12시,화요일,충청남도 서산시 운산면,부상신고사고,0,0,0,1,차량단독 - 전도전복,안전운전불이행,건조,맑음,단일로 - 기타,이륜,남,34세,부상신고,,,,
2016041200100253,2016년 4월 12일 12시,화요일,충청남도 계룡시 엄사면,경상사고,0,0,1,0,차대사람 - 횡단중,보행자보호의무위반,건조,맑음,교차로 - 교차로안,원동기,남,46세,상해없음,보행자,여,25세,경상
2016041200100254,2016년 4월 12일 12시,화요일,충청남도 서천군 한산면,중상사고,0,1,0,0,차대차 - 추돌,안전운전불이행,건조,맑음,교차로 - 교차로안,승용,여,61세,상해없음,이륜,남,71세,중상
2016041200100255,2016년 4월 12일 12시,화요일,충청남도 서천군 서천읍,경상사고,0,0,1,0,차대사람 - 길가장자리구역통행중,안전운전불이행,건조,맑음,단일로 - 기타,기타불명,기타불명,기타불명,기타불명,보행자,여,71세,경상
2016041200100305,2016년 4월 12일 14시,화요일,충청남도 서산시 팔봉면,중상사고,0,1,0,0,차대차 - 정면충돌,안전운전불이행,건조,맑음,기타 - 기타,승용,여,61세,상해없음,승용,남,67세,중상
2016041200100375,2016년 4월 12일 16시,화요일,충청남도 예산군 삽교읍,중상사고,0,2,0,0,차대차 - 추돌,안전거리미확보,건조,맑음,단일로 - 기타,승용,여,55세,상해없음,승용,남,37세,중상
2016041200100459,2016년 4월 12일 18시,화요일,충청남도 천안시 서북구 입장면,경상사고,0,0,1,0,차대차 - 측면직각충돌,안전운전불이행,건조,맑음,교차로 - 교차로안,승용,남,40세,상해없음,원동기,남,64세,경상
2016041200100539,2016년 4월 12일 20시,화요일,충청남도 아산시 권곡동,중상사고,0,1,0,0,차대차 - 측면충돌,신호위반,건조,맑음,교차로 - 교차로안,승합,남,47세,상해없음,이륜,남,19세,중상
2016041200100581,2016년 4월 12일 21시,화요일,충청남도 서산시 대산읍,경상사고,0,0,1,0,차량단독 - 전도전복,안전운전불이행,건조,맑음,단일로 - 기타,승용,남,58세,경상,,,,
2016041200100582,2016년 4월 12일 21시,화요일,충청남도 당진시 석문면,경상사고,0,0,1,0,차대차 - 추돌,안전운전불이행,건조,맑음,단일로 - 기타,화물,남,49세,상해없음,농기계,남,65세,경상
2016041200100653,2016년 4월 12일 23시,화요일,충청남도 아산시 배방읍,중상사고,0,1,0,0,차대사람 - 기타,안전운전불이행,건조,맑음,단일로 - 기타,승합,남,44세,기타불명,보행자,남,19세,중상
2016041200100654,2016년 4월 12일 23시,화요일,충청남도 아산시 용화동,경상사고,0,0,1,0,차대차 - 추돌,안전운전불이행,건조,맑음,교차로 - 교차로안,승용,남,56세,상해없음,승용,남,65세,경상
2016041300100130,2016년 4월 13일 06시,수요일,충청남도 태안군 태안읍,경상사고,0,0,1,0,차대차 - 정면충돌,교차로운행방법위반,건조,맑음,교차로 - 교차로안,화물,남,64세,경상,화물,남,58세,상해없음
2016041300100147,2016년 4월 13일 07시,수요일,충청남도 계룡시 금암동,경상사고,0,0,1,0,차대차 - 측면직각충돌,교차로운행방법위반,습기,비,교차로 - 교차로안,승용,남,66세,경상,승용,남,47세,상해없음
2016041300100168,2016년 4월 13일 08시,수요일,충청남도 천안시 서북구 두정동,경상사고,0,0,1,0,차대차 - 기타,안전거리미확보,습기,비,단일로 - 기타,승용,남,25세,상해없음,승용,남,25세,경상
2016041300100169,2016년 4월 13일 08시,수요일,충청남도 논산시 강경읍,경상사고,0,0,1,0,차대차 - 기타,중앙선침범,습기,비,단일로 - 기타,승용,남,66세,기타불명,승용,여,56세,경상
2016041300100170,2016년 4월 13일 08시,수요일,충청남도 공주시 의당면,중상사고,0,1,1,0,차대차 - 추돌,중앙선침범,습기,비,단일로 - 기타,화물,남,60세,경상,승용,남,60세,중상