사고번호,사고일시,요일,시군구,사고내용,사망자수,중상자수,경상자수,부상신고자수,사고유형,법규위반,노면상태,기상상태,도로형태,가해운전자 차종,가해운전자 성별,가해운전자 연령,가해운전자 상해정도,피해운전자 차종,피해운전자 성별,피해운전자 연령,피해운전자 상해정도
2016050400100787,2016년 5월 4일 23시,수요일,충청남도 공주시 신관동,경상사고,0,0,1,0,차대사람 - 길가장자리구역통행중,안전운전불이행,건조,맑음,단일로 - 기타,승합,남,57세,상해없음,보행자,남,29세,경상
2016050500100054,2016년 5월 5일 02시,목요일,충청남도 천안시 서북구 성거읍,중상사고,0,1,0,0,차대차 - 기타,안전운전불이행,건조,맑음,기타 - 기타,승용,남,26세,상해없음,승용,남,33세,중상
2016050500100064,2016년 5월 5일 03시,목요일,충청남도 천안시 서북구 두정동,경상사고,0,0,3,0,차대차 - 정면충돌,신호위반,건조,맑음,교차로 - 교차로안,승용,여,35세,상해없음,승용,여,50세,경상
2016050500100078,2016년 5월 5일 04시,목요일,충청남도 천안시 서북구 쌍용동,경상사고,0,0,1,0,차대차 - 추돌,안전운전불이행,건조,맑음,단일로 - 기타,화물,남,55세,상해없음,승용,여,49세,경상
2016050500100104,2016년 5월 5일 06시,목요일,충청남도 서천군 화양면,중상사고,0,2,2,0,차대차 - 측면직각충돌,안전운전불이행,건조,맑음,단일로 - 기타,승합,남,66세,상해없음,화물,남,44세,경상
2016050500100119,2016년 5월 5일 07시,목요일,충청남도 논산시 취암동,경상사고,0,0,1,0,차대사람 - 차도통행중,안전운전불이행,건조,맑음,단일로 - 기타,승용,남,58세,상해없음,보행자,남,50세,경상
2016050500100120,2016년 5월 5일 07시,목요일,충청남도 예산군 예산읍,중상사고,0,2,3,0,차대차 - 추돌,안전운전불이행,건조,맑음,교차로 - 교차로부근,승용,남,39세,상해없음,승합,남,41세,경상
2016050500100153,2016년 5월 5일 09시,목요일,충청남도 청양군 비봉면,중상사고,0,1,0,0,차대차 - 추돌,안전운전불이행,건조,맑음,단일로 - 기타,승용,여,55세,상해없음,농기계,남,74세,중상
2016050500100154,2016년 5월 5일 09시,목요일,충청남도 천안시 동남구 풍세면,경상사고,0,0,1,0,차량단독 - 전도전복,안전운전불이행,건조,맑음,단일로 - 기타,승용,여,43세,경상,,,,
2016050500100175,2016년 5월 5일 10시,목요일,충청남도 부여군 부여읍,중상사고,0,1,0,0,차대사람 - 횡단중,안전운전불이행,건조,맑음,교차로 - 교차로부근,승용,남,76세,상해없음,보행자,남,69세,중상
2016050500100176,2016년 5월 5일 10시,목요일,충청남도 천안시 서북구 입장면,경상사고,0,0,4,0,차대차 - 추돌,안전운전불이행,건조,맑음,단일로 - 기타,승용,남,44세,상해없음,승용,여,47세,경상
2016050500100209,2016년 5월 5일 11시,목요일,충청남도 보령시 요암동,중상사고,0,1,1,0,차대차 - 기타,중앙선침범,건조,맑음,단일로 - 기타,승용,여,26세,경상,화물,남,46세,상해없음
2016050500100210,2016년 5월 5일 11시,목요일,충청남도 공주시 석장리동,경상사고,0,0,2,0,차대차 - 추돌,안전운전불이행,건조,맑음,단일로 - 기타,승용,남,35세,기타불명,승용,남,54세,경상
2016050500100211,2016년 5월 5일 11시,목요일,충청남도 당진시 채운동,중상사고,0,1,0,0,차대차 - 기타,교차로운행방법위반,건조,맑음,교차로 - 교차로안,승용,여,30세,상해없음,이륜,남,53세,중상
2016050500100241,2016년 5월 5일 12시,목요일,충청남도 보령시 동대동,중상사고,0,1,0,0,차대차 - 측면직각충돌,안전운전불이행,건조,맑음,교차로 - 교차로안,승용,남,80세,상해없음,원동기,남,16세,중상
2016050500100242,2016년 5월 5일 12시,목요일,충청남도 보령시 남곡동,경상사고,0,0,3,0,차대차 - 추돌,안전거리미확보,건조,맑음,단일로 - 기타,승용,여,22세,상해없음,승용,남,50세,경상
2016050500100275,2016년 5월 5일 13시,목요일,충청남도 태안군 안면읍,경상사고,0,0,1,0,차대사람 - 횡단중,보행자보호의무위반,건조,맑음,단일로 - 기타,승합,남,41세,상해없음,보행자,남,58세,경상
2016050500100342,2016년 5월 5일 15시,목요일,충청남도 청양군 청양읍,경상사고,0,0,2,0,차대차 - 정면충돌,안전운전불이행,건조,맑음,교차로 - 교차로부근,승용,남,52세,상해없음,승용,남,45세,경상
2016050500100343,2016년 5월 5일 15시,목요일,충청남도 천안시 서북구 성거읍,경상사고,0,0,4,0,차대차 - 정면충돌,안전운전불이행,건조,맑음,단일로 - 기타,승용,남,62세,상해없음,승용,남,48세,경상
2016050500100374,2016년 5월 5일 16시,목요일,충청남도 당진시 송악읍,중상사고,0,1,0,0,차대차 - 추돌,안전운전불이행,건조,맑음,단일로 - 기타,승용,남,74세,상해없음,이륜,여,66세,중상
2016050500100375,2016년 5월 5일 16시,목요일,충청남도 천안시 동남구 문화동,경상사고,0,0,1,0,차대사람 - 횡단중,안전운전불이행,건조,맑음,단일로 - 기타,기타불명,기타불명,기타불명,기타불명,보행자,남,46세,경상
2016050500100496,2016년 5월 5일 19시,목요일,충청남도 아산시 모종동,중상사고,0,1,0,0,차대사람 - 횡단중,안전운전불이행,건조,맑음,교차로 - 교차로안,승합,남,49세,상해없음,보행자,여,65세,중상
2016050500100526,2016년 5월 5일 20시,목요일,충청남도 천안시 서북구 성정동,경상사고,0,0,1,0,차대차 - 기타,안전운전불이행,건조,맑음,교차로 - 교차로안,기타불명,기타불명,기타불명,기타불명,원동기,남,29세,경상
2016050500100596,2016년 5월 5일 23시,목요일,충청남도 보령시 웅천읍,중상사고,0,1,0,0,차량단독 - 공작물충돌,안전운전불이행,건조,흐림,단일로 - 기타,승용,남,33세,중상,,,,
2016050600100052,2016년 5월 6일 03시,금요일,충청남도 아산시 용화동,경상사고,0,0,2,0,차대차 - 정면충돌,중앙선침범,건조,흐림,교차로 - 교차로부근,승용,남,23세,상해없음,승용,남,37세,경상
2016050600100060,2016년 5월 6일 04시,금요일,충청남도 천안시 동남구 성남면,사망사고,1,1,0,0,차량단독 - 공작물충돌,안전운전불이행,건조,맑음,단일로 - 기타,원동기,남,20세,사망,,,,
2016050600100088,2016년 5월 6일 06시,금요일,충청남도 서산시 잠홍동,중상사고,0,1,4,1,차대차 - 정면충돌,안전운전불이행,건조,흐림,교차로 - 교차로부근,승용,남,21세,부상신고,화물,남,31세,경상
2016050600100135,2016년 5월 6일 09시,금요일,충청남도 당진시 합덕읍,부상신고사고,0,0,0,1,차대차 - 측면직각충돌,교차로운행방법위반,건조,맑음,교차로 - 교차로안,승용,남,58세,상해없음,승용,여,43세,부상신고
2016050600100265,2016년 5월 6일 13시,금요일,충청남도 홍성군 홍북면,경상사고,0,0,1,0,차대차 - 정면충돌,안전운전불이행,건조,맑음,단일로 - 기타,승용,남,30세,상해없음,승합,남,54세,경상
2016050600100334,2016년 5월 6일 15시,금요일,충청남도 천안시 서북구 성정동,중상사고,0,1,0,0,차대사람 - 기타,안전운전불이행,건조,맑음,단일로 - 기타,승용,여,55세,상해없음,보행자,남,63세,중상
2016050600100335,2016년 5월 6일 15시,금요일,충청남도 논산시 반월동,중상사고,0,1,0,0,차대사람 - 횡단중,안전운전불이행,건조,맑음,단일로 - 기타,승용,남,56세,상해없음,보행자,남,10세,중상
2016050600100336,2016년 5월 6일 15시,금요일,충청남도 아산시 음봉면,경상사고,0,0,1,0,차대차 - 측면충돌,안전운전불이행,건조,맑음,교차로 - 교차로안,승용,남,26세,상해없음,승용,남,27세,경상
2016050600100337,2016년 5월 6일 15시,금요일,충청남도 아산시 도고면,중상사고,0,2,2,0,차대차 - 추돌,안전운전불이행,건조,맑음,단일로 - 기타,승용,남,25세,상해없음,승용,남,41세,경상
2016050600100338,2016년 5월 6일 15시,금요일,충청남도 천안시 동남구 용곡동,중상사고,0,1,0,0,차대차 - 측면충돌,안전운전불이행,건조,맑음,단일로 - 기타,화물,남,45세,상해없음,승용,여,55세,중상
2016050600100374,2016년 5월 6일 16시,금요일,충청남도 아산시 음봉면,경상사고,0,0,1,0,차대사람 - 기타,기타,건조,맑음,단일로 - 기타,승합,남,61세,상해없음,보행자,여,80세,경상
2016050600100375,2016년 5월 6일 16시,금요일,충청남도 예산군 삽교읍,중상사고,0,1,1,0,차대차 - 추돌,안전운전불이행,건조,맑음,단일로 - 기타,승합,남,58세,상해없음,화물,여,36세,중상
2016050600100408,2016년 5월 6일 17시,금요일,충청남도 천안시 서북구 불당동,경상사고,0,0,2,0,차대차 - 측면직각충돌,신호위반,건조,맑음,교차로 - 교차로안,승용,남,31세,상해없음,승용,남,59세,경상
2016050600100409,2016년 5월 6일 17시,금요일,충청남도 공주시 금성동,경상사고,0,0,1,0,차대차 - 측면직각충돌,신호위반,건조,맑음,교차로 - 교차로안,승용,남,27세,상해없음,화물,남,64세,경상
2016050600100410,2016년 5월 6일 17시,금요일,충청남도 금산군 추부면,중상사고,0,1,0,0,차대차 - 측면직각충돌,직진우회전진행방해,건조,흐림,교차로 - 교차로안,이륜,남,69세,중상,승용,여,54세,상해없음
2016050600100411,2016년 5월 6일 17시,금요일,충청남도 천안시 동남구 원성동,경상사고,0,0,1,0,차대차 - 추돌,안전운전불이행,건조,맑음,단일로 - 기타,승용,여,61세,상해없음,자전거,남,11세,경상
2016050600100444,2016년 5월 6일 18시,금요일,충청남도 보령시 주교면,경상사고,0,0,2,0,차대차 - 측면직각충돌,중앙선침범,건조,맑음,단일로 - 기타,승용,남,47세,상해없음,승합,남,29세,경상
2016050600100446,2016년 5월 6일 18시,금요일,충청남도 당진시 읍내리,중상사고,0,1,0,0,차대사람 - 보도통행중,기타,건조,맑음,단일로 - 기타,승용,여,68세,상해없음,보행자,남,50세,중상
2016050600100478,2016년 5월 6일 19시,금요일,충청남도 천안시 서북구 쌍용동,경상사고,0,0,1,0,차대사람 - 기타,안전운전불이행,건조,맑음,단일로 - 기타,승용,남,55세,상해없음,보행자,남,26세,경상
2016050600100480,2016년 5월 6일 19시,금요일,충청남도 보령시 남곡동,중상사고,0,2,0,0,차대차 - 측면직각충돌,안전거리미확보,건조,맑음,단일로 - 기타,승용,여,45세,상해없음,승용,남,70세,중상
2016050600100520,2016년 5월 6일 20시,금요일,충청남도 아산시 온천동,경상사고,0,0,2,0,차대차 - 측면충돌,교차로운행방법위반,건조,맑음,교차로 - 교차로안,승용,남,22세,상해없음,원동기,여,43세,경상
2016050600100521,2016년 5월 6일 20시,금요일,충청남도 천안시 동남구 신방동,경상사고,0,0,4,0,차대차 - 정면충돌,안전운전불이행,건조,맑음,교차로 - 교차로안,승용,여,28세,기타불명,승용,남,39세,경상
2016050600100558,2016년 5월 6일 21시,금요일,충청남도 당진시 신평면,경상사고,0,0,2,0,차대차 - 측면직각충돌,안전운전불이행,건조,맑음,교차로 - 교차로안,승용,남,54세,상해없음,승용,남,40세,경상
2016050600100609,2016년 5월 6일 23시,금요일,충청남도 논산시 은진면,경상사고,0,0,1,0,차량단독 - 공작물충돌,안전운전불이행,건조,맑음,단일로 - 기타,승용,여,48세,경상,,,,
2016050700100014,2016년 5월 7일 00시,토요일,충청남도 공주시 유구읍,중상사고,0,1,0,0,차대사람 - 횡단중,안전운전불이행,건조,맑음,교차로 - 교차로안,승용,남,34세,상해없음,보행자,여,55세,중상
2016050700100031,2016년 5월 7일 01시,토요일,충청남도 천안시 서북구 성정동,경상사고,0,0,1,0,차대사람 - 횡단중,안전운전불이행,건조,맑음,교차로 - 교차로부근,승용,남,34세,상해없음,보행자,여,21세,경상
2016050700100060,2016년 5월 7일 03시,토요일,충청남도 천안시 서북구 쌍용동,사망사고,1,0,0,0,차대사람 - 기타,보행자보호의무위반,건조,맑음,교차로 - 교차로안,승용,남,33세,상해없음,보행자,여,50세,사망
2016050700100073,2016년 5월 7일 04시,토요일,충청남도 천안시 서북구 성정동,경상사고,0,0,1,0,차대차 - 기타,안전거리미확보,건조,맑음,단일로 - 기타,승용,남,31세,상해없음,원동기,남,37세,경상
2016050700100080,2016년 5월 7일 05시,토요일,충청남도 천안시 동남구 신부동,사망사고,1,0,0,0,차대사람 - 횡단중,안전운전불이행,건조,맑음,단일로 - 기타,승용,남,37세,상해없음,보행자,여,59세,사망
2016050700100090,2016년 5월 7일 06시,토요일,충청남도 보령시 명천동,경상사고,0,0,1,0,차대차 - 추돌,안전운전불이행,건조,맑음,단일로 - 기타,승용,남,77세,상해없음,화물,남,29세,경상
2016050700100091,2016년 5월 7일 06시,토요일,충청남도 당진시 석문면,경상사고,0,0,2,0,차대차 - 측면직각충돌,안전운전불이행,건조,맑음,단일로 - 기타,승용,남,64세,상해없음,승용,남,46세,경상
2016050700100151,2016년 5월 7일 09시,토요일,충청남도 홍성군 홍북면,경상사고,0,0,1,0,차대차 - 정면충돌,교차로운행방법위반,건조,맑음,교차로 - 교차로안,승용,남,44세,상해없음,승용,여,39세,경상
2016050700100152,2016년 5월 7일 09시,토요일,충청남도 부여군 부여읍,경상사고,0,0,1,0,차대차 - 정면충돌,안전운전불이행,건조,맑음,단일로 - 횡단보도상,승용,남,24세,상해없음,자전거,남,90세 이상,경상
2016050700100176,2016년 5월 7일 10시,토요일,충청남도 태안군 태안읍,경상사고,0,0,1,0,차대차 - 정면충돌,교차로운행방법위반,건조,맑음,교차로 - 교차로안,승용,여,64세,상해없음,이륜,남,73세,경상
2016050700100205,2016년 5월 7일 11시,토요일,충청남도 홍성군 갈산면,중상사고,0,2,1,0,차대차 - 추돌,안전운전불이행,건조,맑음,단일로 - 기타,승용,남,34세,상해없음,승용,남,57세,중상
2016050700100206,2016년 5월 7일 11시,토요일,충청남도 논산시 연무읍,사망사고,1,3,7,0,차대차 - 추돌,안전운전불이행,건조,맑음,기타 - 기타,승용,남,70세,상해없음,승용,여,49세,중상
2016050700100242,2016년 5월 7일 12시,토요일,충청남도 천안시 서북구 두정동,경상사고,0,0,1,0,차대차 - 측면충돌,안전운전불이행,건조,맑음,단일로 - 기타,이륜,남,48세,경상,승용,남,35세,상해없음
2016050700100243,2016년 5월 7일 12시,토요일,충청남도 공주시 산성동,경상사고,0,0,1,0,차대사람 - 횡단중,안전운전불이행,건조,맑음,단일로 - 기타,승용,남,54세,상해없음,보행자,남,70세,경상
2016050700100329,2016년 5월 7일 14시,토요일,충청남도 서산시 석남동,중상사고,0,2,1,0,차대차 - 정면충돌,교차로운행방법위반,건조,맑음,교차로 - 교차로안,화물,남,47세,상해없음,승용,남,48세,경상
2016050700100330,2016년 5월 7일 14시,토요일,충청남도 청양군 남양면,사망사고,1,1,0,0,차대차 - 추돌,안전운전불이행,건조,맑음,단일로 - 기타,건설기계,남,42세,상해없음,농기계,남,69세,사망
2016050700100364,2016년 5월 7일 15시,토요일,충청남도 태안군 근흥면,중상사고,0,1,0,0,차대차 - 정면충돌,안전운전불이행,건조,맑음,단일로 - 기타,승용,남,57세,상해없음,원동기,남,60세,중상
2016050700100365,2016년 5월 7일 15시,토요일,충청남도 논산시 양촌면,사망사고,1,0,0,0,차대차 - 측면충돌,중앙선침범,건조,맑음,단일로 - 기타,이륜,남,59세,사망,승용,남,45세,상해없음
2016050700100367,2016년 5월 7일 15시,토요일,충청남도 당진시 읍내리,중상사고,0,1,0,0,차대차 - 측면직각충돌,안전운전불이행,건조,맑음,교차로 - 교차로안,승용,남,33세,상해없음,자전거,남,61세,중상
2016050700100368,2016년 5월 7일 15시,토요일,충청남도 금산군 추부면,사망사고,1,1,0,0,차대사람 - 보도통행중,기타,건조,맑음,단일로 - 기타,건설기계,남,60세,중상,보행자,남,69세,사망
2016050700100412,2016년 5월 7일 16시,토요일,충청남도 태안군 소원면,경상사고,0,0,4,0,차대차 - 정면충돌,교차로운행방법위반,건조,맑음,교차로 - 교차로안,승합,남,55세,상해없음,승용,남,42세,경상
2016050700100413,2016년 5월 7일 16시,토요일,충청남도 당진시 석문면,중상사고,0,1,0,0,차대차 - 측면직각충돌,안전운전불이행,건조,맑음,단일로 - 기타,승용,여,45세,상해없음,원동기,남,82세,중상
2016050700100460,2016년 5월 7일 17시,토요일,충청남도 홍성군 홍성읍,중상사고,0,2,0,0,차대차 - 측면충돌,교차로운행방법위반,건조,맑음,교차로 - 교차로안,승용,남,24세,중상,화물,남,52세,상해없음
2016050700100530,2016년 5월 7일 19시,토요일,충청남도 서산시 석림동,중상사고,0,2,0,0,차대차 - 정면충돌,교차로운행방법위반,건조,맑음,교차로 - 교차로안,승용,여,62세,중상,승용,여,38세,중상
2016050700100531,2016년 5월 7일 19시,토요일,충청남도 공주시 신관동,중상사고,0,1,1,0,차대차 - 측면직각충돌,직진우회전진행방해,건조,맑음,교차로 - 교차로안,승용,남,46세,상해없음,이륜,남,16세,중상
2016050700100560,2016년 5월 7일 20시,토요일,충청남도 아산시 신동,경상사고,0,0,2,0,차대차 - 추돌,안전운전불이행,건조,맑음,교차로 - 교차로부근,승용,남,44세,기타불명,승용,남,35세,경상
2016050700100594,2016년 5월 7일 21시,토요일,충청남도 태안군 안면읍,중상사고,0,1,1,0,차대차 - 정면충돌,안전운전불이행,건조,맑음,교차로 - 교차로부근,승용,남,59세,상해없음,승용,여,49세,중상
2016050700100595,2016년 5월 7일 21시,토요일,충청남도 태안군 남면,중상사고,0,4,0,0,차대차 - 정면충돌,안전운전불이행,건조,맑음,단일로 - 기타,화물,남,56세,상해없음,승용,남,18세,중상
2016050700100596,2016년 5월 7일 21시,토요일,충청남도 보령시 내항동,중상사고,0,3,1,0,차대차 - 정면충돌,중앙선침범,건조,맑음,단일로 - 기타,승용,여,43세,경상,승용,남,30세,중상
2016050800100010,2016년 5월 8일 00시,일요일,충청남도 예산군 봉산면,사망사고,1,2,0,0,차량단독 - 전도전복,안전운전불이행,건조,맑음,단일로 - 기타,승용,남,47세,중상,,,,
2016050800100030,2016년 5월 8일 01시,일요일,충청남도 논산시 취암동,중상사고,0,1,1,0,차대차 - 측면충돌,신호위반,건조,맑음,교차로 - 교차로안,승용,남,37세,상해없음,승용,남,71세,중상
2016050800100058,2016년 5월 8일 04시,일요일,충청남도 서산시 운산면,중상사고,0,1,0,0,차량단독 - 전도전복,안전운전불이행,건조,맑음,단일로 - 기타,화물,남,45세,중상,,,,
2016050800100070,2016년 5월 8일 05시,일요일,충청남도 공주시 신관동,경상사고,0,0,1,0,차대차 - 측면직각충돌,신호위반,건조,맑음,교차로 - 교차로안,승용,여,55세,상해없음,화물,남,47세,경상
2016050800100078,2016년 5월 8일 06시,일요일,충청남도 천안시 서북구 성거읍,중상사고,0,1,0,0,차대차 - 기타,안전운전불이행,건조,맑음,단일로 - 기타,승용,남,29세,상해없음,승용,여,46세,중상
2016050800100091,2016년 5월 8일 07시,일요일,충청남도 태안군 남면,중상사고,0,4,1,0,차량단독 - 전도전복,안전운전불이행,건조,맑음,단일로 - 기타,승용,남,25세,중상,,,,
2016050800100106,2016년 5월 8일 08시,일요일,충청남도 당진시 정미면,중상사고,0,1,0,0,차대차 - 측면충돌,안전운전불이행,건조,맑음,단일로 - 기타,승용,남,36세,상해없음,승용,여,51세,중상
2016050800100144,2016년 5월 8일 10시,일요일,충청남도 서산시 팔봉면,중상사고,0,1,0,0,차대차 - 측면직각충돌,기타,건조,맑음,교차로 - 교차로안,승용,남,56세,상해없음,농기계,남,74세,중상
2016050800100172,2016년 5월 8일 11시,일요일,충청남도 태안군 근흥면,중상사고,0,1,0,0,차대차 - 측면충돌,교차로운행방법위반,건조,맑음,교차로 - 교차로안,이륜,남,66세,중상,승용,여,43세,상해없음
2016050800100173,2016년 5월 8일 11시,일요일,충청남도 홍성군 홍성읍,중상사고,0,1,3,0,차대차 - 측면충돌,안전운전불이행,건조,맑음,단일로 - 기타,승용,남,42세,상해없음,승용,남,69세,경상
2016050800100174,2016년 5월 8일 11시,일요일,충청남도 금산군 진산면,경상사고,0,0,2,0,차대차 - 정면충돌,중앙선침범,건조,맑음,단일로 - 기타,승용,남,42세,상해없음,승용,남,55세,경상
2016050800100198,2016년 5월 8일 12시,일요일,충청남도 천안시 동남구 봉명동,중상사고,0,1,1,0,차대차 - 정면충돌,교차로운행방법위반,건조,맑음,교차로 - 교차로안,이륜,남,16세,중상,승용,여,58세,경상
2016050800100199,2016년 5월 8일 12시,일요일,충청남도 천안시 서북구 성거읍,경상사고,0,0,1,0,차대차 - 기타,차로위반,건조,맑음,단일로 - 기타,승용,남,34세,상해없음,승용,남,34세,경상
2016050800100240,2016년 5월 8일 13시,일요일,충청남도 태안군 태안읍,경상사고,0,0,2,0,차대차 - 측면충돌,안전운전불이행,건조,맑음,기타 - 기타,승용,남,55세,상해없음,승용,남,64세,상해없음
2016050800100241,2016년 5월 8일 13시,일요일,충청남도 서천군 비인면,경상사고,0,0,1,0,차대사람 - 차도통행중,안전운전불이행,건조,맑음,단일로 - 기타,승용,여,57세,상해없음,보행자,여,44세,경상
2016050800100286,2016년 5월 8일 14시,일요일,충청남도 서산시 석림동,중상사고,0,1,0,0,차대사람 - 횡단중,안전운전불이행,건조,맑음,교차로 - 교차로안,승용,남,46세,상해없음,보행자,여,66세,중상
2016050800100287,2016년 5월 8일 14시,일요일,충청남도 홍성군 서부면,중상사고,0,1,0,0,차량단독 - 전도전복,안전운전불이행,건조,맑음,단일로 - 기타,농기계,남,68세,중상,,,,
2016050800100288,2016년 5월 8일 14시,일요일,충청남도 당진시 송산면,경상사고,0,0,1,0,차대차 - 측면직각충돌,중앙선침범,건조,맑음,단일로 - 기타,승용,여,49세,상해없음,승용,남,18세,경상
2016050800100289,2016년 5월 8일 14시,일요일,충청남도 논산시 연무읍,경상사고,0,0,2,0,차대차 - 기타,안전거리미확보,건조,맑음,기타 - 기타,승용,남,58세,상해없음,승용,여,43세,경상
2016050800100324,2016년 5월 8일 15시,일요일,충청남도 논산시 연산면,경상사고,0,0,4,0,차대차 - 정면충돌,중앙선침범,건조,맑음,단일로 - 기타,승용,남,68세,경상,승용,남,43세,경상
2016050800100359,2016년 5월 8일 16시,일요일,충청남도 공주시 유구읍,중상사고,0,1,0,0,차대차 - 측면직각충돌,안전운전불이행,건조,맑음,교차로 - 교차로안,승용,남,60세,상해없음,승용,여,60세,중상
2016050800100396,2016년 5월 8일 17시,일요일,충청남도 천안시 서북구 쌍용동,경상사고,0,0,1,0,차대차 - 기타,안전운전불이행,건조,맑음,교차로 - 교차로안,원동기,남,17세,경상,승용,여,36세,상해없음
2016050800100397,2016년 5월 8일 17시,일요일,충청남도 천안시 서북구 성정동,경상사고,0,0,1,0,차대차 - 기타,안전운전불이행,건조,맑음,교차로 - 교차로부근,원동기,남,53세,경상,승용,남,27세,상해없음
2016050800100398,2016년 5월 8일 17시,일요일,충청남도 논산시 채운면,사망사고,1,0,0,0,차대사람 - 횡단중,안전운전불이행,건조,맑음,교차로 - 교차로안,건설기계,남,47세,상해없음,보행자,남,62세,사망
2016050800100422,2016년 5월 8일 18시,일요일,충청남도 태안군 태안읍,중상사고,0,3,0,0,차대차 - 정면충돌,중앙선침범,건조,맑음,기타 - 기타,승용,여,53세,중상,이륜,남,44세,중상
2016050800100423,2016년 5월 8일 18시,일요일,충청남도 천안시 서북구 성정동,경상사고,0,0,1,0,차대차 - 기타,중앙선침범,건조,맑음,단일로 - 기타,자전거,남,50세,경상,승합,남,42세,상해없음
2016050800100424,2016년 5월 8일 18시,일요일,충청남도 당진시 순성면,경상사고,0,0,2,0,차대차 - 측면직각충돌,교차로운행방법위반,건조,맑음,교차로 - 교차로안,승용,여,49세,상해없음,승용,남,51세,경상
2016050800100450,2016년 5월 8일 19시,일요일,충청남도 예산군 예산읍,경상사고,0,0,1,0,차대차 - 기타,불법유턴,건조,맑음,단일로 - 기타,승용,남,65세,상해없음,승합,남,60세,상해없음
2016050800100483,2016년 5월 8일 20시,일요일,충청남도 서산시 인지면,중상사고,0,2,1,0,차대사람 - 길가장자리구역통행중,중앙선침범,건조,맑음,기타 - 기타,승용,남,64세,상해없음,보행자,여,66세,중상
2016050800100486,2016년 5월 8일 20시,일요일,충청남도 서천군 서천읍,경상사고,0,0,2,0,차대차 - 기타,안전운전불이행,건조,맑음,단일로 - 기타,승용,남,57세,경상,승용,남,50세,경상
2016050800100510,2016년 5월 8일 21시,일요일,충청남도 천안시 서북구 쌍용동,경상사고,0,0,1,0,차대차 - 측면직각충돌,교차로운행방법위반,건조,맑음,교차로 - 교차로안,승용,남,49세,상해없음,이륜,남,33세,경상
2016050800100511,2016년 5월 8일 21시,일요일,충청남도 논산시 노성면,중상사고,0,1,0,0,차대차 - 측면충돌,안전운전불이행,건조,맑음,단일로 - 기타,승합,남,54세,기타불명,승용,여,61세,중상
2016050800100512,2016년 5월 8일 21시,일요일,충청남도 논산시 반월동,경상사고,0,0,2,0,차대차 - 추돌,안전운전불이행,건조,맑음,교차로 - 교차로부근,승용,여,47세,상해없음,승용,남,33세,경상
2016050800100513,2016년 5월 8일 21시,일요일,충청남도 천안시 동남구 광덕면,중상사고,0,2,0,0,차대차 - 정면충돌,안전운전불이행,건조,맑음,단일로 - 기타,승용,남,26세,상해없음,승용,남,44세,중상
2016050900100055,2016년 5월 9일 07시,월요일,충청남도 천안시 동남구 용곡동,경상사고,0,0,1,0,차대차 - 추돌,안전운전불이행,건조,맑음,단일로 - 기타,승용,남,46세,상해없음,승용,여,31세,경상
2016050900100086,2016년 5월 9일 08시,월요일,충청남도 서산시 해미면,중상사고,0,1,0,1,차대사람 - 횡단중,안전운전불이행,건조,맑음,단일로 - 기타,화물,남,67세,부상신고,보행자,남,19세,중상
2016050900100087,2016년 5월 9일 08시,월요일,충청남도 당진시 신평면,경상사고,0,0,1,0,차대차 - 기타,안전운전불이행,건조,맑음,단일로 - 기타,승합,남,63세,상해없음,화물,남,66세,상해없음
2016050900100120,2016년 5월 9일 09시,월요일,충청남도 공주시 옥룡동,중상사고,0,1,0,0,차대차 - 추돌,안전운전불이행,건조,맑음,단일로 - 기타,이륜,남,74세,중상,승용,남,56세,상해없음
2016050900100215,2016년 5월 9일 12시,월요일,충청남도 금산군 금성면,중상사고,0,1,1,0,차대차 - 측면충돌,교차로운행방법위반,건조,맑음,교차로 - 교차로안,농기계,남,76세,경상,원동기,남,71세,중상
2016050900100255,2016년 5월 9일 13시,월요일,충청남도 태안군 태안읍,부상신고사고,0,0,0,1,차대차 - 측면직각충돌,안전운전불이행,건조,맑음,단일로 - 기타,이륜,남,33세,부상신고,승용,남,61세,상해없음
2016050900100256,2016년 5월 9일 13시,월요일,충청남도 예산군 삽교읍,경상사고,0,0,1,0,차대차 - 측면직각충돌,안전운전불이행,건조,맑음,교차로 - 교차로안,원동기,남,64세,상해없음,승용,여,55세,경상
2016050900100285,2016년 5월 9일 14시,월요일,충청남도 아산시 선장면,경상사고,0,0,1,0,차대차 - 정면충돌,중앙선침범,건조,맑음,단일로 - 기타,승용,남,71세,상해없음,승용,남,25세,경상
2016050900100323,2016년 5월 9일 15시,월요일,충청남도 아산시 득산동,중상사고,0,1,0,0,차대사람 - 횡단중,안전운전불이행,건조,맑음,단일로 - 기타,승용,여,47세,상해없음,보행자,여,84세,중상
2016050900100365,2016년 5월 9일 16시,월요일,충청남도 서산시 석남동,중상사고,0,1,0,0,차대차 - 정면충돌,안전운전불이행,건조,맑음,교차로 - 교차로부근,화물,남,34세,상해없음,자전거,남,17세,중상
2016050900100366,2016년 5월 9일 16시,월요일,충청남도 홍성군 홍북면,경상사고,0,0,1,0,차대차 - 측면충돌,신호위반,건조,맑음,교차로 - 교차로안,승합,여,35세,상해없음,승용,남,41세,경상
2016050900100367,2016년 5월 9일 16시,월요일,충청남도 보령시 대천동,중상사고,0,1,1,0,차대사람 - 기타,안전운전불이행,건조,흐림,단일로 - 기타,자전거,남,11세,경상,보행자,여,85세,중상
2016050900100396,2016년 5월 9일 17시,월요일,충청남도 천안시 서북구 불당동,경상사고,0,0,1,0,차대차 - 추돌,안전운전불이행,건조,맑음,교차로 - 교차로부근,승용,남,53세,상해없음,승용,남,35세,경상