사고번호,사고일시,요일,시군구,사고내용,사망자수,중상자수,경상자수,부상신고자수,사고유형,법규위반,노면상태,기상상태,도로형태,가해운전자 차종,가해운전자 성별,가해운전자 연령,가해운전자 상해정도,피해운전자 차종,피해운전자 성별,피해운전자 연령,피해운전자 상해정도
2016050900100421,2016년 5월 9일 18시,월요일,충청남도 홍성군 홍성읍,경상사고,0,0,1,0,차대차 - 측면충돌,교차로운행방법위반,건조,흐림,교차로 - 교차로안,승용,남,29세,상해없음,승용,여,43세,경상
2016050900100454,2016년 5월 9일 19시,월요일,충청남도 천안시 서북구 직산읍,경상사고,0,0,1,0,차대차 - 기타,안전운전불이행,건조,맑음,단일로 - 기타,원동기,남,21세,상해없음,승용,남,40세,경상
2016050900100455,2016년 5월 9일 19시,월요일,충청남도 아산시 득산동,경상사고,0,0,2,0,차대차 - 측면충돌,중앙선침범,건조,맑음,단일로 - 기타,승용,남,53세,기타불명,승용,남,31세,경상
2016050900100482,2016년 5월 9일 20시,월요일,충청남도 당진시 우강면,중상사고,0,1,1,0,차대사람 - 횡단중,안전운전불이행,건조,맑음,단일로 - 기타,승용,남,47세,상해없음,보행자,남,49세,중상
2016050900100516,2016년 5월 9일 21시,월요일,충청남도 서천군 서천읍,경상사고,0,0,2,0,차대차 - 측면직각충돌,신호위반,건조,맑음,교차로 - 교차로안,승합,남,66세,상해없음,승용,남,63세,경상
2016050900100546,2016년 5월 9일 22시,월요일,충청남도 청양군 장평면,경상사고,0,0,1,0,차량단독 - 전도전복,안전운전불이행,건조,맑음,단일로 - 터널,화물,남,60세,경상,,,,
2016050900100573,2016년 5월 9일 23시,월요일,충청남도 천안시 서북구 성정동,경상사고,0,0,1,0,차대차 - 기타,안전운전불이행,건조,맑음,단일로 - 기타,승용,남,22세,상해없음,승용,남,34세,경상
2016050900100574,2016년 5월 9일 23시,월요일,충청남도 당진시 송악읍,경상사고,0,0,1,0,차대차 - 추돌,안전운전불이행,건조,맑음,단일로 - 기타,승용,남,34세,상해없음,승용,남,51세,경상
2016051000100031,2016년 5월 10일 03시,화요일,충청남도 천안시 서북구 두정동,경상사고,0,0,1,0,차대사람 - 기타,안전운전불이행,건조,흐림,교차로 - 교차로안,승용,남,58세,상해없음,보행자,남,43세,경상
2016051000100090,2016년 5월 10일 07시,화요일,충청남도 천안시 서북구 성성동,경상사고,0,0,1,0,차대차 - 추돌,안전운전불이행,습기,비,단일로 - 기타,승용,남,61세,상해없음,승용,남,33세,경상
2016051000100091,2016년 5월 10일 07시,화요일,충청남도 아산시 풍기동,경상사고,0,0,1,0,차대차 - 추돌,안전운전불이행,습기,흐림,교차로 - 교차로안,승용,남,38세,상해없음,승용,남,40세,상해없음
2016051000100092,2016년 5월 10일 07시,화요일,충청남도 당진시 행정리,중상사고,0,1,0,0,차대차 - 측면충돌,교차로운행방법위반,습기,비,교차로 - 교차로안,승용,남,55세,상해없음,승용,남,29세,중상
2016051000100123,2016년 5월 10일 08시,화요일,충청남도 논산시 부적면,경상사고,0,0,1,0,차대차 - 추돌,안전운전불이행,건조,맑음,교차로 - 교차로부근,승용,여,51세,상해없음,승용,여,37세,경상
2016051000100124,2016년 5월 10일 08시,화요일,충청남도 아산시 염치읍,경상사고,0,0,2,0,차대차 - 측면직각충돌,안전운전불이행,습기,비,단일로 - 기타,승용,남,32세,상해없음,승용,여,45세,경상
2016051000100172,2016년 5월 10일 09시,화요일,충청남도 천안시 동남구 오룡동,중상사고,0,1,0,0,차대차 - 측면충돌,교차로운행방법위반,습기,비,교차로 - 교차로안,원동기,남,76세,중상,승용,여,66세,상해없음
2016051000100204,2016년 5월 10일 10시,화요일,충청남도 천안시 서북구 두정동,경상사고,0,0,1,0,차대차 - 측면직각충돌,안전운전불이행,습기,비,교차로 - 교차로안,승용,남,46세,상해없음,화물,남,36세,경상
2016051000100205,2016년 5월 10일 10시,화요일,충청남도 논산시 강산동,중상사고,0,1,0,0,차량단독 - 전도전복,안전운전불이행,습기,비,단일로 - 기타,화물,남,40세,중상,,,,
2016051000100206,2016년 5월 10일 10시,화요일,충청남도 서천군 장항읍,경상사고,0,0,2,0,차대차 - 측면직각충돌,직진우회전진행방해,습기,비,교차로 - 교차로안,승용,남,63세,경상,승용,남,74세,경상
2016051000100207,2016년 5월 10일 10시,화요일,충청남도 당진시 읍내리,경상사고,0,0,2,0,차대차 - 추돌,안전운전불이행,습기,비,단일로 - 기타,승용,남,75세,상해없음,승용,여,35세,경상
2016051000100208,2016년 5월 10일 10시,화요일,충청남도 당진시 석문면,중상사고,0,2,3,0,차대차 - 측면충돌,교차로운행방법위반,습기,비,교차로 - 교차로안,화물,남,48세,경상,승용,남,37세,경상
2016051000100298,2016년 5월 10일 13시,화요일,충청남도 홍성군 은하면,중상사고,0,1,0,0,차대차 - 측면충돌,직진우회전진행방해,습기,비,교차로 - 교차로안,승용,여,57세,상해없음,이륜,남,80세,중상
2016051000100328,2016년 5월 10일 14시,화요일,충청남도 천안시 동남구 신부동,경상사고,0,0,2,0,차대차 - 추돌,안전운전불이행,습기,비,단일로 - 기타,승용,여,48세,상해없음,승용,여,75세,상해없음
2016051000100359,2016년 5월 10일 15시,화요일,충청남도 논산시 부적면,중상사고,0,1,0,0,차량단독 - 공작물충돌,안전운전불이행,습기,비,교차로 - 교차로안,화물,남,55세,중상,,,,
2016051000100421,2016년 5월 10일 17시,화요일,충청남도 부여군 은산면,중상사고,0,1,4,0,차대차 - 정면충돌,안전운전불이행,습기,비,단일로 - 기타,승용,남,60세,경상,승용,남,68세,경상
2016051000100422,2016년 5월 10일 17시,화요일,충청남도 천안시 동남구 청당동,경상사고,0,0,1,0,차대차 - 측면충돌,안전운전불이행,습기,비,단일로 - 기타,승용,남,36세,상해없음,승용,남,43세,경상
2016051000100448,2016년 5월 10일 18시,화요일,충청남도 서산시 덕지천동,사망사고,1,1,0,0,차량단독 - 공작물충돌,안전운전불이행,건조,맑음,단일로 - 기타,승용,여,62세,사망,,,,
2016051000100449,2016년 5월 10일 18시,화요일,충청남도 계룡시 두마면,경상사고,0,0,1,0,차대차 - 측면직각충돌,교차로운행방법위반,습기,비,교차로 - 교차로안,승용,남,65세,상해없음,승용,남,44세,경상
2016051000100490,2016년 5월 10일 19시,화요일,충청남도 천안시 동남구 북면,중상사고,0,1,0,0,차대차 - 측면충돌,중앙선침범,습기,비,단일로 - 기타,승용,남,20세,상해없음,승용,여,60세,중상
2016051000100570,2016년 5월 10일 21시,화요일,충청남도 예산군 봉산면,중상사고,0,4,0,0,차량단독 - 전도전복,안전운전불이행,습기,비,단일로 - 기타,화물,남,57세,중상,,,,
2016051000100605,2016년 5월 10일 22시,화요일,충청남도 부여군 양화면,중상사고,0,1,0,0,차량단독 - 전도전복,안전운전불이행,습기,비,단일로 - 기타,화물,남,51세,중상,,,,
2016051100100039,2016년 5월 11일 03시,수요일,충청남도 금산군 금산읍,경상사고,0,0,1,0,차대차 - 측면직각충돌,직진우회전진행방해,습기,비,교차로 - 교차로안,승용,남,39세,상해없음,승용,남,56세,경상
2016051100100062,2016년 5월 11일 06시,수요일,충청남도 보령시 주포면,중상사고,0,2,0,0,차대차 - 측면직각충돌,신호위반,습기,안개,교차로 - 교차로안,승용,남,63세,중상,승용,여,29세,중상
2016051100100084,2016년 5월 11일 07시,수요일,충청남도 서산시 해미면,사망사고,1,1,0,0,차대차 - 측면직각충돌,과속,건조,맑음,교차로 - 교차로안,화물,남,22세,중상,승용,남,66세,사망
2016051100100110,2016년 5월 11일 08시,수요일,충청남도 논산시 취암동,부상신고사고,0,0,0,1,차대사람 - 횡단중,안전운전불이행,건조,맑음,교차로 - 교차로부근,기타불명,기타불명,기타불명,기타불명,보행자,남,51세,부상신고
2016051100100190,2016년 5월 11일 10시,수요일,충청남도 서천군 장항읍,경상사고,0,0,2,0,차대차 - 측면충돌,안전운전불이행,건조,맑음,교차로 - 교차로안,화물,남,43세,상해없음,승용,여,45세,경상
2016051100100248,2016년 5월 11일 12시,수요일,충청남도 공주시 태봉동,중상사고,0,1,0,0,차량단독 - 전도전복,안전운전불이행,건조,맑음,단일로 - 기타,이륜,남,67세,중상,,,,
2016051100100282,2016년 5월 11일 13시,수요일,충청남도 천안시 서북구 두정동,경상사고,0,0,1,0,차대차 - 기타,안전운전불이행,건조,맑음,교차로 - 교차로부근,자전거,남,58세,경상,승용,여,36세,상해없음
2016051100100283,2016년 5월 11일 13시,수요일,충청남도 천안시 서북구 와촌동,경상사고,0,0,1,0,차대차 - 기타,안전운전불이행,건조,맑음,교차로 - 교차로부근,승용,남,38세,경상,승용,여,50세,상해없음
2016051100100284,2016년 5월 11일 13시,수요일,충청남도 아산시 장존동,경상사고,0,0,1,0,차대차 - 추돌,안전운전불이행,건조,맑음,단일로 - 기타,승용,남,25세,상해없음,승용,여,32세,경상
2016051100100342,2016년 5월 11일 15시,수요일,충청남도 당진시 신평면,경상사고,0,0,1,0,차대사람 - 기타,기타,건조,맑음,단일로 - 기타,승용,남,55세,상해없음,보행자,여,48세,경상
2016051100100390,2016년 5월 11일 16시,수요일,충청남도 홍성군 홍성읍,중상사고,0,1,0,0,차대사람 - 길가장자리구역통행중,안전운전불이행,건조,맑음,단일로 - 기타,승용,여,61세,상해없음,보행자,여,71세,중상
2016051100100391,2016년 5월 11일 16시,수요일,충청남도 공주시 유구읍,중상사고,0,1,0,0,차대차 - 측면직각충돌,안전운전불이행,건조,맑음,교차로 - 교차로안,승용,여,65세,기타불명,이륜,남,78세,중상
2016051100100432,2016년 5월 11일 17시,수요일,충청남도 홍성군 광천읍,경상사고,0,0,1,0,차대차 - 추돌,안전거리미확보,건조,맑음,교차로 - 교차로부근,승용,남,43세,상해없음,승용,남,30세,경상
2016051100100481,2016년 5월 11일 18시,수요일,충청남도 아산시 탕정면,부상신고사고,0,0,0,1,차량단독 - 전도전복,안전운전불이행,건조,맑음,단일로 - 기타,이륜,남,28세,부상신고,,,,
2016051100100546,2016년 5월 11일 20시,수요일,충청남도 천안시 서북구 성정동,중상사고,0,1,0,0,차대차 - 기타,안전운전불이행,건조,맑음,교차로 - 교차로안,승용,남,48세,기타불명,화물,남,51세,중상
2016051100100547,2016년 5월 11일 20시,수요일,충청남도 예산군 예산읍,경상사고,0,0,1,0,차대차 - 측면충돌,신호위반,건조,맑음,교차로 - 교차로안,이륜,남,23세,경상,화물,남,65세,상해없음
2016051100100548,2016년 5월 11일 20시,수요일,충청남도 부여군 은산면,중상사고,0,1,0,0,차량단독 - 기타,안전운전불이행,건조,맑음,단일로 - 기타,승합,남,53세,상해없음,,,,
2016051100100549,2016년 5월 11일 20시,수요일,충청남도 천안시 동남구 청당동,경상사고,0,0,2,0,차대차 - 측면직각충돌,신호위반,건조,맑음,교차로 - 교차로안,승용,남,55세,상해없음,승용,남,61세,경상
2016051100100554,2016년 5월 11일 20시,수요일,충청남도 당진시 순성면,사망사고,1,0,1,0,차대차 - 추돌,안전운전불이행,건조,맑음,단일로 - 기타,화물,남,32세,사망,화물,남,57세,경상
2016051100100622,2016년 5월 11일 22시,수요일,충청남도 아산시 권곡동,경상사고,0,0,1,0,차대사람 - 횡단중,안전운전불이행,건조,맑음,교차로 - 교차로안,승용,여,23세,상해없음,보행자,남,63세,경상
2016051100100623,2016년 5월 11일 22시,수요일,충청남도 보령시 대천동,중상사고,0,1,0,0,차대차 - 측면직각충돌,직진우회전진행방해,건조,맑음,교차로 - 교차로안,승용,남,31세,상해없음,원동기,남,16세,중상
2016051100100654,2016년 5월 11일 23시,수요일,충청남도 서산시 석림동,경상사고,0,0,1,0,차대차 - 측면직각충돌,안전거리미확보,건조,맑음,단일로 - 기타,원동기,남,22세,경상,승용,남,48세,상해없음
2016051100100656,2016년 5월 11일 23시,수요일,충청남도 천안시 동남구 신부동,경상사고,0,0,1,0,차대차 - 추돌,안전운전불이행,건조,맑음,교차로 - 교차로부근,승용,남,26세,상해없음,승용,남,32세,경상
2016051100100657,2016년 5월 11일 23시,수요일,충청남도 천안시 동남구 안서동,경상사고,0,0,1,0,차대사람 - 기타,안전운전불이행,건조,맑음,단일로 - 기타,승용,남,25세,기타불명,보행자,남,18세,경상
2016051200100026,2016년 5월 12일 01시,목요일,충청남도 서천군 서천읍,경상사고,0,0,1,0,차량단독 - 공작물충돌,안전운전불이행,건조,맑음,단일로 - 기타,화물,남,45세,경상,,,,
2016051200100055,2016년 5월 12일 03시,목요일,충청남도 논산시 취암동,중상사고,0,1,1,0,차량단독 - 전도전복,안전운전불이행,건조,맑음,단일로 - 기타,원동기,남,16세,경상,,,,
2016051200100056,2016년 5월 12일 03시,목요일,충청남도 공주시 이인면,경상사고,0,0,1,1,차량단독 - 전도전복,안전운전불이행,건조,맑음,단일로 - 기타,이륜,남,16세,부상신고,,,,
2016051200100057,2016년 5월 12일 03시,목요일,충청남도 천안시 동남구 광덕면,경상사고,0,0,1,0,차대차 - 기타,안전운전불이행,건조,맑음,기타 - 기타,승용,남,40세,상해없음,승용,남,57세,경상
2016051200100083,2016년 5월 12일 06시,목요일,충청남도 당진시 읍내리,중상사고,0,1,0,0,차대차 - 측면충돌,교차로운행방법위반,건조,맑음,교차로 - 교차로안,승용,남,30세,상해없음,승용,여,30세,중상
2016051200100107,2016년 5월 12일 07시,목요일,충청남도 논산시 광석면,중상사고,0,1,1,0,차대차 - 추돌,안전운전불이행,건조,맑음,단일로 - 기타,승용,여,42세,중상,승용,남,55세,상해없음
2016051200100137,2016년 5월 12일 08시,목요일,충청남도 아산시 인주면,사망사고,1,1,0,0,차대차 - 정면충돌,중앙선침범,건조,맑음,단일로 - 기타,특수,남,38세,중상,승용,남,44세,사망
2016051200100138,2016년 5월 12일 08시,목요일,충청남도 공주시 정안면,중상사고,0,1,0,0,차량단독 - 기타,안전운전불이행,건조,맑음,단일로 - 기타,승합,남,49세,상해없음,,,,
2016051200100140,2016년 5월 12일 08시,목요일,충청남도 금산군 금산읍,경상사고,0,0,1,0,차대차 - 정면충돌,중앙선침범,건조,맑음,단일로 - 기타,자전거,남,16세,경상,화물,남,75세,상해없음
2016051200100210,2016년 5월 12일 10시,목요일,충청남도 태안군 태안읍,중상사고,0,1,1,0,차대차 - 정면충돌,교차로운행방법위반,건조,맑음,교차로 - 교차로안,승용,여,45세,경상,승용,남,66세,상해없음
2016051200100249,2016년 5월 12일 11시,목요일,충청남도 아산시 모종동,중상사고,0,1,0,0,차대사람 - 횡단중,안전운전불이행,건조,맑음,교차로 - 교차로안,승용,여,50세,상해없음,보행자,여,63세,중상
2016051200100250,2016년 5월 12일 11시,목요일,충청남도 부여군 부여읍,중상사고,0,1,0,0,차대사람 - 횡단중,보행자보호의무위반,건조,맑음,단일로 - 횡단보도상,승용,여,50세,상해없음,보행자,여,71세,중상
2016051200100251,2016년 5월 12일 11시,목요일,충청남도 당진시 신평면,중상사고,0,1,1,0,차대차 - 측면충돌,안전거리미확보,건조,맑음,단일로 - 기타,화물,남,51세,상해없음,승합,남,59세,경상
2016051200100252,2016년 5월 12일 11시,목요일,충청남도 금산군 금산읍,경상사고,0,0,2,0,차대차 - 측면충돌,안전운전불이행,건조,맑음,교차로 - 교차로부근,승용,여,36세,상해없음,이륜,남,75세,경상
2016051200100283,2016년 5월 12일 12시,목요일,충청남도 천안시 서북구 직산읍,경상사고,0,0,1,0,차대차 - 기타,직진우회전진행방해,건조,맑음,교차로 - 교차로부근,승용,여,58세,상해없음,승용,여,59세,경상
2016051200100302,2016년 5월 12일 13시,목요일,충청남도 천안시 서북구 쌍용동,경상사고,0,0,1,0,차대사람 - 기타,안전운전불이행,건조,맑음,교차로 - 교차로부근,승용,여,60세,상해없음,보행자,여,25세,경상
2016051200100303,2016년 5월 12일 13시,목요일,충청남도 홍성군 광천읍,중상사고,0,1,0,0,차량단독 - 전도전복,안전운전불이행,기타,맑음,단일로 - 기타,농기계,남,70세,중상,,,,
2016051200100304,2016년 5월 12일 13시,목요일,충청남도 서천군 비인면,중상사고,0,2,0,0,차량단독 - 공작물충돌,안전운전불이행,건조,맑음,단일로 - 기타,화물,남,68세,중상,,,,
2016051200100339,2016년 5월 12일 14시,목요일,충청남도 천안시 서북구 직산읍,경상사고,0,0,2,0,차대차 - 측면직각충돌,안전거리미확보,건조,맑음,교차로 - 교차로안,이륜,남,17세,경상,화물,남,50세,상해없음
2016051200100371,2016년 5월 12일 15시,목요일,충청남도 논산시 광석면,중상사고,0,1,0,0,차대차 - 측면직각충돌,교차로운행방법위반,건조,맑음,교차로 - 교차로안,화물,남,63세,상해없음,이륜,남,79세,중상
2016051200100372,2016년 5월 12일 15시,목요일,충청남도 아산시 인주면,사망사고,1,0,0,0,차량단독 - 기타,안전운전불이행,건조,맑음,기타 - 기타,원동기,남,72세,사망,,,,
2016051200100373,2016년 5월 12일 15시,목요일,충청남도 서천군 한산면,중상사고,0,1,0,0,차대차 - 측면직각충돌,안전운전불이행,건조,맑음,교차로 - 교차로부근,승합,남,59세,상해없음,이륜,남,77세,중상
2016051200100420,2016년 5월 12일 16시,목요일,충청남도 아산시 실옥동,경상사고,0,0,1,0,차대차 - 기타,안전운전불이행,건조,맑음,교차로 - 교차로안,자전거,남,14세,경상,승용,여,41세,상해없음
2016051200100421,2016년 5월 12일 16시,목요일,충청남도 당진시 읍내리,경상사고,0,0,1,0,차대차 - 측면충돌,교차로운행방법위반,건조,맑음,교차로 - 교차로안,승용,여,38세,상해없음,자전거,남,14세,경상
2016051200100422,2016년 5월 12일 16시,목요일,충청남도 당진시 송악읍,경상사고,0,0,1,0,차대차 - 추돌,안전거리미확보,건조,맑음,교차로 - 교차로안,승용,여,31세,상해없음,승용,남,56세,경상
2016051200100470,2016년 5월 12일 17시,목요일,충청남도 공주시 웅진동,사망사고,1,0,0,0,차대차 - 추돌,안전운전불이행,건조,맑음,단일로 - 기타,승용,남,35세,사망,승합,남,52세,상해없음
2016051200100516,2016년 5월 12일 18시,목요일,충청남도 논산시 채운면,부상신고사고,0,0,0,1,차대사람 - 길가장자리구역통행중,안전운전불이행,건조,맑음,단일로 - 기타,화물,남,61세,상해없음,보행자,여,71세,부상신고
2016051200100517,2016년 5월 12일 18시,목요일,충청남도 논산시 대교동,중상사고,0,1,0,0,차대사람 - 차도통행중,안전운전불이행,건조,맑음,단일로 - 기타,승용,남,47세,상해없음,보행자,남,59세,중상
2016051200100553,2016년 5월 12일 19시,목요일,충청남도 서산시 석남동,중상사고,0,1,0,0,차대차 - 측면충돌,기타,건조,맑음,교차로 - 교차로안,화물,남,68세,상해없음,이륜,여,79세,중상
2016051200100554,2016년 5월 12일 19시,목요일,충청남도 서천군 기산면,중상사고,0,1,0,0,차대사람 - 횡단중,안전운전불이행,건조,맑음,단일로 - 기타,승용,남,45세,상해없음,보행자,여,84세,중상
2016051200100587,2016년 5월 12일 20시,목요일,충청남도 논산시 은진면,경상사고,0,0,1,0,차대차 - 추돌,안전운전불이행,건조,맑음,교차로 - 교차로부근,승용,남,68세,상해없음,화물,남,47세,경상
2016051200100644,2016년 5월 12일 22시,목요일,충청남도 천안시 서북구 두정동,경상사고,0,0,1,0,차대차 - 기타,교차로운행방법위반,건조,맑음,교차로 - 교차로안,승용,남,51세,상해없음,승용,여,53세,경상
2016051300100015,2016년 5월 13일 00시,금요일,충청남도 공주시 신관동,중상사고,0,1,0,0,차대차 - 측면충돌,직진우회전진행방해,건조,맑음,교차로 - 교차로안,승용,남,25세,상해없음,승용,남,57세,중상
2016051300100016,2016년 5월 13일 00시,금요일,충청남도 천안시 동남구 신부동,중상사고,0,1,0,0,차대차 - 측면직각충돌,신호위반,건조,맑음,교차로 - 교차로안,승용,남,60세,상해없음,승용,여,24세,중상
2016051300100057,2016년 5월 13일 03시,금요일,충청남도 아산시 음봉면,중상사고,0,1,0,0,차대차 - 측면충돌,신호위반,건조,맑음,교차로 - 교차로안,승용,남,41세,상해없음,승용,남,45세,중상
2016051300100067,2016년 5월 13일 04시,금요일,충청남도 천안시 동남구 신방동,중상사고,0,1,0,0,차대사람 - 횡단중,중앙선침범,건조,맑음,단일로 - 횡단보도상,승용,남,32세,상해없음,보행자,남,42세,중상
2016051300100073,2016년 5월 13일 05시,금요일,충청남도 아산시 실옥동,경상사고,0,0,1,0,차대차 - 측면충돌,신호위반,건조,맑음,교차로 - 교차로안,승용,남,44세,상해없음,승합,남,49세,경상
2016051300100087,2016년 5월 13일 06시,금요일,충청남도 천안시 서북구 불당동,중상사고,0,1,0,0,차대차 - 측면직각충돌,안전거리미확보,건조,맑음,단일로 - 기타,승용,남,55세,상해없음,승용,남,59세,중상
2016051300100197,2016년 5월 13일 10시,금요일,충청남도 천안시 서북구 직산읍,경상사고,0,0,1,0,차대차 - 기타,안전운전불이행,건조,맑음,교차로 - 교차로안,승용,남,60세,상해없음,승용,남,40세,상해없음
2016051300100198,2016년 5월 13일 10시,금요일,충청남도 예산군 예산읍,경상사고,0,0,1,0,차대차 - 기타,안전운전불이행,건조,맑음,교차로 - 교차로부근,승용,남,69세,상해없음,승용,남,28세,경상
2016051300100199,2016년 5월 13일 10시,금요일,충청남도 당진시 원당리,경상사고,0,0,1,0,차대사람 - 횡단중,안전운전불이행,건조,맑음,미분류 - 미분류,승용,여,40세,상해없음,보행자,남,65세,경상
2016051300100200,2016년 5월 13일 10시,금요일,충청남도 당진시 합덕읍,경상사고,0,0,1,0,차대차 - 측면충돌,교차로운행방법위반,건조,맑음,교차로 - 교차로안,승용,남,57세,상해없음,승용,남,43세,경상
2016051300100201,2016년 5월 13일 10시,금요일,충청남도 금산군 복수면,중상사고,0,1,1,0,차대사람 - 기타,중앙선침범,건조,맑음,교차로 - 교차로부근,승합,남,80세,경상,보행자,남,51세,중상
2016051300100236,2016년 5월 13일 11시,금요일,충청남도 천안시 서북구 쌍용동,중상사고,0,1,0,0,차대차 - 정면충돌,안전운전불이행,건조,맑음,단일로 - 기타,원동기,여,68세,중상,승용,남,60세,상해없음
2016051300100256,2016년 5월 13일 12시,금요일,충청남도 서산시 읍내동,중상사고,0,1,0,0,차대차 - 정면충돌,교차로운행방법위반,건조,맑음,교차로 - 교차로안,이륜,남,73세,중상,승용,남,68세,상해없음
2016051300100257,2016년 5월 13일 12시,금요일,충청남도 서천군 종천면,중상사고,0,1,0,0,차대차 - 추돌,과속,건조,맑음,단일로 - 기타,승용,여,58세,상해없음,승용,여,63세,중상
2016051300100258,2016년 5월 13일 12시,금요일,충청남도 부여군 규암면,경상사고,0,0,1,0,차대차 - 측면직각충돌,안전운전불이행,건조,맑음,교차로 - 교차로안,승용,여,42세,상해없음,승용,남,44세,경상
2016051300100289,2016년 5월 13일 13시,금요일,충청남도 청양군 장평면,중상사고,0,1,0,0,차대차 - 정면충돌,안전운전불이행,건조,맑음,교차로 - 교차로안,화물,남,71세,상해없음,원동기,남,45세,중상
2016051300100290,2016년 5월 13일 13시,금요일,충청남도 천안시 동남구 신부동,경상사고,0,0,1,0,차대차 - 추돌,안전운전불이행,건조,맑음,교차로 - 교차로안,이륜,남,26세,경상,승용,남,35세,상해없음
2016051300100291,2016년 5월 13일 13시,금요일,충청남도 천안시 동남구 원성동,경상사고,0,0,1,0,차량단독 - 기타,안전운전불이행,건조,맑음,단일로 - 기타,승합,남,51세,상해없음,,,,
2016051300100322,2016년 5월 13일 14시,금요일,충청남도 아산시 배방읍,경상사고,0,0,1,0,차대사람 - 횡단중,보행자보호의무위반,건조,맑음,단일로 - 횡단보도상,승용,남,72세,기타불명,보행자,여,9세,경상
2016051300100374,2016년 5월 13일 15시,금요일,충청남도 서천군 비인면,경상사고,0,0,2,0,차대차 - 추돌,안전운전불이행,건조,맑음,교차로 - 교차로부근,화물,남,54세,상해없음,승용,남,59세,경상
2016051300100375,2016년 5월 13일 15시,금요일,충청남도 당진시 읍내리,경상사고,0,0,4,0,차대차 - 측면충돌,교차로운행방법위반,건조,맑음,교차로 - 교차로안,승용,여,64세,상해없음,승용,여,40세,경상
2016051300100376,2016년 5월 13일 15시,금요일,충청남도 당진시 송악읍,경상사고,0,0,3,0,차량단독 - 전도전복,안전운전불이행,건조,맑음,단일로 - 기타,승합,남,34세,상해없음,,,,
2016051300100412,2016년 5월 13일 16시,금요일,충청남도 논산시 노성면,경상사고,0,0,1,0,차대차 - 측면충돌,교차로운행방법위반,건조,맑음,교차로 - 교차로안,승용,남,60세,상해없음,승용,남,27세,경상
2016051300100460,2016년 5월 13일 17시,금요일,충청남도 청양군 청양읍,중상사고,0,2,1,0,차대차 - 정면충돌,안전운전불이행,건조,맑음,교차로 - 교차로안,승용,남,46세,경상,승용,남,22세,중상
2016051300100461,2016년 5월 13일 17시,금요일,충청남도 천안시 동남구 목천읍,경상사고,0,0,1,0,차량단독 - 전도전복,기타,건조,맑음,단일로 - 기타,화물,여,53세,경상,,,,
2016051300100506,2016년 5월 13일 18시,금요일,충청남도 아산시 읍내동,경상사고,0,0,3,0,차대차 - 추돌,안전운전불이행,건조,맑음,단일로 - 기타,승용,남,53세,상해없음,승용,남,40세,경상
2016051300100580,2016년 5월 13일 20시,금요일,충청남도 금산군 금산읍,경상사고,0,0,1,0,차대사람 - 횡단중,안전운전불이행,건조,맑음,교차로 - 교차로부근,원동기,남,40세,경상,보행자,여,76세,상해없음
2016051300100648,2016년 5월 13일 22시,금요일,충청남도 서산시 예천동,중상사고,0,2,0,0,차대사람 - 횡단중,보행자보호의무위반,건조,맑음,교차로 - 교차로안,승용,남,24세,상해없음,보행자,남,39세,중상
2016051300100649,2016년 5월 13일 22시,금요일,충청남도 천안시 서북구 두정동,경상사고,0,0,1,0,차대차 - 기타,안전운전불이행,건조,맑음,교차로 - 교차로부근,승용,여,24세,상해없음,승용,여,30세,경상
2016051400100108,2016년 5월 14일 06시,토요일,충청남도 아산시 배방읍,경상사고,0,0,1,0,차대차 - 측면충돌,안전운전불이행,건조,맑음,단일로 - 기타,승용,남,29세,상해없음,승용,남,57세,경상
2016051400100109,2016년 5월 14일 06시,토요일,충청남도 공주시 우성면,경상사고,0,0,1,0,차대차 - 추돌,안전운전불이행,건조,맑음,단일로 - 터널,승용,남,57세,상해없음,화물,남,66세,경상
2016051400100131,2016년 5월 14일 07시,토요일,충청남도 천안시 서북구 성환읍,경상사고,0,0,1,0,차대차 - 측면충돌,신호위반,건조,맑음,교차로 - 교차로안,화물,남,37세,상해없음,승용,남,64세,경상
2016051400100132,2016년 5월 14일 07시,토요일,충청남도 공주시 탄천면,경상사고,0,0,1,0,차대차 - 측면직각충돌,차로위반,건조,맑음,단일로 - 기타,화물,남,65세,상해없음,승용,남,32세,경상
2016051400100157,2016년 5월 14일 08시,토요일,충청남도 보령시 남포면,중상사고,0,1,0,0,차대차 - 정면충돌,중앙선침범,건조,맑음,단일로 - 기타,승용,남,77세,상해없음,승용,여,25세,중상
2016051400100184,2016년 5월 14일 09시,토요일,충청남도 공주시 우성면,중상사고,0,1,1,0,차대차 - 측면직각충돌,안전운전불이행,건조,맑음,교차로 - 교차로안,승용,남,59세,경상,승합,남,68세,중상
2016051400100217,2016년 5월 14일 10시,토요일,충청남도 천안시 동남구 신부동,중상사고,0,1,5,0,차대차 - 정면충돌,안전운전불이행,건조,맑음,단일로 - 기타,승용,남,38세,상해없음,승용,남,36세,중상
2016051400100255,2016년 5월 14일 11시,토요일,충청남도 당진시 합덕읍,경상사고,0,0,2,0,차대차 - 측면충돌,교차로운행방법위반,건조,맑음,교차로 - 교차로안,승용,남,70세,상해없음,승용,여,62세,경상
2016051400100326,2016년 5월 14일 13시,토요일,충청남도 천안시 서북구 성거읍,중상사고,0,1,10,0,차대차 - 측면직각충돌,차로위반,건조,맑음,단일로 - 기타,승용,남,26세,상해없음,승합,남,50세,경상