사고번호,사고일시,요일,시군구,사고내용,사망자수,중상자수,경상자수,부상신고자수,사고유형,법규위반,노면상태,기상상태,도로형태,가해운전자 차종,가해운전자 성별,가해운전자 연령,가해운전자 상해정도,피해운전자 차종,피해운전자 성별,피해운전자 연령,피해운전자 상해정도
2016051400100367,2016년 5월 14일 14시,토요일,충청남도 논산시 성동면,중상사고,0,1,0,0,차대차 - 정면충돌,안전운전불이행,건조,맑음,단일로 - 기타,원동기,남,66세,상해없음,자전거,여,69세,중상
2016051400100368,2016년 5월 14일 14시,토요일,충청남도 예산군 응봉면,경상사고,0,0,8,0,차대차 - 추돌,안전거리미확보,건조,맑음,단일로 - 기타,승용,여,51세,상해없음,승합,남,39세,경상
2016051400100369,2016년 5월 14일 14시,토요일,충청남도 천안시 동남구 성남면,중상사고,0,1,0,0,차량단독 - 전도전복,안전운전불이행,건조,맑음,단일로 - 기타,이륜,남,49세,중상,,,,
2016051400100407,2016년 5월 14일 15시,토요일,충청남도 아산시 권곡동,중상사고,0,1,0,0,차대사람 - 횡단중,안전운전불이행,건조,맑음,단일로 - 기타,승용,남,19세,상해없음,보행자,여,42세,중상
2016051400100408,2016년 5월 14일 15시,토요일,충청남도 공주시 신풍면,경상사고,0,0,2,0,차대차 - 측면직각충돌,중앙선침범,건조,맑음,단일로 - 기타,농기계,남,78세,경상,승용,남,39세,상해없음
2016051400100409,2016년 5월 14일 15시,토요일,충청남도 천안시 동남구 신부동,중상사고,0,1,0,0,차대차 - 정면충돌,안전운전불이행,건조,맑음,기타 - 기타,승용,여,46세,중상,승용,남,68세,상해없음
2016051400100445,2016년 5월 14일 16시,토요일,충청남도 서산시 부석면,중상사고,0,2,7,0,차대차 - 추돌,안전운전불이행,건조,맑음,교차로 - 교차로안,화물,남,64세,경상,승용,여,42세,경상
2016051400100446,2016년 5월 14일 16시,토요일,충청남도 아산시 염치읍,경상사고,0,0,3,0,차대차 - 추돌,안전운전불이행,건조,맑음,단일로 - 기타,승용,남,53세,상해없음,승용,남,31세,경상
2016051400100447,2016년 5월 14일 16시,토요일,충청남도 아산시 둔포면,경상사고,0,0,1,0,차대차 - 기타,신호위반,건조,맑음,교차로 - 교차로안,승용,여,56세,상해없음,승용,남,48세,경상
2016051400100448,2016년 5월 14일 16시,토요일,충청남도 공주시 반죽동,경상사고,0,0,2,0,차대차 - 추돌,안전운전불이행,건조,맑음,단일로 - 기타,승용,남,22세,상해없음,승용,남,61세,경상
2016051400100449,2016년 5월 14일 16시,토요일,충청남도 당진시 원당리,경상사고,0,0,1,0,차대차 - 측면충돌,중앙선침범,건조,맑음,단일로 - 기타,승용,남,68세,상해없음,승용,남,52세,경상
2016051400100476,2016년 5월 14일 17시,토요일,충청남도 태안군 남면,중상사고,0,2,0,0,차대차 - 정면충돌,중앙선침범,건조,맑음,단일로 - 기타,승용,남,54세,상해없음,승용,남,41세,중상
2016051400100477,2016년 5월 14일 17시,토요일,충청남도 천안시 서북구 성정동,중상사고,0,1,0,0,차대차 - 추돌,안전운전불이행,건조,맑음,단일로 - 기타,특수,남,46세,상해없음,자전거,남,73세,중상
2016051400100479,2016년 5월 14일 17시,토요일,충청남도 천안시 서북구 입장면,중상사고,0,3,2,0,차대차 - 정면충돌,안전운전불이행,건조,맑음,단일로 - 기타,승용,남,53세,상해없음,승합,남,45세,상해없음
2016051400100542,2016년 5월 14일 19시,토요일,충청남도 서산시 동문동,중상사고,0,1,0,0,차대차 - 측면직각충돌,안전운전불이행,건조,맑음,교차로 - 교차로안,이륜,남,17세,중상,승용,남,32세,상해없음
2016051400100543,2016년 5월 14일 19시,토요일,충청남도 아산시 도고면,중상사고,0,1,0,0,차대차 - 측면충돌,신호위반,건조,맑음,교차로 - 교차로안,화물,남,67세,상해없음,농기계,남,78세,중상
2016051400100544,2016년 5월 14일 19시,토요일,충청남도 서천군 문산면,경상사고,0,0,2,0,차대차 - 기타,안전운전불이행,건조,맑음,단일로 - 기타,농기계,남,75세,상해없음,승용,남,68세,경상
2016051400100577,2016년 5월 14일 20시,토요일,충청남도 천안시 서북구 성정동,경상사고,0,0,3,0,차대차 - 측면직각충돌,안전운전불이행,건조,맑음,단일로 - 기타,승용,남,26세,상해없음,승용,남,60세,경상
2016051400100578,2016년 5월 14일 20시,토요일,충청남도 당진시 송산면,경상사고,0,0,2,0,차대차 - 측면충돌,교차로운행방법위반,건조,맑음,교차로 - 교차로안,승용,남,33세,상해없음,승용,남,42세,경상
2016051400100608,2016년 5월 14일 21시,토요일,충청남도 서산시 대산읍,중상사고,0,2,0,0,차대차 - 정면충돌,중앙선침범,건조,맑음,단일로 - 기타,승용,남,48세,상해없음,화물,남,45세,중상
2016051400100634,2016년 5월 14일 22시,토요일,충청남도 청양군 청양읍,경상사고,0,0,1,0,차량단독 - 전도전복,안전운전불이행,건조,맑음,단일로 - 기타,승용,남,50세,경상,,,,
2016051500100053,2016년 5월 15일 03시,일요일,충청남도 천안시 서북구 성거읍,경상사고,0,0,2,0,차대사람 - 기타,과속,건조,맑음,단일로 - 기타,승용,남,28세,경상,보행자,남,31세,경상
2016051500100087,2016년 5월 15일 08시,일요일,충청남도 아산시 음봉면,경상사고,0,0,1,0,차대차 - 측면충돌,중앙선침범,건조,맑음,단일로 - 기타,승용,남,35세,상해없음,이륜,남,49세,경상
2016051500100192,2016년 5월 15일 13시,일요일,충청남도 서산시 석림동,경상사고,0,0,1,0,차대차 - 측면충돌,기타,건조,맑음,단일로 - 기타,승용,여,43세,경상,기타불명,기타불명,기타불명,기타불명
2016051500100193,2016년 5월 15일 13시,일요일,충청남도 천안시 서북구 쌍용동,중상사고,0,1,0,0,차대차 - 기타,안전운전불이행,건조,맑음,단일로 - 기타,승용,남,37세,상해없음,원동기,남,20세,중상
2016051500100229,2016년 5월 15일 14시,일요일,충청남도 아산시 풍기동,부상신고사고,0,0,0,1,차대차 - 측면충돌,안전운전불이행,건조,맑음,교차로 - 교차로부근,원동기,남,19세,부상신고,승용,남,39세,상해없음
2016051500100262,2016년 5월 15일 15시,일요일,충청남도 홍성군 홍성읍,경상사고,0,0,1,0,차대차 - 측면충돌,교차로운행방법위반,건조,흐림,교차로 - 교차로안,화물,남,56세,상해없음,이륜,남,24세,경상
2016051500100263,2016년 5월 15일 15시,일요일,충청남도 천안시 서북구 성거읍,중상사고,0,1,2,0,차대차 - 정면충돌,차로위반,건조,맑음,단일로 - 기타,화물,남,42세,경상,승용,여,56세,중상
2016051500100299,2016년 5월 15일 16시,일요일,충청남도 천안시 서북구 쌍용동,경상사고,0,0,1,0,차대차 - 추돌,안전운전불이행,습기,비,교차로 - 교차로부근,승용,여,55세,상해없음,승용,남,51세,경상
2016051500100300,2016년 5월 15일 16시,일요일,충청남도 보령시 남포면,중상사고,0,1,0,0,차대차 - 정면충돌,안전운전불이행,습기,비,단일로 - 기타,원동기,남,65세,중상,농기계,남,63세,상해없음
2016051500100337,2016년 5월 15일 17시,일요일,충청남도 아산시 인주면,경상사고,0,0,1,0,차대사람 - 횡단중,안전운전불이행,건조,맑음,단일로 - 기타,승용,남,43세,상해없음,보행자,여,16세,경상
2016051500100370,2016년 5월 15일 18시,일요일,충청남도 천안시 서북구 쌍용동,중상사고,0,1,0,0,차대차 - 정면충돌,신호위반,습기,비,교차로 - 교차로안,승용,여,22세,상해없음,승용,남,50세,중상
2016051500100371,2016년 5월 15일 18시,일요일,충청남도 홍성군 홍성읍,경상사고,0,0,1,0,차대차 - 추돌,안전운전불이행,습기,비,단일로 - 기타,승용,남,59세,상해없음,승용,남,51세,경상
2016051500100373,2016년 5월 15일 18시,일요일,충청남도 천안시 동남구 신부동,경상사고,0,0,1,0,차대사람 - 횡단중,안전운전불이행,습기,비,단일로 - 기타,승용,남,65세,상해없음,보행자,여,16세,경상
2016051500100438,2016년 5월 15일 20시,일요일,충청남도 천안시 서북구 두정동,중상사고,0,1,0,0,차대사람 - 기타,안전운전불이행,습기,비,교차로 - 교차로부근,승용,남,38세,상해없음,보행자,남,34세,중상
2016051500100486,2016년 5월 15일 21시,일요일,충청남도 천안시 서북구 쌍용동,경상사고,0,0,1,0,차대사람 - 횡단중,신호위반,습기,비,교차로 - 교차로부근,원동기,남,17세,상해없음,보행자,남,18세,경상
2016051500100487,2016년 5월 15일 21시,일요일,충청남도 천안시 서북구 불당동,경상사고,0,0,1,0,차대차 - 추돌,안전운전불이행,습기,비,교차로 - 교차로부근,승용,남,27세,상해없음,승용,남,52세,경상
2016051500100488,2016년 5월 15일 21시,일요일,충청남도 아산시 온천동,경상사고,0,0,2,0,차대차 - 추돌,안전운전불이행,습기,비,기타 - 기타,승용,남,38세,상해없음,승용,남,62세,경상
2016051600100010,2016년 5월 16일 00시,월요일,충청남도 천안시 서북구 성정동,경상사고,0,0,1,0,차대차 - 측면직각충돌,안전거리미확보,습기,비,단일로 - 기타,승용,남,26세,상해없음,원동기,남,34세,경상
2016051600100055,2016년 5월 16일 05시,월요일,충청남도 서천군 마서면,경상사고,0,0,1,0,차량단독 - 공작물충돌,안전운전불이행,습기,흐림,단일로 - 기타,승용,여,45세,경상,,,,
2016051600100084,2016년 5월 16일 07시,월요일,충청남도 천안시 서북구 성거읍,경상사고,0,0,1,0,차대차 - 기타,안전거리미확보,건조,맑음,단일로 - 기타,화물,남,66세,상해없음,승용,여,26세,경상
2016051600100114,2016년 5월 16일 08시,월요일,충청남도 아산시 실옥동,경상사고,0,0,1,0,차대차 - 측면충돌,안전운전불이행,건조,맑음,교차로 - 교차로안,승용,여,43세,상해없음,자전거,남,42세,경상
2016051600100231,2016년 5월 16일 11시,월요일,충청남도 천안시 서북구 성정동,사망사고,1,0,0,0,차대사람 - 기타,안전운전불이행,건조,맑음,기타 - 기타,승용,남,86세,상해없음,보행자,남,54세,사망
2016051600100232,2016년 5월 16일 11시,월요일,충청남도 천안시 서북구 직산읍,경상사고,0,0,1,1,차대차 - 측면충돌,안전운전불이행,건조,맑음,단일로 - 기타,승용,남,41세,부상신고,화물,남,60세,경상
2016051600100259,2016년 5월 16일 12시,월요일,충청남도 당진시 읍내리,경상사고,0,0,1,0,차대차 - 추돌,안전운전불이행,건조,맑음,교차로 - 교차로부근,승용,남,35세,상해없음,승용,여,42세,경상
2016051600100286,2016년 5월 16일 13시,월요일,충청남도 천안시 서북구 쌍용동,중상사고,0,1,1,0,차대차 - 측면직각충돌,안전운전불이행,건조,맑음,단일로 - 횡단보도상,원동기,남,74세,중상,승용,여,60세,경상
2016051600100287,2016년 5월 16일 13시,월요일,충청남도 서천군 비인면,경상사고,0,0,1,0,차대차 - 측면직각충돌,신호위반,건조,맑음,교차로 - 교차로안,화물,남,63세,상해없음,화물,남,34세,경상
2016051600100288,2016년 5월 16일 13시,월요일,충청남도 보령시 신흑동,중상사고,0,2,0,0,차대차 - 기타,중앙선침범,건조,맑음,단일로 - 기타,승용,남,57세,상해없음,승용,남,49세,중상
2016051600100289,2016년 5월 16일 13시,월요일,충청남도 보령시 오천면,중상사고,0,2,2,0,차대차 - 정면충돌,안전운전불이행,건조,맑음,단일로 - 기타,화물,남,77세,상해없음,화물,남,29세,중상
2016051600100291,2016년 5월 16일 13시,월요일,충청남도 천안시 동남구 안서동,경상사고,0,0,1,0,차대사람 - 기타,안전운전불이행,건조,맑음,단일로 - 기타,승용,남,53세,상해없음,보행자,남,24세,경상
2016051600100331,2016년 5월 16일 14시,월요일,충청남도 서산시 동문동,중상사고,0,1,0,0,차대사람 - 횡단중,보행자보호의무위반,건조,맑음,단일로 - 횡단보도상,승용,남,49세,상해없음,보행자,남,70세,중상
2016051600100332,2016년 5월 16일 14시,월요일,충청남도 천안시 서북구 성정동,경상사고,0,0,1,0,차대사람 - 횡단중,안전운전불이행,건조,맑음,단일로 - 기타,승용,여,32세,상해없음,보행자,여,47세,경상
2016051600100333,2016년 5월 16일 14시,월요일,충청남도 천안시 서북구 쌍용동,경상사고,0,0,3,1,차대차 - 측면충돌,신호위반,건조,맑음,교차로 - 교차로안,승용,여,55세,부상신고,승용,여,33세,경상
2016051600100334,2016년 5월 16일 14시,월요일,충청남도 천안시 서북구 성정동,중상사고,0,1,0,0,차대차 - 측면충돌,안전운전불이행,건조,맑음,단일로 - 기타,승용,남,75세,상해없음,승용,남,62세,상해없음
2016051600100335,2016년 5월 16일 14시,월요일,충청남도 예산군 삽교읍,경상사고,0,0,1,0,차대차 - 기타,직진우회전진행방해,건조,맑음,교차로 - 교차로안,건설기계,남,51세,상해없음,화물,남,80세,경상
2016051600100336,2016년 5월 16일 14시,월요일,충청남도 청양군 장평면,중상사고,0,1,0,0,차대차 - 측면직각충돌,직진우회전진행방해,건조,맑음,교차로 - 교차로안,원동기,여,65세,중상,승용,남,60세,상해없음
2016051600100420,2016년 5월 16일 16시,월요일,충청남도 논산시 대교동,중상사고,0,1,0,0,차대차 - 측면충돌,교차로운행방법위반,건조,맑음,교차로 - 교차로안,이륜,남,73세,상해없음,승용,남,35세,상해없음
2016051600100463,2016년 5월 16일 17시,월요일,충청남도 천안시 서북구 쌍용동,경상사고,0,0,1,0,차대차 - 측면충돌,안전거리미확보,건조,맑음,기타 - 기타,화물,남,59세,기타불명,승용,남,51세,경상
2016051600100464,2016년 5월 16일 17시,월요일,충청남도 천안시 동남구 구성동,경상사고,0,0,1,0,차대차 - 정면충돌,중앙선침범,건조,맑음,단일로 - 기타,승용,여,58세,상해없음,승용,남,48세,경상
2016051600100525,2016년 5월 16일 18시,월요일,충청남도 천안시 서북구 두정동,경상사고,0,0,1,0,차대차 - 측면충돌,신호위반,건조,맑음,교차로 - 교차로안,승용,남,41세,상해없음,승용,남,43세,경상
2016051600100555,2016년 5월 16일 19시,월요일,충청남도 아산시 배방읍,경상사고,0,0,1,0,차대사람 - 횡단중,안전운전불이행,건조,맑음,단일로 - 기타,승용,여,60세,상해없음,보행자,남,5세,경상
2016051600100556,2016년 5월 16일 19시,월요일,충청남도 당진시 신평면,중상사고,0,1,0,0,차량단독 - 전도전복,기타,건조,맑음,단일로 - 기타,이륜,남,31세,중상,,,,
2016051600100557,2016년 5월 16일 19시,월요일,충청남도 금산군 금산읍,경상사고,0,0,1,0,차대차 - 측면충돌,교차로운행방법위반,건조,맑음,교차로 - 교차로안,자전거,여,28세,경상,화물,남,71세,상해없음
2016051600100592,2016년 5월 16일 20시,월요일,충청남도 천안시 서북구 두정동,경상사고,0,0,1,0,차대차 - 기타,안전운전불이행,건조,맑음,단일로 - 기타,이륜,남,54세,경상,승용,남,33세,상해없음
2016051600100593,2016년 5월 16일 20시,월요일,충청남도 공주시 신관동,중상사고,0,1,0,0,차대사람 - 횡단중,신호위반,건조,맑음,교차로 - 교차로부근,승용,남,53세,기타불명,보행자,남,55세,중상
2016051600100594,2016년 5월 16일 20시,월요일,충청남도 청양군 정산면,중상사고,0,2,0,0,차대차 - 정면충돌,중앙선침범,건조,맑음,단일로 - 기타,화물,남,61세,중상,승용,남,66세,중상
2016051600100636,2016년 5월 16일 21시,월요일,충청남도 공주시 신관동,부상신고사고,0,0,0,1,차대차 - 측면직각충돌,안전운전불이행,건조,맑음,교차로 - 교차로안,자전거,남,53세,부상신고,승용,남,27세,상해없음
2016051600100637,2016년 5월 16일 21시,월요일,충청남도 공주시 신관동,경상사고,0,0,1,1,차대사람 - 횡단중,안전운전불이행,건조,맑음,단일로 - 기타,이륜,남,17세,부상신고,보행자,여,24세,경상
2016051700100016,2016년 5월 17일 00시,화요일,충청남도 아산시 둔포면,중상사고,0,1,0,0,차대차 - 추돌,안전운전불이행,건조,맑음,단일로 - 기타,승용,남,34세,중상,승용,남,39세,기타불명
2016051700100017,2016년 5월 17일 00시,화요일,충청남도 당진시 채운동,경상사고,0,0,1,0,차대차 - 추돌,안전운전불이행,건조,맑음,단일로 - 기타,승용,여,34세,상해없음,승용,남,39세,기타불명
2016051700100041,2016년 5월 17일 02시,화요일,충청남도 당진시 정미면,경상사고,0,0,1,0,차량단독 - 전도전복,기타,건조,맑음,단일로 - 기타,승용,남,23세,경상,,,,
2016051700100050,2016년 5월 17일 04시,화요일,충청남도 아산시 온천동,경상사고,0,0,1,0,차대차 - 측면직각충돌,안전운전불이행,건조,맑음,교차로 - 교차로부근,승용,남,21세,상해없음,승용,남,64세,경상
2016051700100068,2016년 5월 17일 06시,화요일,충청남도 보령시 천북면,중상사고,0,1,1,0,차대차 - 측면직각충돌,안전운전불이행,건조,맑음,단일로 - 기타,농기계,남,81세,상해없음,원동기,남,77세,중상
2016051700100119,2016년 5월 17일 08시,화요일,충청남도 천안시 서북구 두정동,경상사고,0,0,1,0,차대차 - 기타,안전운전불이행,건조,맑음,단일로 - 기타,승용,여,46세,기타불명,승용,여,44세,경상
2016051700100120,2016년 5월 17일 08시,화요일,충청남도 논산시 내동,중상사고,0,1,0,0,차대사람 - 횡단중,안전운전불이행,건조,맑음,단일로 - 기타,승합,남,55세,상해없음,보행자,여,70세,중상
2016051700100121,2016년 5월 17일 08시,화요일,충청남도 보령시 동대동,경상사고,0,0,1,0,차대차 - 정면충돌,직진우회전진행방해,건조,맑음,교차로 - 교차로안,승용,남,37세,상해없음,승용,남,50세,경상
2016051700100122,2016년 5월 17일 08시,화요일,충청남도 예산군 광시면,경상사고,0,0,1,0,차대사람 - 횡단중,안전운전불이행,건조,맑음,단일로 - 기타,화물,남,42세,상해없음,보행자,남,9세,경상
2016051700100331,2016년 5월 17일 14시,화요일,충청남도 논산시 등화동,사망사고,1,0,0,0,차대차 - 측면직각충돌,안전거리미확보,건조,맑음,단일로 - 기타,승용,여,55세,상해없음,승용,여,43세,사망
2016051700100332,2016년 5월 17일 14시,화요일,충청남도 아산시 영인면,경상사고,0,0,2,0,차대차 - 측면충돌,안전운전불이행,건조,맑음,단일로 - 기타,건설기계,남,57세,상해없음,화물,남,38세,경상
2016051700100333,2016년 5월 17일 14시,화요일,충청남도 아산시 둔포면,중상사고,0,1,0,0,차대차 - 측면충돌,안전운전불이행,건조,맑음,단일로 - 기타,승용,남,27세,상해없음,건설기계,남,45세,중상
2016051700100334,2016년 5월 17일 14시,화요일,충청남도 천안시 동남구 안서동,경상사고,0,0,2,0,차대차 - 측면직각충돌,안전운전불이행,건조,맑음,단일로 - 기타,승용,여,58세,상해없음,승용,남,27세,경상
2016051700100507,2016년 5월 17일 18시,화요일,충청남도 논산시 상월면,경상사고,0,0,1,0,차대차 - 측면직각충돌,안전운전불이행,건조,맑음,교차로 - 교차로안,이륜,남,76세,경상,승용,여,23세,상해없음
2016051700100531,2016년 5월 17일 19시,화요일,충청남도 태안군 소원면,중상사고,0,1,0,0,차대차 - 정면충돌,안전운전불이행,건조,맑음,단일로 - 기타,화물,남,38세,상해없음,승용,남,77세,중상
2016051700100532,2016년 5월 17일 19시,화요일,충청남도 공주시 금흥동,중상사고,0,1,0,0,차대차 - 정면충돌,안전운전불이행,건조,맑음,교차로 - 교차로안,승용,여,40세,상해없음,자전거,남,17세,중상
2016051700100557,2016년 5월 17일 20시,화요일,충청남도 예산군 삽교읍,경상사고,0,0,1,0,차대차 - 기타,안전운전불이행,건조,맑음,단일로 - 기타,승용,여,28세,상해없음,자전거,남,63세,경상
2016051700100591,2016년 5월 17일 21시,화요일,충청남도 논산시 은진면,경상사고,0,0,2,0,차대차 - 측면직각충돌,중앙선침범,건조,맑음,교차로 - 교차로부근,승용,남,68세,경상,승용,남,41세,경상
2016051700100592,2016년 5월 17일 21시,화요일,충청남도 천안시 동남구 용곡동,경상사고,0,0,1,0,차대차 - 측면충돌,안전운전불이행,건조,맑음,교차로 - 교차로부근,승용,남,30세,상해없음,자전거,남,38세,경상
2016051700100626,2016년 5월 17일 22시,화요일,충청남도 천안시 서북구 성정동,경상사고,0,0,1,0,차대차 - 기타,안전운전불이행,건조,맑음,단일로 - 기타,원동기,남,29세,경상,승용,남,43세,상해없음
2016051800100052,2016년 5월 18일 04시,수요일,충청남도 홍성군 갈산면,부상신고사고,0,0,0,1,차대사람 - 차도통행중,안전운전불이행,건조,맑음,단일로 - 기타,기타불명,기타불명,기타불명,기타불명,보행자,남,28세,부상신고
2016051800100091,2016년 5월 18일 07시,수요일,충청남도 서산시 해미면,경상사고,0,0,3,0,차대차 - 정면충돌,안전운전불이행,건조,맑음,단일로 - 기타,승용,여,49세,상해없음,승용,여,55세,경상
2016051800100092,2016년 5월 18일 07시,수요일,충청남도 천안시 동남구 풍세면,경상사고,0,0,2,0,차대차 - 정면충돌,안전운전불이행,건조,맑음,교차로 - 교차로안,승용,남,36세,상해없음,승용,남,49세,경상
2016051800100132,2016년 5월 18일 08시,수요일,충청남도 천안시 서북구 쌍용동,경상사고,0,0,1,0,차대차 - 추돌,안전운전불이행,건조,맑음,단일로 - 기타,승용,여,43세,상해없음,승용,남,19세,경상
2016051800100133,2016년 5월 18일 08시,수요일,충청남도 아산시 영인면,경상사고,0,0,1,0,차대차 - 측면충돌,안전운전불이행,건조,맑음,단일로 - 기타,승용,여,26세,상해없음,승용,여,51세,경상
2016051800100222,2016년 5월 18일 10시,수요일,충청남도 논산시 은진면,중상사고,0,1,1,0,차대차 - 추돌,안전운전불이행,건조,맑음,교차로 - 교차로부근,화물,남,65세,경상,승용,남,60세,중상
2016051800100223,2016년 5월 18일 10시,수요일,충청남도 아산시 신창면,중상사고,0,1,0,0,차량단독 - 전도전복,안전운전불이행,건조,맑음,단일로 - 기타,기타불명,여,78세,중상,,,,
2016051800100250,2016년 5월 18일 11시,수요일,충청남도 태안군 태안읍,경상사고,0,0,1,0,차대차 - 측면직각충돌,안전운전불이행,건조,맑음,단일로 - 기타,승용,남,54세,상해없음,이륜,남,77세,경상
2016051800100251,2016년 5월 18일 11시,수요일,충청남도 천안시 서북구 쌍용동,중상사고,0,1,0,0,차대사람 - 기타,안전운전불이행,건조,맑음,단일로 - 기타,승합,남,39세,상해없음,보행자,여,79세,중상
2016051800100252,2016년 5월 18일 11시,수요일,충청남도 부여군 홍산면,경상사고,0,0,3,0,차대차 - 기타,안전운전불이행,건조,맑음,단일로 - 기타,승용,남,68세,상해없음,승용,여,40세,경상
2016051800100280,2016년 5월 18일 12시,수요일,충청남도 서천군 서천읍,중상사고,0,1,0,0,차대차 - 추돌,안전운전불이행,건조,맑음,단일로 - 기타,화물,남,57세,상해없음,자전거,남,84세,중상
2016051800100281,2016년 5월 18일 12시,수요일,충청남도 보령시 대천동,중상사고,0,1,0,0,차대차 - 측면직각충돌,직진우회전진행방해,건조,맑음,교차로 - 교차로안,승용,여,52세,상해없음,원동기,남,79세,중상
2016051800100309,2016년 5월 18일 13시,수요일,충청남도 홍성군 구항면,경상사고,0,0,1,0,차대차 - 측면충돌,안전운전불이행,건조,맑음,교차로 - 교차로안,승용,남,72세,상해없음,농기계,남,80세,경상
2016051800100310,2016년 5월 18일 13시,수요일,충청남도 아산시 용화동,중상사고,0,1,0,0,차대차 - 측면충돌,직진우회전진행방해,건조,맑음,교차로 - 교차로안,승합,남,25세,상해없음,원동기,남,45세,중상
2016051800100311,2016년 5월 18일 13시,수요일,충청남도 당진시 원당리,경상사고,0,0,1,0,차대차 - 추돌,교차로운행방법위반,건조,맑음,교차로 - 교차로부근,승합,남,61세,상해없음,승용,여,35세,경상
2016051800100312,2016년 5월 18일 13시,수요일,충청남도 청양군 화성면,경상사고,0,0,1,0,차대차 - 기타,기타,건조,맑음,교차로 - 교차로안,승용,여,29세,상해없음,이륜,남,75세,경상
2016051800100346,2016년 5월 18일 14시,수요일,충청남도 당진시 신평면,경상사고,0,0,1,0,차대차 - 측면충돌,안전운전불이행,건조,맑음,단일로 - 기타,승용,여,63세,상해없음,승용,남,27세,경상
2016051800100377,2016년 5월 18일 15시,수요일,충청남도 천안시 서북구 성성동,경상사고,0,0,1,0,차대차 - 추돌,안전거리미확보,건조,맑음,단일로 - 기타,승용,남,31세,상해없음,화물,남,36세,경상
2016051800100378,2016년 5월 18일 15시,수요일,충청남도 아산시 풍기동,경상사고,0,0,1,0,차대차 - 기타,안전운전불이행,건조,맑음,단일로 - 기타,승용,남,36세,상해없음,자전거,남,72세,경상
2016051800100379,2016년 5월 18일 15시,수요일,충청남도 천안시 동남구 신부동,경상사고,0,0,1,0,차대차 - 측면충돌,안전운전불이행,건조,맑음,교차로 - 교차로부근,이륜,남,38세,경상,승용,남,46세,상해없음
2016051800100418,2016년 5월 18일 16시,수요일,충청남도 당진시 읍내리,경상사고,0,0,1,0,차대차 - 측면충돌,안전운전불이행,건조,맑음,단일로 - 기타,승합,남,32세,경상,승용,남,45세,상해없음
2016051800100419,2016년 5월 18일 16시,수요일,충청남도 천안시 동남구 신부동,중상사고,0,1,0,0,차대사람 - 횡단중,보행자보호의무위반,건조,맑음,교차로 - 교차로부근,승용,남,52세,상해없음,보행자,여,30세,중상
2016051800100514,2016년 5월 18일 18시,수요일,충청남도 서산시 동문동,경상사고,0,0,2,0,차대차 - 추돌,안전운전불이행,건조,맑음,교차로 - 교차로부근,승용,남,25세,상해없음,승용,남,69세,경상
2016051800100515,2016년 5월 18일 18시,수요일,충청남도 서산시 해미면,경상사고,0,0,3,0,차대차 - 측면직각충돌,안전운전불이행,건조,맑음,교차로 - 교차로부근,화물,남,73세,상해없음,승용,남,31세,경상
2016051800100516,2016년 5월 18일 18시,수요일,충청남도 당진시 수청리,경상사고,0,0,1,0,차대차 - 측면충돌,교차로운행방법위반,건조,맑음,교차로 - 교차로안,이륜,남,81세,경상,승용,여,46세,상해없음
2016051800100570,2016년 5월 18일 19시,수요일,충청남도 아산시 방축동,중상사고,0,1,0,0,차대차 - 추돌,안전운전불이행,건조,맑음,단일로 - 기타,이륜,남,77세,중상,승용,여,34세,상해없음
2016051800100597,2016년 5월 18일 20시,수요일,충청남도 아산시 영인면,경상사고,0,0,1,0,차대차 - 기타,기타,건조,맑음,단일로 - 기타,승용,남,26세,상해없음,승용,여,37세,경상
2016051800100598,2016년 5월 18일 20시,수요일,충청남도 금산군 금산읍,중상사고,0,1,0,0,차대사람 - 횡단중,안전운전불이행,건조,맑음,교차로 - 교차로안,화물,남,49세,상해없음,보행자,여,42세,중상
2016051800100599,2016년 5월 18일 20시,수요일,충청남도 청양군 청양읍,경상사고,0,0,1,1,차대차 - 측면직각충돌,신호위반,건조,맑음,교차로 - 교차로안,승용,여,51세,경상,승용,남,59세,부상신고
2016051800100600,2016년 5월 18일 20시,수요일,충청남도 천안시 동남구 신부동,경상사고,0,0,1,0,차대사람 - 횡단중,안전운전불이행,건조,맑음,교차로 - 교차로안,승용,남,21세,상해없음,보행자,남,16세,경상
2016051800100601,2016년 5월 18일 20시,수요일,충청남도 천안시 동남구 원성동,경상사고,0,0,2,0,차대차 - 정면충돌,교차로운행방법위반,건조,맑음,교차로 - 교차로안,승용,남,54세,상해없음,승용,남,18세,경상
2016051800100634,2016년 5월 18일 21시,수요일,충청남도 서천군 장항읍,경상사고,0,0,1,0,차대사람 - 횡단중,안전운전불이행,건조,맑음,교차로 - 교차로부근,승용,남,32세,상해없음,보행자,남,54세,경상
2016051900100004,2016년 5월 19일 00시,목요일,충청남도 천안시 서북구 성성동,경상사고,0,0,1,0,차대차 - 추돌,안전운전불이행,건조,맑음,교차로 - 교차로부근,승용,남,30세,상해없음,승용,남,31세,경상
2016051900100005,2016년 5월 19일 00시,목요일,충청남도 천안시 서북구 쌍용동,경상사고,0,0,1,0,차대차 - 기타,중앙선침범,건조,맑음,단일로 - 기타,승용,남,63세,상해없음,원동기,남,34세,경상