사고번호,사고일시,요일,시군구,사고내용,사망자수,중상자수,경상자수,부상신고자수,사고유형,법규위반,노면상태,기상상태,도로형태,가해운전자 차종,가해운전자 성별,가해운전자 연령,가해운전자 상해정도,피해운전자 차종,피해운전자 성별,피해운전자 연령,피해운전자 상해정도
2016052300100086,2016년 5월 23일 07시,월요일,충청남도 예산군 삽교읍,중상사고,0,1,1,0,차대차 - 기타,불법유턴,건조,맑음,단일로 - 기타,특수,남,41세,상해없음,이륜,남,80세,중상
2016052300100124,2016년 5월 23일 08시,월요일,충청남도 천안시 서북구 성환읍,중상사고,0,1,0,0,차대차 - 측면충돌,중앙선침범,건조,맑음,단일로 - 기타,승용,여,34세,상해없음,승용,여,25세,중상
2016052300100125,2016년 5월 23일 08시,월요일,충청남도 보령시 대천동,중상사고,0,1,1,0,차대차 - 정면충돌,안전운전불이행,건조,맑음,교차로 - 교차로안,원동기,남,73세,중상,자전거,여,66세,경상
2016052300100126,2016년 5월 23일 08시,월요일,충청남도 천안시 동남구 신부동,중상사고,0,2,0,0,차대사람 - 보도통행중,신호위반,건조,맑음,교차로 - 교차로부근,승용,남,26세,상해없음,보행자,여,78세,중상
2016052300100169,2016년 5월 23일 09시,월요일,충청남도 공주시 신풍면,중상사고,0,1,0,0,차대차 - 추돌,안전거리미확보,건조,맑음,교차로 - 교차로안,승합,남,55세,상해없음,이륜,남,38세,중상
2016052300100195,2016년 5월 23일 10시,월요일,충청남도 부여군 규암면,중상사고,0,1,0,0,차대차 - 정면충돌,교차로운행방법위반,건조,맑음,교차로 - 교차로안,승용,여,56세,상해없음,이륜,남,72세,중상
2016052300100227,2016년 5월 23일 11시,월요일,충청남도 부여군 부여읍,경상사고,0,0,1,0,차대차 - 측면직각충돌,신호위반,건조,맑음,교차로 - 교차로안,승용,남,66세,기타불명,승용,여,37세,경상
2016052300100250,2016년 5월 23일 12시,월요일,충청남도 천안시 동남구 용곡동,중상사고,0,1,0,0,차대차 - 정면충돌,안전운전불이행,건조,맑음,단일로 - 기타,승용,여,51세,상해없음,승용,여,47세,중상
2016052300100325,2016년 5월 23일 14시,월요일,충청남도 천안시 서북구 성정동,경상사고,0,0,2,0,차대차 - 기타,안전운전불이행,건조,맑음,단일로 - 기타,승용,여,55세,경상,승용,남,35세,경상
2016052300100326,2016년 5월 23일 14시,월요일,충청남도 당진시 송악읍,중상사고,0,1,0,0,차대차 - 측면충돌,안전운전불이행,건조,맑음,단일로 - 기타,승용,남,55세,상해없음,승용,여,49세,중상
2016052300100360,2016년 5월 23일 15시,월요일,충청남도 아산시 온천동,경상사고,0,0,1,0,차대차 - 정면충돌,안전운전불이행,건조,맑음,단일로 - 기타,승용,여,74세,상해없음,승용,남,41세,상해없음
2016052300100441,2016년 5월 23일 17시,월요일,충청남도 서산시 성연면,중상사고,0,1,0,0,차대사람 - 횡단중,안전운전불이행,건조,맑음,교차로 - 교차로부근,승용,여,40세,상해없음,보행자,남,62세,중상
2016052300100478,2016년 5월 23일 18시,월요일,충청남도 태안군 태안읍,경상사고,0,0,1,0,차대사람 - 길가장자리구역통행중,안전운전불이행,건조,맑음,단일로 - 기타,원동기,남,27세,상해없음,보행자,여,28세,경상
2016052300100479,2016년 5월 23일 18시,월요일,충청남도 아산시 모종동,중상사고,0,1,0,0,차대차 - 측면충돌,안전운전불이행,건조,맑음,교차로 - 교차로안,이륜,남,18세,상해없음,승용,여,47세,중상
2016052300100606,2016년 5월 23일 22시,월요일,충청남도 서천군 장항읍,중상사고,0,2,1,0,차대사람 - 기타,안전운전불이행,건조,맑음,단일로 - 기타,이륜,남,44세,경상,보행자,여,80세,중상
2016052300100627,2016년 5월 23일 23시,월요일,충청남도 예산군 예산읍,사망사고,1,1,0,0,차대차 - 정면충돌,직진우회전진행방해,건조,맑음,교차로 - 교차로안,화물,남,68세,사망,승용,남,44세,중상
2016052400100029,2016년 5월 24일 01시,화요일,충청남도 아산시 배방읍,중상사고,0,1,1,0,차대차 - 기타,안전운전불이행,건조,맑음,교차로 - 교차로안,승용,남,24세,경상,승용,남,45세,중상
2016052400100030,2016년 5월 24일 01시,화요일,충청남도 예산군 삽교읍,중상사고,0,1,0,0,차량단독 - 공작물충돌,안전운전불이행,건조,맑음,교차로 - 교차로안,승용,남,40세,중상,,,,
2016052400100077,2016년 5월 24일 05시,화요일,충청남도 당진시 원당리,중상사고,0,1,0,0,차대사람 - 기타,기타,습기,비,교차로 - 교차로안,승용,남,20세,상해없음,보행자,여,56세,중상
2016052400100108,2016년 5월 24일 07시,화요일,충청남도 논산시 채운면,중상사고,0,1,0,0,차대사람 - 차도통행중,안전운전불이행,습기,비,단일로 - 기타,농기계,남,59세,상해없음,보행자,남,61세,중상
2016052400100137,2016년 5월 24일 08시,화요일,충청남도 아산시 온천동,중상사고,0,1,0,0,차대차 - 기타,안전운전불이행,건조,맑음,단일로 - 기타,승용,남,55세,상해없음,자전거,남,75세,중상
2016052400100138,2016년 5월 24일 08시,화요일,충청남도 아산시 배방읍,부상신고사고,0,0,0,1,차대사람 - 횡단중,안전운전불이행,건조,맑음,단일로 - 기타,기타불명,기타불명,기타불명,기타불명,보행자,여,16세,부상신고
2016052400100182,2016년 5월 24일 09시,화요일,충청남도 천안시 서북구 입장면,경상사고,0,0,1,0,차대차 - 기타,안전운전불이행,습기,비,단일로 - 기타,승용,남,31세,상해없음,승용,여,54세,경상
2016052400100183,2016년 5월 24일 09시,화요일,충청남도 금산군 복수면,중상사고,0,1,0,0,차대차 - 정면충돌,중앙선침범,습기,비,단일로 - 기타,화물,남,30세,상해없음,승용,남,44세,중상
2016052400100228,2016년 5월 24일 10시,화요일,충청남도 천안시 동남구 용곡동,중상사고,0,1,0,0,차대차 - 추돌,안전운전불이행,습기,비,교차로 - 교차로부근,승용,남,26세,상해없음,승용,여,38세,중상
2016052400100256,2016년 5월 24일 11시,화요일,충청남도 공주시 신관동,경상사고,0,0,1,0,차대차 - 측면직각충돌,신호위반,습기,비,교차로 - 교차로안,승용,남,47세,기타불명,화물,남,33세,경상
2016052400100288,2016년 5월 24일 12시,화요일,충청남도 천안시 서북구 직산읍,경상사고,0,0,2,0,차대차 - 추돌,안전운전불이행,습기,비,교차로 - 교차로부근,승용,남,75세,상해없음,승용,남,50세,경상
2016052400100289,2016년 5월 24일 12시,화요일,충청남도 아산시 배방읍,경상사고,0,0,1,0,차대차 - 측면충돌,안전거리미확보,습기,흐림,교차로 - 교차로부근,승용,남,53세,상해없음,승용,남,47세,경상
2016052400100290,2016년 5월 24일 12시,화요일,충청남도 금산군 금산읍,경상사고,0,0,1,0,차대차 - 측면충돌,신호위반,습기,비,교차로 - 교차로안,승용,여,45세,상해없음,승용,여,34세,경상
2016052400100349,2016년 5월 24일 14시,화요일,충청남도 논산시 내동,경상사고,0,0,1,0,차대차 - 측면직각충돌,안전운전불이행,건조,맑음,단일로 - 기타,승용,남,36세,상해없음,승용,남,35세,경상
2016052400100350,2016년 5월 24일 14시,화요일,충청남도 당진시 면천면,경상사고,0,0,1,0,차대차 - 측면직각충돌,교차로운행방법위반,건조,맑음,교차로 - 교차로부근,원동기,남,84세,경상,승용,남,81세,상해없음
2016052400100351,2016년 5월 24일 14시,화요일,충청남도 천안시 동남구 봉명동,중상사고,0,1,0,0,차대사람 - 횡단중,안전운전불이행,건조,맑음,단일로 - 기타,승용,남,31세,상해없음,보행자,여,64세,중상
2016052400100385,2016년 5월 24일 15시,화요일,충청남도 아산시 배방읍,중상사고,0,1,0,0,차대차 - 추돌,안전운전불이행,건조,맑음,교차로 - 교차로안,승용,남,41세,상해없음,원동기,남,65세,중상
2016052400100416,2016년 5월 24일 16시,화요일,충청남도 천안시 서북구 쌍용동,중상사고,0,1,0,0,차대차 - 기타,교차로운행방법위반,건조,맑음,교차로 - 교차로안,승용,남,66세,상해없음,승용,여,41세,중상
2016052400100448,2016년 5월 24일 17시,화요일,충청남도 서천군 한산면,부상신고사고,0,0,0,2,차대차 - 측면직각충돌,안전운전불이행,건조,맑음,단일로 - 기타,승용,여,31세,상해없음,농기계,남,59세,부상신고
2016052400100449,2016년 5월 24일 17시,화요일,충청남도 당진시 원당리,중상사고,0,1,1,0,차대차 - 추돌,안전운전불이행,건조,맑음,단일로 - 기타,승용,남,72세,중상,승용,남,51세,경상
2016052400100483,2016년 5월 24일 18시,화요일,충청남도 아산시 배방읍,중상사고,0,1,0,0,차대사람 - 횡단중,안전운전불이행,건조,맑음,단일로 - 기타,승용,남,35세,상해없음,보행자,남,7세,중상
2016052400100484,2016년 5월 24일 18시,화요일,충청남도 부여군 외산면,중상사고,0,1,0,0,차대차 - 정면충돌,안전운전불이행,건조,맑음,단일로 - 기타,화물,남,65세,상해없음,이륜,남,66세,중상
2016052400100553,2016년 5월 24일 20시,화요일,충청남도 천안시 서북구 성성동,사망사고,1,0,0,0,차대사람 - 횡단중,안전운전불이행,건조,맑음,단일로 - 횡단보도상,승용,남,55세,상해없음,보행자,남,22세,사망
2016052400100554,2016년 5월 24일 20시,화요일,충청남도 아산시 권곡동,경상사고,0,0,1,0,차대차 - 측면충돌,안전운전불이행,건조,맑음,기타 - 기타,승용,여,41세,상해없음,승용,여,44세,경상
2016052400100555,2016년 5월 24일 20시,화요일,충청남도 천안시 동남구 신부동,경상사고,0,0,1,0,차대차 - 정면충돌,안전운전불이행,건조,맑음,단일로 - 기타,승용,남,37세,상해없음,승용,남,24세,경상
2016052400100587,2016년 5월 24일 21시,화요일,충청남도 아산시 권곡동,중상사고,0,1,0,0,차대사람 - 횡단중,안전운전불이행,건조,맑음,단일로 - 기타,승용,남,22세,상해없음,보행자,남,17세,중상
2016052400100608,2016년 5월 24일 22시,화요일,충청남도 천안시 동남구 청수동,경상사고,0,0,1,0,차대사람 - 횡단중,안전운전불이행,건조,맑음,단일로 - 기타,승용,남,54세,상해없음,보행자,남,53세,경상
2016052500100059,2016년 5월 25일 06시,수요일,충청남도 부여군 부여읍,중상사고,0,1,0,0,차량단독 - 전도전복,안전운전불이행,건조,맑음,단일로 - 교량,이륜,남,64세,상해없음,,,,
2016052500100082,2016년 5월 25일 07시,수요일,충청남도 서산시 수석동,경상사고,0,0,1,0,차대차 - 측면충돌,안전운전불이행,건조,맑음,단일로 - 기타,자전거,남,27세,경상,승용,남,63세,상해없음
2016052500100107,2016년 5월 25일 08시,수요일,충청남도 아산시 도고면,중상사고,0,1,0,0,차대차 - 측면충돌,신호위반,건조,맑음,교차로 - 교차로안,승용,여,37세,상해없음,원동기,남,82세,중상
2016052500100108,2016년 5월 25일 08시,수요일,충청남도 보령시 남포면,중상사고,0,1,0,0,차량단독 - 전도전복,안전운전불이행,건조,맑음,단일로 - 기타,원동기,남,80세,중상,,,,
2016052500100110,2016년 5월 25일 08시,수요일,충청남도 예산군 신암면,중상사고,0,1,0,0,차대차 - 정면충돌,중앙선침범,건조,맑음,단일로 - 기타,이륜,남,78세,중상,승용,남,69세,상해없음
2016052500100111,2016년 5월 25일 08시,수요일,충청남도 당진시 채운동,경상사고,0,0,1,0,차대사람 - 기타,안전운전불이행,건조,맑음,단일로 - 기타,승용,여,55세,상해없음,보행자,남,55세,경상
2016052500100145,2016년 5월 25일 09시,수요일,충청남도 천안시 서북구 두정동,경상사고,0,0,3,0,차대차 - 추돌,안전운전불이행,건조,맑음,단일로 - 기타,화물,남,72세,상해없음,승용,여,35세,경상
2016052500100146,2016년 5월 25일 09시,수요일,충청남도 천안시 서북구 두정동,경상사고,0,0,1,0,차대차 - 정면충돌,안전운전불이행,건조,맑음,단일로 - 기타,승용,남,37세,상해없음,이륜,남,27세,경상
2016052500100183,2016년 5월 25일 10시,수요일,충청남도 논산시 강경읍,중상사고,0,1,0,0,차대사람 - 횡단중,보행자보호의무위반,건조,맑음,교차로 - 교차로부근,승용,남,43세,상해없음,보행자,여,69세,중상
2016052500100184,2016년 5월 25일 10시,수요일,충청남도 홍성군 광천읍,경상사고,0,0,1,0,차대차 - 측면충돌,안전운전불이행,건조,맑음,단일로 - 기타,승용,여,37세,상해없음,이륜,여,52세,경상
2016052500100185,2016년 5월 25일 10시,수요일,충청남도 예산군 삽교읍,중상사고,0,1,0,0,차대차 - 측면직각충돌,직진우회전진행방해,건조,맑음,교차로 - 교차로안,이륜,남,74세,중상,화물,남,51세,상해없음
2016052500100186,2016년 5월 25일 10시,수요일,충청남도 청양군 청남면,경상사고,0,0,2,0,차대차 - 측면직각충돌,직진우회전진행방해,건조,맑음,교차로 - 교차로안,화물,남,51세,경상,화물,남,62세,경상
2016052500100210,2016년 5월 25일 11시,수요일,충청남도 청양군 청양읍,중상사고,0,1,0,0,차대차 - 측면직각충돌,직진우회전진행방해,건조,맑음,교차로 - 교차로안,승용,남,23세,상해없음,자전거,여,75세,중상
2016052500100211,2016년 5월 25일 11시,수요일,충청남도 천안시 동남구 오룡동,중상사고,0,1,0,0,차대차 - 측면충돌,직진우회전진행방해,건조,맑음,교차로 - 교차로안,승용,여,53세,상해없음,승용,여,53세,중상
2016052500100276,2016년 5월 25일 13시,수요일,충청남도 서산시 부석면,경상사고,0,0,2,0,차대차 - 측면충돌,안전운전불이행,건조,맑음,단일로 - 기타,승용,남,56세,상해없음,이륜,남,80세,경상
2016052500100277,2016년 5월 25일 13시,수요일,충청남도 서천군 서천읍,경상사고,0,0,1,0,차대사람 - 횡단중,보행자보호의무위반,건조,맑음,단일로 - 기타,승용,남,51세,상해없음,보행자,남,14세,경상
2016052500100278,2016년 5월 25일 13시,수요일,충청남도 천안시 서북구 성거읍,중상사고,0,2,2,0,차대차 - 추돌,안전운전불이행,건조,맑음,단일로 - 기타,화물,남,65세,중상,화물,남,56세,중상
2016052500100314,2016년 5월 25일 14시,수요일,충청남도 천안시 동남구 신부동,중상사고,0,1,0,0,차량단독 - 전도전복,안전운전불이행,건조,맑음,단일로 - 기타,원동기,남,56세,중상,,,,
2016052500100344,2016년 5월 25일 15시,수요일,충청남도 논산시 양촌면,중상사고,0,1,0,0,차대사람 - 길가장자리구역통행중,안전운전불이행,건조,맑음,기타 - 기타,승용,여,64세,상해없음,보행자,여,46세,중상
2016052500100345,2016년 5월 25일 15시,수요일,충청남도 청양군 청양읍,중상사고,0,2,0,0,차대차 - 기타,안전운전불이행,건조,맑음,교차로 - 교차로안,승용,남,65세,상해없음,원동기,남,85세,중상
2016052500100385,2016년 5월 25일 16시,수요일,충청남도 아산시 모종동,중상사고,0,1,0,0,차대사람 - 횡단중,보행자보호의무위반,건조,맑음,교차로 - 교차로안,승용,여,43세,상해없음,보행자,여,31세,중상
2016052500100420,2016년 5월 25일 17시,수요일,충청남도 논산시 취암동,중상사고,0,1,0,0,차대차 - 측면충돌,신호위반,건조,맑음,교차로 - 교차로안,승용,남,54세,상해없음,이륜,남,69세,중상
2016052500100421,2016년 5월 25일 17시,수요일,충청남도 홍성군 광천읍,경상사고,0,0,2,0,차대차 - 측면충돌,교차로운행방법위반,건조,맑음,교차로 - 교차로안,승용,남,72세,상해없음,승합,여,58세,상해없음
2016052500100538,2016년 5월 25일 20시,수요일,충청남도 홍성군 홍성읍,경상사고,0,0,1,0,차대차 - 정면충돌,교차로운행방법위반,건조,맑음,교차로 - 교차로안,승용,남,53세,상해없음,이륜,남,18세,경상
2016052500100540,2016년 5월 25일 20시,수요일,충청남도 부여군 부여읍,경상사고,0,0,1,0,차대차 - 추돌,안전거리미확보,건조,맑음,단일로 - 기타,승용,남,33세,상해없음,화물,남,62세,경상
2016052600100013,2016년 5월 26일 00시,목요일,충청남도 아산시 권곡동,중상사고,0,1,0,0,차대사람 - 횡단중,안전운전불이행,건조,맑음,교차로 - 교차로안,승용,남,56세,상해없음,보행자,여,78세,중상
2016052600100066,2016년 5월 26일 06시,목요일,충청남도 홍성군 홍성읍,중상사고,0,1,0,0,차대차 - 측면충돌,안전운전불이행,건조,맑음,교차로 - 교차로부근,화물,남,49세,상해없음,이륜,남,80세,중상
2016052600100067,2016년 5월 26일 06시,목요일,충청남도 아산시 신창면,중상사고,0,2,1,0,차대차 - 추돌,안전운전불이행,건조,맑음,단일로 - 기타,승용,남,24세,상해없음,특수,남,38세,기타불명
2016052600100084,2016년 5월 26일 07시,목요일,충청남도 아산시 권곡동,중상사고,0,2,1,0,차대차 - 측면직각충돌,신호위반,건조,맑음,교차로 - 교차로안,승용,남,53세,상해없음,승용,남,65세,중상
2016052600100118,2016년 5월 26일 08시,목요일,충청남도 천안시 서북구 신당동,경상사고,0,0,2,0,차대차 - 측면직각충돌,신호위반,건조,맑음,교차로 - 교차로안,승용,여,41세,상해없음,승용,남,57세,경상
2016052600100119,2016년 5월 26일 08시,목요일,충청남도 논산시 연산면,중상사고,0,1,0,0,차대차 - 측면직각충돌,안전운전불이행,건조,맑음,교차로 - 교차로안,승용,여,40세,상해없음,이륜,남,76세,중상
2016052600100156,2016년 5월 26일 09시,목요일,충청남도 공주시 계룡면,경상사고,0,0,1,0,차대차 - 측면직각충돌,신호위반,건조,맑음,교차로 - 교차로안,승합,여,44세,상해없음,화물,남,58세,경상
2016052600100186,2016년 5월 26일 10시,목요일,충청남도 홍성군 홍북면,중상사고,0,1,0,0,차대차 - 측면충돌,안전운전불이행,건조,맑음,단일로 - 기타,승합,남,53세,상해없음,이륜,남,78세,중상
2016052600100187,2016년 5월 26일 10시,목요일,충청남도 아산시 배방읍,경상사고,0,0,2,0,차대차 - 기타,차로위반,건조,맑음,단일로 - 기타,화물,남,52세,상해없음,승용,여,46세,경상
2016052600100213,2016년 5월 26일 11시,목요일,충청남도 태안군 안면읍,중상사고,0,1,0,0,차대차 - 기타,기타,건조,맑음,단일로 - 기타,화물,남,59세,상해없음,이륜,남,88세,중상
2016052600100214,2016년 5월 26일 11시,목요일,충청남도 부여군 부여읍,경상사고,0,0,1,0,차대사람 - 횡단중,안전운전불이행,건조,맑음,단일로 - 기타,승용,남,73세,상해없음,보행자,여,52세,경상
2016052600100263,2016년 5월 26일 13시,목요일,충청남도 태안군 고남면,중상사고,0,1,0,0,차대차 - 정면충돌,안전운전불이행,건조,맑음,교차로 - 교차로부근,이륜,남,65세,중상,승용,여,52세,상해없음
2016052600100361,2016년 5월 26일 16시,목요일,충청남도 천안시 서북구 백석동,경상사고,0,0,1,0,차대차 - 추돌,안전운전불이행,건조,맑음,단일로 - 기타,승용,남,31세,상해없음,승용,남,32세,경상
2016052600100362,2016년 5월 26일 16시,목요일,충청남도 당진시 채운동,중상사고,0,1,0,0,차대차 - 측면충돌,안전운전불이행,건조,맑음,단일로 - 기타,승합,여,62세,상해없음,승용,여,42세,중상
2016052600100406,2016년 5월 26일 17시,목요일,충청남도 천안시 서북구 두정동,중상사고,0,1,0,0,차대사람 - 횡단중,보행자보호의무위반,건조,맑음,단일로 - 횡단보도상,승합,여,29세,상해없음,보행자,남,73세,중상
2016052600100408,2016년 5월 26일 17시,목요일,충청남도 천안시 동남구 성남면,중상사고,0,1,0,0,차대차 - 측면충돌,안전운전불이행,건조,맑음,교차로 - 교차로안,화물,남,57세,상해없음,승용,남,68세,중상
2016052600100513,2016년 5월 26일 20시,목요일,충청남도 논산시 취암동,중상사고,0,1,0,0,차대차 - 정면충돌,안전운전불이행,건조,맑음,단일로 - 기타,승용,남,28세,상해없음,승용,남,28세,기타불명
2016052600100544,2016년 5월 26일 21시,목요일,충청남도 서산시 동문동,중상사고,0,1,0,0,차대차 - 측면직각충돌,교차로운행방법위반,건조,맑음,교차로 - 교차로안,승용,남,67세,상해없음,이륜,남,18세,중상
2016052600100545,2016년 5월 26일 21시,목요일,충청남도 공주시 유구읍,중상사고,0,1,0,0,차대사람 - 기타,안전운전불이행,건조,맑음,단일로 - 기타,승용,여,39세,기타불명,보행자,여,57세,중상
2016052600100575,2016년 5월 26일 22시,목요일,충청남도 천안시 서북구 두정동,경상사고,0,0,1,0,차대차 - 추돌,안전거리미확보,건조,맑음,단일로 - 기타,승용,남,42세,상해없음,승용,남,21세,경상
2016052600100576,2016년 5월 26일 22시,목요일,충청남도 천안시 서북구 쌍용동,경상사고,0,0,2,0,차대차 - 추돌,중앙선침범,건조,맑음,단일로 - 기타,승합,남,30세,상해없음,승용,여,37세,경상
2016052600100577,2016년 5월 26일 22시,목요일,충청남도 당진시 석문면,중상사고,0,2,0,0,차대차 - 정면충돌,중앙선침범,건조,맑음,단일로 - 기타,승용,남,56세,중상,승용,여,55세,중상
2016052600100602,2016년 5월 26일 23시,목요일,충청남도 공주시 옥룡동,경상사고,0,0,1,0,차대차 - 기타,안전운전불이행,건조,맑음,교차로 - 교차로안,승용,남,49세,상해없음,이륜,남,18세,경상
2016052700100056,2016년 5월 27일 06시,금요일,충청남도 아산시 온천동,중상사고,0,1,0,0,차대차 - 측면충돌,안전운전불이행,건조,맑음,교차로 - 교차로안,이륜,남,18세,중상,승합,남,60세,상해없음
2016052700100073,2016년 5월 27일 07시,금요일,충청남도 아산시 둔포면,중상사고,0,1,0,0,차대차 - 측면충돌,교차로운행방법위반,건조,맑음,단일로 - 기타,승용,남,20세,상해없음,승용,남,44세,중상
2016052700100074,2016년 5월 27일 07시,금요일,충청남도 예산군 응봉면,중상사고,0,1,2,0,차대차 - 정면충돌,신호위반,건조,맑음,교차로 - 교차로안,승용,남,40세,경상,승용,여,51세,경상
2016052700100107,2016년 5월 27일 08시,금요일,충청남도 천안시 서북구 두정동,경상사고,0,0,1,0,차대사람 - 횡단중,안전운전불이행,건조,맑음,단일로 - 기타,승용,여,41세,상해없음,보행자,여,24세,경상
2016052700100108,2016년 5월 27일 08시,금요일,충청남도 천안시 서북구 백석동,중상사고,0,1,2,0,차대차 - 추돌,안전운전불이행,건조,맑음,교차로 - 교차로부근,승용,여,41세,상해없음,승용,남,44세,중상
2016052700100144,2016년 5월 27일 09시,금요일,충청남도 서산시 해미면,중상사고,0,1,0,0,차대차 - 측면직각충돌,안전운전불이행,건조,맑음,단일로 - 터널,화물,남,45세,상해없음,승용,여,61세,중상
2016052700100145,2016년 5월 27일 09시,금요일,충청남도 태안군 남면,경상사고,0,0,1,0,차대차 - 측면직각충돌,안전운전불이행,건조,맑음,교차로 - 교차로부근,승용,여,45세,상해없음,원동기,남,83세,경상
2016052700100176,2016년 5월 27일 10시,금요일,충청남도 보령시 웅천읍,경상사고,0,0,1,0,차대사람 - 횡단중,안전운전불이행,건조,맑음,단일로 - 기타,승용,남,34세,상해없음,보행자,남,47세,경상
2016052700100230,2016년 5월 27일 12시,금요일,충청남도 보령시 주교면,경상사고,0,0,3,0,차대차 - 추돌,안전운전불이행,건조,맑음,단일로 - 기타,화물,남,46세,상해없음,승용,남,29세,경상
2016052700100231,2016년 5월 27일 12시,금요일,충청남도 금산군 추부면,사망사고,1,1,1,0,차대사람 - 길가장자리구역통행중,중앙선침범,건조,맑음,단일로 - 기타,화물,남,55세,경상,보행자,남,51세,사망
2016052700100260,2016년 5월 27일 13시,금요일,충청남도 천안시 서북구 두정동,경상사고,0,0,1,0,차대차 - 기타,교차로운행방법위반,건조,맑음,교차로 - 교차로안,승용,남,57세,상해없음,화물,남,21세,경상
2016052700100261,2016년 5월 27일 13시,금요일,충청남도 서천군 서천읍,중상사고,0,1,0,0,차대차 - 기타,직진우회전진행방해,건조,맑음,교차로 - 교차로안,승용,남,69세,상해없음,원동기,남,81세,중상
2016052700100262,2016년 5월 27일 13시,금요일,충청남도 천안시 동남구 봉명동,경상사고,0,0,3,0,차대차 - 추돌,안전운전불이행,건조,맑음,교차로 - 교차로부근,승용,남,60세,기타불명,승용,남,35세,경상
2016052700100307,2016년 5월 27일 14시,금요일,충청남도 아산시 음봉면,경상사고,0,0,1,0,차대차 - 추돌,안전운전불이행,건조,맑음,기타 - 기타,승용,남,38세,상해없음,승용,남,33세,경상
2016052700100336,2016년 5월 27일 15시,금요일,충청남도 천안시 서북구 직산읍,중상사고,0,1,0,0,차대사람 - 횡단중,안전운전불이행,건조,맑음,단일로 - 기타,화물,남,31세,상해없음,보행자,남,12세,중상
2016052700100337,2016년 5월 27일 15시,금요일,충청남도 논산시 연무읍,중상사고,0,3,0,0,차량단독 - 전도전복,안전운전불이행,건조,맑음,단일로 - 기타,승용,남,72세,상해없음,,,,
2016052700100338,2016년 5월 27일 15시,금요일,충청남도 서천군 서천읍,중상사고,0,1,0,0,차대차 - 측면충돌,직진우회전진행방해,건조,맑음,교차로 - 교차로안,승용,남,55세,상해없음,원동기,남,80세,중상
2016052700100339,2016년 5월 27일 15시,금요일,충청남도 공주시 교동,경상사고,0,0,1,0,차대차 - 측면충돌,안전운전불이행,건조,맑음,단일로 - 기타,승용,남,46세,상해없음,이륜,남,38세,경상
2016052700100391,2016년 5월 27일 16시,금요일,충청남도 천안시 서북구 두정동,중상사고,0,1,0,0,차대사람 - 횡단중,안전운전불이행,건조,맑음,단일로 - 기타,승용,여,35세,상해없음,보행자,남,14세,중상
2016052700100392,2016년 5월 27일 16시,금요일,충청남도 당진시 채운동,경상사고,0,0,1,0,차대차 - 추돌,안전운전불이행,건조,맑음,단일로 - 기타,승용,남,51세,상해없음,승용,남,34세,기타불명
2016052700100474,2016년 5월 27일 18시,금요일,충청남도 서천군 기산면,경상사고,0,0,1,0,차대차 - 기타,안전운전불이행,건조,맑음,단일로 - 기타,화물,남,26세,상해없음,승용,남,49세,경상
2016052700100581,2016년 5월 27일 21시,금요일,충청남도 천안시 서북구 두정동,경상사고,0,0,1,0,차대사람 - 횡단중,신호위반,건조,맑음,단일로 - 횡단보도상,승용,여,26세,상해없음,보행자,남,24세,경상
2016052700100582,2016년 5월 27일 21시,금요일,충청남도 홍성군 홍북면,중상사고,0,3,2,0,차대차 - 측면충돌,신호위반,습기,맑음,교차로 - 교차로안,승합,남,25세,경상,승용,여,49세,중상
2016052800100022,2016년 5월 28일 00시,토요일,충청남도 아산시 방축동,중상사고,0,2,0,0,차대차 - 추돌,안전운전불이행,건조,맑음,교차로 - 교차로부근,승용,남,37세,상해없음,승용,남,60세,중상
2016052800100055,2016년 5월 28일 02시,토요일,충청남도 홍성군 은하면,중상사고,0,1,1,0,차량단독 - 전도전복,안전운전불이행,건조,맑음,단일로 - 기타,승용,남,44세,경상,,,,
2016052800100074,2016년 5월 28일 04시,토요일,충청남도 공주시 신관동,경상사고,0,0,1,0,차대사람 - 길가장자리구역통행중,안전운전불이행,건조,맑음,교차로 - 교차로안,승용,여,35세,상해없음,보행자,남,23세,경상
2016052800100085,2016년 5월 28일 05시,토요일,충청남도 아산시 음봉면,중상사고,0,1,1,0,차대차 - 정면충돌,중앙선침범,건조,맑음,기타 - 기타,화물,남,54세,상해없음,승용,남,51세,중상
2016052800100190,2016년 5월 28일 10시,토요일,충청남도 태안군 남면,경상사고,0,0,2,0,차대차 - 정면충돌,중앙선침범,건조,맑음,단일로 - 기타,승용,남,53세,상해없음,승용,남,74세,경상
2016052800100191,2016년 5월 28일 10시,토요일,충청남도 보령시 청라면,경상사고,0,0,1,0,차대차 - 정면충돌,안전운전불이행,건조,맑음,단일로 - 기타,승용,남,53세,경상,화물,남,68세,상해없음
2016052800100230,2016년 5월 28일 11시,토요일,충청남도 보령시 궁촌동,중상사고,0,1,0,0,차대사람 - 횡단중,안전운전불이행,건조,맑음,단일로 - 기타,승용,남,31세,상해없음,보행자,여,66세,중상
2016052800100264,2016년 5월 28일 12시,토요일,충청남도 계룡시 금암동,경상사고,0,0,1,0,차대사람 - 기타,안전운전불이행,건조,맑음,단일로 - 기타,승용,남,51세,기타불명,보행자,남,80세,경상
2016052800100301,2016년 5월 28일 13시,토요일,충청남도 논산시 취암동,경상사고,0,0,1,0,차대사람 - 횡단중,보행자보호의무위반,건조,맑음,교차로 - 교차로부근,승용,여,59세,상해없음,보행자,여,18세,경상