사고번호,사고일시,요일,시군구,사고내용,사망자수,중상자수,경상자수,부상신고자수,사고유형,법규위반,노면상태,기상상태,도로형태,가해운전자 차종,가해운전자 성별,가해운전자 연령,가해운전자 상해정도,피해운전자 차종,피해운전자 성별,피해운전자 연령,피해운전자 상해정도
2016052800100302,2016년 5월 28일 13시,토요일,충청남도 아산시 신창면,중상사고,0,1,0,0,차대사람 - 길가장자리구역통행중,안전운전불이행,건조,맑음,단일로 - 기타,승용,남,26세,상해없음,보행자,여,57세,중상
2016052800100303,2016년 5월 28일 13시,토요일,충청남도 서천군 시초면,중상사고,0,1,0,0,차량단독 - 전도전복,안전운전불이행,건조,맑음,단일로 - 기타,이륜,남,73세,중상,,,,
2016052800100304,2016년 5월 28일 13시,토요일,충청남도 공주시 의당면,경상사고,0,0,4,0,차대차 - 측면직각충돌,안전운전불이행,건조,맑음,교차로 - 교차로안,화물,남,49세,상해없음,승용,남,64세,경상
2016052800100305,2016년 5월 28일 13시,토요일,충청남도 당진시 채운동,중상사고,0,1,0,0,차대차 - 측면충돌,중앙선침범,건조,맑음,단일로 - 기타,승용,남,34세,상해없음,이륜,남,58세,중상
2016052800100345,2016년 5월 28일 14시,토요일,충청남도 서천군 종천면,경상사고,0,0,4,4,차대차 - 추돌,안전운전불이행,건조,맑음,단일로 - 기타,승합,남,48세,상해없음,승용,남,37세,경상
2016052800100346,2016년 5월 28일 14시,토요일,충청남도 보령시 신흑동,사망사고,1,0,0,0,차량단독 - 전도전복,안전운전불이행,건조,맑음,단일로 - 기타,이륜,남,64세,사망,,,,
2016052800100347,2016년 5월 28일 14시,토요일,충청남도 천안시 동남구 목천읍,경상사고,0,0,1,0,차대차 - 기타,안전운전불이행,건조,맑음,기타 - 기타,승용,남,55세,상해없음,승용,남,50세,경상
2016052800100390,2016년 5월 28일 15시,토요일,충청남도 보령시 대천동,중상사고,0,1,0,0,차대사람 - 기타,안전운전불이행,건조,맑음,기타 - 기타,화물,남,49세,상해없음,보행자,남,61세,중상
2016052800100391,2016년 5월 28일 15시,토요일,충청남도 청양군 정산면,경상사고,0,0,2,0,차대차 - 정면충돌,안전운전불이행,건조,맑음,단일로 - 기타,승용,여,46세,상해없음,승용,남,25세,경상
2016052800100392,2016년 5월 28일 15시,토요일,충청남도 천안시 동남구 다가동,중상사고,0,1,0,0,차대사람 - 횡단중,보행자보호의무위반,건조,맑음,단일로 - 기타,승용,남,20세,상해없음,보행자,여,74세,중상
2016052800100438,2016년 5월 28일 16시,토요일,충청남도 천안시 서북구 성환읍,경상사고,0,0,3,0,차대차 - 측면충돌,교차로운행방법위반,건조,맑음,교차로 - 교차로안,화물,남,46세,상해없음,승용,남,58세,경상
2016052800100439,2016년 5월 28일 16시,토요일,충청남도 천안시 동남구 목천읍,사망사고,1,1,0,0,차대차 - 측면충돌,안전운전불이행,건조,맑음,교차로 - 교차로안,승용,남,34세,상해없음,이륜,남,34세,사망
2016052800100483,2016년 5월 28일 17시,토요일,충청남도 당진시 읍내리,경상사고,0,0,1,0,차대차 - 측면충돌,신호위반,건조,맑음,교차로 - 교차로안,승용,남,65세,상해없음,승용,남,44세,경상
2016052800100484,2016년 5월 28일 17시,토요일,충청남도 천안시 동남구 성황동,경상사고,0,0,1,0,차대차 - 정면충돌,직진우회전진행방해,건조,맑음,교차로 - 교차로안,승용,남,56세,상해없음,승용,남,45세,상해없음
2016052800100519,2016년 5월 28일 18시,토요일,충청남도 서산시 수석동,중상사고,0,2,2,0,차대차 - 측면충돌,신호위반,건조,맑음,교차로 - 교차로안,화물,여,39세,상해없음,승용,여,51세,경상
2016052800100520,2016년 5월 28일 18시,토요일,충청남도 천안시 서북구 쌍용동,부상신고사고,0,0,0,1,차대차 - 측면충돌,교차로운행방법위반,건조,맑음,교차로 - 교차로안,승용,남,32세,상해없음,승용,남,68세,상해없음
2016052800100521,2016년 5월 28일 18시,토요일,충청남도 서천군 서천읍,중상사고,0,1,3,0,차대차 - 측면충돌,중앙선침범,건조,맑음,교차로 - 교차로부근,승용,여,51세,중상,승용,남,68세,경상
2016052800100522,2016년 5월 28일 18시,토요일,충청남도 천안시 서북구 성거읍,중상사고,0,2,2,0,차대차 - 기타,차로위반,건조,맑음,단일로 - 기타,승용,여,34세,중상,승용,남,58세,경상
2016052800100582,2016년 5월 28일 20시,토요일,충청남도 천안시 서북구 성환읍,경상사고,0,0,2,0,차대차 - 측면충돌,차로위반,건조,맑음,교차로 - 교차로안,승용,남,22세,상해없음,이륜,남,18세,경상
2016052800100583,2016년 5월 28일 20시,토요일,충청남도 청양군 정산면,경상사고,0,0,1,0,차대차 - 측면직각충돌,안전운전불이행,건조,맑음,교차로 - 교차로부근,농기계,남,80세,경상,화물,남,45세,상해없음
2016052800100584,2016년 5월 28일 20시,토요일,충청남도 청양군 운곡면,중상사고,0,1,0,0,차대사람 - 횡단중,안전운전불이행,건조,맑음,단일로 - 기타,승용,남,46세,상해없음,보행자,남,77세,중상
2016052800100657,2016년 5월 28일 22시,토요일,충청남도 서산시 수석동,경상사고,0,0,1,0,차대차 - 측면충돌,안전운전불이행,건조,맑음,단일로 - 기타,승용,남,74세,상해없음,화물,남,55세,경상
2016052800100680,2016년 5월 28일 23시,토요일,충청남도 천안시 서북구 두정동,중상사고,0,1,1,3,차대차 - 측면직각충돌,교차로운행방법위반,건조,맑음,교차로 - 교차로안,승용,남,18세,부상신고,승용,여,28세,중상
2016052800100681,2016년 5월 28일 23시,토요일,충청남도 천안시 서북구 쌍용동,경상사고,0,0,1,0,차대사람 - 기타,안전운전불이행,건조,맑음,기타 - 기타,승용,남,46세,상해없음,보행자,남,48세,경상
2016052800100682,2016년 5월 28일 23시,토요일,충청남도 보령시 주포면,경상사고,0,0,1,0,차량단독 - 전도전복,안전운전불이행,건조,맑음,단일로 - 기타,승용,남,33세,경상,,,,
2016052800100683,2016년 5월 28일 23시,토요일,충청남도 천안시 동남구 목천읍,경상사고,0,0,1,0,차대차 - 추돌,안전운전불이행,건조,맑음,단일로 - 기타,승용,여,62세,경상,승합,남,59세,기타불명
2016052900100014,2016년 5월 29일 00시,일요일,충청남도 천안시 서북구 성정동,경상사고,0,0,1,0,차대차 - 추돌,안전운전불이행,건조,맑음,기타 - 기타,승용,남,30세,상해없음,승용,여,44세,경상
2016052900100044,2016년 5월 29일 02시,일요일,충청남도 아산시 온천동,중상사고,0,1,0,0,차대차 - 측면직각충돌,안전운전불이행,건조,맑음,교차로 - 교차로안,승용,여,42세,상해없음,승용,남,53세,중상
2016052900100120,2016년 5월 29일 08시,일요일,충청남도 공주시 신풍면,중상사고,0,1,3,0,차대차 - 측면직각충돌,중앙선침범,건조,맑음,교차로 - 교차로부근,이륜,남,60세,중상,승용,남,44세,경상
2016052900100135,2016년 5월 29일 09시,일요일,충청남도 예산군 덕산면,경상사고,0,0,1,0,차대사람 - 기타,불법유턴,건조,맑음,기타 - 기타,승용,남,55세,상해없음,보행자,여,57세,경상
2016052900100149,2016년 5월 29일 10시,일요일,충청남도 천안시 서북구 성정동,중상사고,0,1,0,0,차대차 - 추돌,안전운전불이행,건조,맑음,단일로 - 기타,승용,남,47세,상해없음,원동기,남,32세,중상
2016052900100167,2016년 5월 29일 11시,일요일,충청남도 서산시 석림동,부상신고사고,0,0,0,1,차대차 - 정면충돌,교차로운행방법위반,건조,맑음,교차로 - 교차로안,화물,남,67세,상해없음,이륜,남,47세,부상신고
2016052900100188,2016년 5월 29일 12시,일요일,충청남도 서산시 동문동,부상신고사고,0,0,0,1,차대차 - 정면충돌,교차로운행방법위반,건조,맑음,교차로 - 교차로안,이륜,남,37세,부상신고,승용,남,34세,상해없음
2016052900100189,2016년 5월 29일 12시,일요일,충청남도 서천군 비인면,중상사고,0,1,1,0,차대차 - 측면충돌,직진우회전진행방해,건조,맑음,교차로 - 교차로안,건설기계,남,37세,경상,승용,남,50세,중상
2016052900100241,2016년 5월 29일 14시,일요일,충청남도 서산시 잠홍동,중상사고,0,1,0,0,차대차 - 정면충돌,안전운전불이행,건조,맑음,교차로 - 교차로안,승용,여,34세,기타불명,승용,남,57세,중상
2016052900100242,2016년 5월 29일 14시,일요일,충청남도 태안군 태안읍,경상사고,0,0,1,0,차대차 - 정면충돌,신호위반,건조,맑음,교차로 - 교차로안,승용,남,51세,상해없음,이륜,남,39세,경상
2016052900100243,2016년 5월 29일 14시,일요일,충청남도 서천군 서천읍,경상사고,0,0,2,0,차대사람 - 기타,안전운전불이행,건조,맑음,교차로 - 교차로부근,승용,남,66세,상해없음,보행자,남,29세,경상
2016052900100264,2016년 5월 29일 15시,일요일,충청남도 당진시 읍내리,경상사고,0,0,6,0,차대차 - 추돌,안전운전불이행,건조,맑음,단일로 - 기타,승용,남,61세,상해없음,승용,남,33세,경상
2016052900100296,2016년 5월 29일 16시,일요일,충청남도 태안군 태안읍,경상사고,0,0,1,0,차대사람 - 횡단중,보행자보호의무위반,건조,맑음,단일로 - 기타,화물,남,33세,상해없음,보행자,여,21세,경상
2016052900100297,2016년 5월 29일 16시,일요일,충청남도 아산시 방축동,경상사고,0,0,1,0,차대사람 - 기타,안전운전불이행,건조,맑음,기타 - 기타,승용,기타불명,기타불명,기타불명,보행자,남,36세,경상
2016052900100298,2016년 5월 29일 16시,일요일,충청남도 보령시 미산면,경상사고,0,0,2,0,차대차 - 측면직각충돌,직진우회전진행방해,건조,맑음,교차로 - 교차로안,승용,남,55세,경상,승용,남,44세,상해없음
2016052900100299,2016년 5월 29일 16시,일요일,충청남도 천안시 동남구 신부동,경상사고,0,0,1,0,차대사람 - 횡단중,안전운전불이행,건조,맑음,단일로 - 기타,승용,남,46세,상해없음,보행자,남,20세,경상
2016052900100334,2016년 5월 29일 17시,일요일,충청남도 논산시 연무읍,경상사고,0,0,4,0,차대차 - 정면충돌,교차로운행방법위반,건조,맑음,교차로 - 교차로안,화물,남,65세,상해없음,승용,남,29세,경상
2016052900100335,2016년 5월 29일 17시,일요일,충청남도 아산시 온천동,사망사고,1,0,0,0,차대차 - 추돌,중앙선침범,건조,맑음,단일로 - 기타,자전거,남,48세,사망,승용,남,40세,상해없음
2016052900100336,2016년 5월 29일 17시,일요일,충청남도 공주시 유구읍,경상사고,0,0,4,0,차대차 - 측면직각충돌,중앙선침범,건조,맑음,단일로 - 기타,승용,남,48세,기타불명,승용,남,39세,경상
2016052900100437,2016년 5월 29일 21시,일요일,충청남도 논산시 연산면,경상사고,0,0,2,0,차대차 - 기타,안전거리미확보,건조,맑음,교차로 - 교차로안,화물,여,49세,상해없음,승용,여,48세,경상
2016053000100035,2016년 5월 30일 03시,월요일,충청남도 천안시 서북구 백석동,경상사고,0,0,1,0,차대사람 - 횡단중,보행자보호의무위반,건조,맑음,단일로 - 기타,승용,남,35세,상해없음,보행자,남,26세,경상
2016053000100070,2016년 5월 30일 07시,월요일,충청남도 당진시 송산면,중상사고,0,1,0,0,차대사람 - 횡단중,보행자보호의무위반,건조,맑음,단일로 - 횡단보도상,승용,남,63세,상해없음,보행자,남,13세,중상
2016053000100111,2016년 5월 30일 08시,월요일,충청남도 당진시 채운동,경상사고,0,0,7,0,차대차 - 추돌,안전운전불이행,건조,맑음,단일로 - 기타,승합,남,48세,상해없음,승합,남,57세,경상
2016053000100162,2016년 5월 30일 09시,월요일,충청남도 논산시 은진면,중상사고,0,1,0,0,차대차 - 추돌,기타,건조,맑음,교차로 - 교차로안,승용,남,31세,상해없음,화물,남,38세,중상
2016053000100163,2016년 5월 30일 09시,월요일,충청남도 천안시 동남구 병천면,경상사고,0,0,3,0,차대차 - 추돌,안전거리미확보,건조,맑음,단일로 - 기타,승용,여,28세,경상,화물,남,50세,경상
2016053000100164,2016년 5월 30일 09시,월요일,충청남도 천안시 동남구 청당동,경상사고,0,0,1,0,차대차 - 측면직각충돌,직진우회전진행방해,건조,맑음,교차로 - 교차로안,승용,남,67세,상해없음,승용,여,35세,경상
2016053000100190,2016년 5월 30일 10시,월요일,충청남도 아산시 음봉면,경상사고,0,0,1,0,차대차 - 추돌,안전운전불이행,건조,맑음,교차로 - 교차로부근,승용,남,26세,상해없음,승용,남,65세,경상
2016053000100191,2016년 5월 30일 10시,월요일,충청남도 당진시 송악읍,경상사고,0,0,1,0,차량단독 - 전도전복,안전운전불이행,건조,맑음,단일로 - 기타,승용,남,52세,경상,,,,
2016053000100236,2016년 5월 30일 11시,월요일,충청남도 천안시 서북구 백석동,경상사고,0,0,3,0,차대차 - 정면충돌,신호위반,건조,맑음,교차로 - 교차로부근,승용,남,31세,상해없음,승용,여,45세,경상
2016053000100295,2016년 5월 30일 13시,월요일,충청남도 천안시 동남구 구성동,부상신고사고,0,0,0,1,차대사람 - 차도통행중,안전운전불이행,건조,맑음,교차로 - 교차로안,승용,여,52세,상해없음,보행자,여,75세,부상신고
2016053000100330,2016년 5월 30일 14시,월요일,충청남도 태안군 남면,중상사고,0,1,0,0,차대차 - 측면직각충돌,교차로운행방법위반,건조,맑음,교차로 - 교차로안,승용,남,26세,상해없음,승용,여,61세,중상
2016053000100332,2016년 5월 30일 14시,월요일,충청남도 서천군 서천읍,경상사고,0,0,1,0,차대차 - 측면직각충돌,안전운전불이행,건조,맑음,단일로 - 기타,농기계,남,51세,상해없음,이륜,남,75세,경상
2016053000100333,2016년 5월 30일 14시,월요일,충청남도 천안시 동남구 신부동,경상사고,0,0,1,0,차대차 - 측면직각충돌,안전운전불이행,건조,맑음,단일로 - 기타,승용,남,37세,상해없음,승용,남,55세,경상
2016053000100380,2016년 5월 30일 15시,월요일,충청남도 천안시 서북구 직산읍,부상신고사고,0,0,0,1,차대차 - 측면직각충돌,직진우회전진행방해,건조,맑음,교차로 - 교차로안,원동기,남,24세,상해없음,원동기,남,18세,부상신고
2016053000100381,2016년 5월 30일 15시,월요일,충청남도 당진시 송산면,경상사고,0,0,1,0,차대차 - 측면충돌,교차로운행방법위반,건조,맑음,교차로 - 교차로안,승용,여,68세,상해없음,승용,여,32세,경상
2016053000100382,2016년 5월 30일 15시,월요일,충청남도 논산시 양촌면,중상사고,0,4,6,0,차대차 - 기타,안전운전불이행,건조,맑음,단일로 - 기타,화물,남,56세,상해없음,승합,남,51세,경상
2016053000100423,2016년 5월 30일 16시,월요일,충청남도 당진시 석문면,중상사고,0,1,0,0,차대차 - 측면직각충돌,교차로운행방법위반,건조,맑음,교차로 - 교차로안,농기계,남,72세,중상,승용,여,61세,상해없음
2016053000100424,2016년 5월 30일 16시,월요일,충청남도 천안시 동남구 용곡동,경상사고,0,0,1,0,차대차 - 정면충돌,중앙선침범,건조,맑음,단일로 - 기타,자전거,남,14세,경상,승용,여,46세,상해없음
2016053000100425,2016년 5월 30일 16시,월요일,충청남도 논산시 연무읍,경상사고,0,0,1,0,차대차 - 측면직각충돌,안전운전불이행,건조,맑음,단일로 - 기타,특수,남,42세,상해없음,승용,남,42세,경상
2016053000100464,2016년 5월 30일 17시,월요일,충청남도 태안군 태안읍,경상사고,0,0,1,0,차대차 - 추돌,안전거리미확보,건조,맑음,단일로 - 기타,화물,남,33세,상해없음,승용,여,57세,경상
2016053000100465,2016년 5월 30일 17시,월요일,충청남도 공주시 우성면,경상사고,0,0,1,0,차대차 - 측면충돌,안전운전불이행,건조,맑음,단일로 - 기타,승용,남,66세,상해없음,승용,남,40세,경상
2016053000100516,2016년 5월 30일 18시,월요일,충청남도 태안군 태안읍,경상사고,0,0,1,0,차대차 - 측면충돌,중앙선침범,습기,맑음,교차로 - 교차로부근,승용,여,40세,상해없음,승용,여,44세,경상
2016053000100517,2016년 5월 30일 18시,월요일,충청남도 아산시 둔포면,경상사고,0,0,1,0,차대차 - 측면충돌,안전거리미확보,건조,맑음,단일로 - 기타,화물,남,35세,상해없음,승용,여,39세,경상
2016053100100009,2016년 5월 31일 00시,화요일,충청남도 서산시 석림동,중상사고,0,1,0,0,차대차 - 측면직각충돌,교차로운행방법위반,건조,맑음,교차로 - 교차로안,승용,남,32세,상해없음,승용,남,27세,상해없음
2016053100100028,2016년 5월 31일 02시,화요일,충청남도 천안시 서북구 성정동,경상사고,0,0,2,0,차대차 - 기타,직진우회전진행방해,건조,맑음,교차로 - 교차로부근,승용,남,23세,상해없음,승용,여,50세,경상
2016053100100029,2016년 5월 31일 02시,화요일,충청남도 공주시 사곡면,중상사고,0,1,0,0,차대차 - 추돌,안전운전불이행,건조,맑음,단일로 - 기타,승용,남,19세,상해없음,화물,남,40세,상해없음
2016053100100034,2016년 5월 31일 03시,화요일,충청남도 태안군 태안읍,중상사고,0,4,1,0,차대사람 - 기타,안전운전불이행,건조,맑음,단일로 - 기타,화물,남,54세,경상,보행자,남,26세,중상
2016053100100072,2016년 5월 31일 07시,화요일,충청남도 아산시 온천동,중상사고,0,2,0,0,차대차 - 측면충돌,직진우회전진행방해,건조,맑음,교차로 - 교차로안,승용,남,61세,상해없음,원동기,남,79세,중상
2016053100100073,2016년 5월 31일 07시,화요일,충청남도 금산군 금산읍,중상사고,0,1,1,0,차대차 - 정면충돌,신호위반,건조,맑음,교차로 - 교차로안,건설기계,남,39세,상해없음,승용,남,62세,중상
2016053100100074,2016년 5월 31일 07시,화요일,충청남도 청양군 청양읍,중상사고,0,1,0,0,차대사람 - 기타,안전운전불이행,습기,안개,단일로 - 기타,화물,남,54세,상해없음,보행자,남,79세,중상
2016053100100109,2016년 5월 31일 08시,화요일,충청남도 홍성군 홍성읍,경상사고,0,0,1,0,차대사람 - 횡단중,안전운전불이행,건조,맑음,단일로 - 기타,화물,남,76세,상해없음,보행자,남,43세,경상
2016053100100110,2016년 5월 31일 08시,화요일,충청남도 예산군 덕산면,경상사고,0,0,1,0,차대사람 - 기타,안전운전불이행,건조,맑음,단일로 - 기타,승합,여,54세,상해없음,보행자,여,17세,경상
2016053100100143,2016년 5월 31일 09시,화요일,충청남도 태안군 소원면,경상사고,0,0,1,0,차대차 - 정면충돌,교차로운행방법위반,건조,맑음,교차로 - 교차로안,승합,남,73세,상해없음,이륜,남,77세,경상
2016053100100180,2016년 5월 31일 10시,화요일,충청남도 서산시 대산읍,중상사고,0,1,0,0,차대차 - 정면충돌,교차로운행방법위반,건조,맑음,교차로 - 교차로안,승용,남,50세,상해없음,이륜,남,63세,중상
2016053100100181,2016년 5월 31일 10시,화요일,충청남도 금산군 금산읍,경상사고,0,0,1,0,차대차 - 측면직각충돌,신호위반,건조,맑음,교차로 - 교차로안,화물,남,61세,상해없음,화물,남,66세,경상
2016053100100246,2016년 5월 31일 12시,화요일,충청남도 태안군 태안읍,경상사고,0,0,1,0,차대차 - 정면충돌,안전운전불이행,건조,맑음,교차로 - 교차로안,이륜,남,79세,경상,승용,여,54세,상해없음
2016053100100247,2016년 5월 31일 12시,화요일,충청남도 천안시 서북구 두정동,경상사고,0,0,1,0,차대차 - 측면충돌,안전거리미확보,건조,맑음,단일로 - 기타,승용,여,62세,상해없음,건설기계,남,47세,경상
2016053100100270,2016년 5월 31일 13시,화요일,충청남도 홍성군 홍성읍,경상사고,0,0,1,0,차대사람 - 횡단중,보행자보호의무위반,건조,맑음,교차로 - 교차로부근,화물,남,47세,상해없음,보행자,여,77세,경상
2016053100100271,2016년 5월 31일 13시,화요일,충청남도 아산시 풍기동,경상사고,0,0,1,0,차대차 - 측면충돌,신호위반,건조,맑음,교차로 - 교차로안,화물,남,55세,상해없음,승용,남,46세,경상
2016053100100300,2016년 5월 31일 14시,화요일,충청남도 서천군 장항읍,중상사고,0,1,0,0,차대차 - 측면직각충돌,직진우회전진행방해,건조,맑음,교차로 - 교차로안,승용,남,59세,상해없음,자전거,남,66세,중상
2016053100100376,2016년 5월 31일 16시,화요일,충청남도 아산시 인주면,경상사고,0,0,1,0,차대차 - 추돌,안전운전불이행,건조,맑음,단일로 - 기타,승용,남,49세,상해없음,화물,남,57세,경상
2016053100100377,2016년 5월 31일 16시,화요일,충청남도 보령시 동대동,중상사고,0,1,0,0,차대사람 - 횡단중,기타,건조,맑음,단일로 - 횡단보도부근,승합,여,45세,상해없음,보행자,남,6세,중상
2016053100100464,2016년 5월 31일 18시,화요일,충청남도 공주시 탄천면,중상사고,0,1,0,0,차대사람 - 길가장자리구역통행중,안전운전불이행,건조,맑음,단일로 - 기타,기타불명,기타불명,기타불명,기타불명,보행자,여,73세,중상
2016053100100521,2016년 5월 31일 20시,화요일,충청남도 태안군 태안읍,중상사고,0,1,0,0,차대사람 - 횡단중,안전운전불이행,건조,맑음,교차로 - 교차로안,승합,남,63세,상해없음,보행자,여,44세,중상
2016053100100522,2016년 5월 31일 20시,화요일,충청남도 계룡시 엄사면,경상사고,0,0,2,0,차대차 - 추돌,안전운전불이행,건조,맑음,교차로 - 교차로부근,승용,여,42세,기타불명,승용,여,42세,경상
2016053100100553,2016년 5월 31일 21시,화요일,충청남도 서산시 대산읍,경상사고,0,0,1,0,차대차 - 정면충돌,안전운전불이행,건조,맑음,단일로 - 기타,승용,여,53세,상해없음,승용,남,46세,경상
2016053100100554,2016년 5월 31일 21시,화요일,충청남도 논산시 가야곡면,중상사고,0,1,0,0,차대차 - 측면충돌,직진우회전진행방해,건조,맑음,교차로 - 교차로안,승용,남,50세,상해없음,원동기,남,52세,중상
2016053100100555,2016년 5월 31일 21시,화요일,충청남도 아산시 음봉면,경상사고,0,0,1,0,차대사람 - 횡단중,안전운전불이행,건조,맑음,교차로 - 교차로부근,승용,남,43세,상해없음,보행자,남,61세,경상
2016053100100584,2016년 5월 31일 22시,화요일,충청남도 아산시 탕정면,경상사고,0,0,1,0,차대사람 - 길가장자리구역통행중,안전운전불이행,건조,맑음,단일로 - 기타,승용,남,35세,상해없음,보행자,남,34세,경상
2016053100100598,2016년 5월 31일 23시,화요일,충청남도 태안군 태안읍,중상사고,0,1,0,0,차대사람 - 횡단중,안전운전불이행,건조,맑음,교차로 - 교차로안,승용,여,48세,상해없음,보행자,남,56세,중상
2016053100100599,2016년 5월 31일 23시,화요일,충청남도 청양군 운곡면,중상사고,0,1,0,0,차량단독 - 전도전복,안전운전불이행,건조,맑음,교차로 - 교차로부근,농기계,남,48세,중상,,,,
2016060100100011,2016년 6월 1일 00시,수요일,충청남도 천안시 동남구 신부동,중상사고,0,1,0,0,차대차 - 정면충돌,안전운전불이행,건조,맑음,교차로 - 교차로부근,승용,남,27세,상해없음,승용,남,30세,중상
2016060100100126,2016년 6월 1일 08시,수요일,충청남도 계룡시 두마면,경상사고,0,0,1,0,차대사람 - 차도통행중,안전운전불이행,건조,맑음,단일로 - 기타,기타불명,기타불명,50세,기타불명,보행자,여,16세,경상
2016060100100127,2016년 6월 1일 08시,수요일,충청남도 금산군 추부면,중상사고,0,1,0,0,차대사람 - 횡단중,보행자보호의무위반,건조,맑음,교차로 - 교차로부근,승용,남,50세,상해없음,보행자,남,58세,중상
2016060100100197,2016년 6월 1일 10시,수요일,충청남도 서산시 동문동,경상사고,0,0,1,0,차대차 - 측면직각충돌,교차로운행방법위반,건조,맑음,교차로 - 교차로안,승용,남,46세,상해없음,승용,여,42세,경상
2016060100100198,2016년 6월 1일 10시,수요일,충청남도 공주시 사곡면,부상신고사고,0,0,0,1,차대차 - 측면직각충돌,안전운전불이행,건조,맑음,교차로 - 교차로안,이륜,남,81세,부상신고,승용,남,33세,상해없음
2016060100100199,2016년 6월 1일 10시,수요일,충청남도 당진시 합덕읍,사망사고,1,0,0,0,차량단독 - 전도전복,안전운전불이행,건조,맑음,단일로 - 기타,이륜,남,78세,사망,,,,
2016060100100221,2016년 6월 1일 11시,수요일,충청남도 공주시 금흥동,중상사고,0,1,0,0,차대차 - 추돌,안전운전불이행,건조,맑음,교차로 - 교차로부근,승용,남,49세,상해없음,승용,남,68세,중상
2016060100100285,2016년 6월 1일 13시,수요일,충청남도 보령시 청라면,사망사고,1,0,0,0,차량단독 - 전도전복,안전운전불이행,건조,맑음,단일로 - 기타,농기계,남,79세,사망,,,,
2016060100100320,2016년 6월 1일 14시,수요일,충청남도 천안시 서북구 쌍용동,경상사고,0,0,1,0,차대차 - 추돌,안전거리미확보,건조,맑음,단일로 - 기타,승용,여,23세,기타불명,승용,남,25세,상해없음
2016060100100321,2016년 6월 1일 14시,수요일,충청남도 계룡시 엄사면,중상사고,0,1,0,0,차대차 - 기타,차로위반,건조,맑음,단일로 - 기타,승합,남,45세,상해없음,이륜,남,71세,중상
2016060100100322,2016년 6월 1일 14시,수요일,충청남도 예산군 봉산면,경상사고,0,0,2,0,차대차 - 측면직각충돌,안전운전불이행,건조,맑음,단일로 - 기타,이륜,남,74세,경상,승용,여,30세,경상
2016060100100366,2016년 6월 1일 15시,수요일,충청남도 천안시 동남구 신부동,경상사고,0,0,1,0,차대차 - 측면직각충돌,안전운전불이행,건조,맑음,단일로 - 교량,건설기계,남,50세,상해없음,승용,여,33세,경상
2016060100100397,2016년 6월 1일 16시,수요일,충청남도 아산시 방축동,경상사고,0,0,1,0,차대차 - 측면직각충돌,중앙선침범,건조,맑음,단일로 - 기타,원동기,남,72세,경상,이륜,남,48세,상해없음
2016060100100398,2016년 6월 1일 16시,수요일,충청남도 당진시 수청리,경상사고,0,0,1,0,차대차 - 기타,안전운전불이행,건조,맑음,단일로 - 기타,건설기계,남,49세,상해없음,건설기계,남,45세,경상
2016060100100447,2016년 6월 1일 17시,수요일,충청남도 아산시 방축동,중상사고,0,1,0,0,차대차 - 기타,안전운전불이행,건조,맑음,단일로 - 기타,승용,남,55세,상해없음,자전거,남,22세,중상
2016060100100448,2016년 6월 1일 17시,수요일,충청남도 보령시 남곡동,중상사고,0,2,4,0,차대차 - 추돌,안전운전불이행,건조,맑음,단일로 - 기타,화물,남,66세,상해없음,승용,여,43세,중상
2016060100100494,2016년 6월 1일 18시,수요일,충청남도 태안군 남면,경상사고,0,0,1,0,차대차 - 정면충돌,안전운전불이행,건조,맑음,교차로 - 교차로안,이륜,남,64세,경상,승용,여,40세,상해없음
2016060100100495,2016년 6월 1일 18시,수요일,충청남도 당진시 순성면,경상사고,0,0,1,0,차대차 - 측면충돌,안전운전불이행,건조,맑음,단일로 - 기타,이륜,남,72세,경상,승용,여,57세,상해없음
2016060100100524,2016년 6월 1일 19시,수요일,충청남도 논산시 관촉동,중상사고,0,1,0,0,차대사람 - 횡단중,안전운전불이행,건조,맑음,단일로 - 기타,승용,남,45세,상해없음,보행자,여,81세,중상
2016060100100553,2016년 6월 1일 20시,수요일,충청남도 예산군 광시면,경상사고,0,0,2,0,차대차 - 측면직각충돌,안전거리미확보,건조,맑음,교차로 - 교차로안,승용,남,80세,상해없음,승용,여,49세,경상
2016060100100586,2016년 6월 1일 21시,수요일,충청남도 천안시 서북구 백석동,중상사고,0,1,0,0,차대사람 - 횡단중,신호위반,건조,맑음,단일로 - 횡단보도상,승용,남,47세,상해없음,보행자,남,20세,중상
2016060100100587,2016년 6월 1일 21시,수요일,충청남도 천안시 동남구 신방동,중상사고,0,3,5,0,차대차 - 정면충돌,신호위반,건조,맑음,교차로 - 교차로부근,승용,남,56세,상해없음,승용,남,59세,중상
2016060100100620,2016년 6월 1일 22시,수요일,충청남도 천안시 동남구 신방동,경상사고,0,0,1,0,차대차 - 추돌,안전운전불이행,건조,맑음,교차로 - 교차로부근,승용,남,44세,상해없음,승용,남,23세,경상
2016060100100646,2016년 6월 1일 23시,수요일,충청남도 서산시 읍내동,사망사고,1,0,0,0,차대사람 - 횡단중,과속,건조,맑음,교차로 - 교차로안,승용,남,19세,상해없음,보행자,남,46세,사망
2016060100100647,2016년 6월 1일 23시,수요일,충청남도 서산시 읍내동,중상사고,0,1,1,0,차대차 - 측면충돌,신호위반,건조,맑음,교차로 - 교차로안,승용,남,35세,상해없음,승용,남,44세,경상