사고번호,사고일시,요일,시군구,사고내용,사망자수,중상자수,경상자수,부상신고자수,사고유형,법규위반,노면상태,기상상태,도로형태,가해운전자 차종,가해운전자 성별,가해운전자 연령,가해운전자 상해정도,피해운전자 차종,피해운전자 성별,피해운전자 연령,피해운전자 상해정도
2016060600100313,2016년 6월 6일 16시,월요일,충청남도 서산시 해미면,부상신고사고,0,0,0,1,차대차 - 정면충돌,안전거리미확보,건조,맑음,단일로 - 기타,자전거,남,73세,부상신고,화물,남,47세,상해없음
2016060600100413,2016년 6월 6일 20시,월요일,충청남도 당진시 채운동,경상사고,0,0,2,0,차대차 - 측면충돌,교차로운행방법위반,건조,맑음,교차로 - 교차로안,승용,남,40세,상해없음,승용,남,18세,경상
2016060600100432,2016년 6월 6일 21시,월요일,충청남도 논산시 취암동,중상사고,0,1,0,0,차대사람 - 횡단중,안전운전불이행,건조,맑음,단일로 - 기타,승용,남,49세,상해없음,보행자,남,8세,중상
2016060600100468,2016년 6월 6일 23시,월요일,충청남도 당진시 수청리,경상사고,0,0,1,0,차대차 - 측면직각충돌,신호위반,건조,맑음,교차로 - 교차로안,승용,남,25세,기타불명,승용,남,26세,경상
2016060700100026,2016년 6월 7일 03시,화요일,충청남도 서천군 비인면,사망사고,1,0,1,0,차대차 - 추돌,안전운전불이행,건조,흐림,단일로 - 기타,화물,남,50세,사망,화물,남,46세,경상
2016060700100078,2016년 6월 7일 07시,화요일,충청남도 태안군 안면읍,중상사고,0,1,0,0,차량단독 - 전도전복,안전거리미확보,건조,맑음,단일로 - 기타,화물,남,28세,중상,,,,
2016060700100079,2016년 6월 7일 07시,화요일,충청남도 아산시 염치읍,중상사고,0,1,2,0,차대차 - 추돌,안전운전불이행,건조,맑음,단일로 - 기타,승용,남,33세,경상,승용,남,37세,경상
2016060700100122,2016년 6월 7일 08시,화요일,충청남도 당진시 합덕읍,중상사고,0,1,1,0,차대차 - 측면충돌,교차로운행방법위반,건조,맑음,교차로 - 교차로안,화물,남,33세,상해없음,승용,남,73세,중상
2016060700100123,2016년 6월 7일 08시,화요일,충청남도 천안시 동남구 신방동,중상사고,0,1,1,0,차대차 - 추돌,안전운전불이행,건조,맑음,교차로 - 교차로부근,승용,남,73세,상해없음,승용,여,41세,중상
2016060700100204,2016년 6월 7일 11시,화요일,충청남도 아산시 영인면,중상사고,0,1,0,0,차대차 - 측면충돌,안전운전불이행,건조,맑음,단일로 - 기타,승용,여,84세,상해없음,이륜,남,70세,중상
2016060700100205,2016년 6월 7일 11시,화요일,충청남도 천안시 동남구 목천읍,경상사고,0,0,1,0,차대사람 - 기타,안전운전불이행,건조,맑음,단일로 - 기타,화물,남,50세,상해없음,보행자,여,68세,경상
2016060700100238,2016년 6월 7일 12시,화요일,충청남도 논산시 지산동,중상사고,0,1,0,0,차대차 - 정면충돌,교차로운행방법위반,건조,맑음,교차로 - 교차로안,자전거,남,90세 이상,상해없음,원동기,남,61세,중상
2016060700100239,2016년 6월 7일 12시,화요일,충청남도 당진시 합덕읍,중상사고,0,1,0,0,차대차 - 측면충돌,교차로운행방법위반,건조,맑음,교차로 - 교차로안,승용,남,36세,상해없음,자전거,남,84세,중상
2016060700100240,2016년 6월 7일 12시,화요일,충청남도 청양군 청남면,중상사고,0,1,0,0,차대차 - 추돌,안전거리미확보,건조,맑음,교차로 - 교차로부근,승합,여,33세,상해없음,이륜,여,60세,중상
2016060700100241,2016년 6월 7일 12시,화요일,충청남도 금산군 군북면,경상사고,0,0,2,0,차대차 - 기타,중앙선침범,건조,맑음,단일로 - 기타,승합,남,62세,상해없음,승용,여,56세,기타불명
2016060700100275,2016년 6월 7일 13시,화요일,충청남도 아산시 읍내동,경상사고,0,0,1,0,차대차 - 측면충돌,안전운전불이행,건조,맑음,교차로 - 교차로안,승용,남,73세,상해없음,승용,여,54세,경상
2016060700100300,2016년 6월 7일 14시,화요일,충청남도 서산시 수석동,중상사고,0,5,4,0,차대차 - 측면충돌,신호위반,건조,맑음,교차로 - 교차로안,승용,남,63세,상해없음,승합,남,38세,경상
2016060700100301,2016년 6월 7일 14시,화요일,충청남도 서산시 해미면,경상사고,0,0,1,2,차대차 - 추돌,안전운전불이행,건조,맑음,단일로 - 기타,승용,남,46세,상해없음,승용,여,28세,부상신고
2016060700100302,2016년 6월 7일 14시,화요일,충청남도 아산시 방축동,경상사고,0,0,1,0,차대사람 - 횡단중,신호위반,건조,맑음,단일로 - 횡단보도상,화물,남,44세,상해없음,보행자,남,41세,경상
2016060700100304,2016년 6월 7일 14시,화요일,충청남도 당진시 송악읍,중상사고,0,1,0,0,차대차 - 측면충돌,교차로운행방법위반,건조,맑음,교차로 - 교차로부근,화물,남,30세,상해없음,화물,남,23세,중상
2016060700100305,2016년 6월 7일 14시,화요일,충청남도 금산군 추부면,경상사고,0,0,2,0,차대차 - 측면직각충돌,안전운전불이행,건조,흐림,교차로 - 교차로안,화물,여,52세,경상,승용,남,55세,경상
2016060700100370,2016년 6월 7일 16시,화요일,충청남도 공주시 정안면,사망사고,1,0,0,0,차량단독 - 도로외이탈 - 기타,안전운전불이행,건조,맑음,단일로 - 기타,화물,남,78세,사망,,,,
2016060700100371,2016년 6월 7일 16시,화요일,충청남도 예산군 신양면,중상사고,0,1,0,0,차대차 - 기타,차로위반,건조,맑음,단일로 - 기타,특수,남,47세,기타불명,승용,여,35세,중상
2016060700100414,2016년 6월 7일 17시,화요일,충청남도 홍성군 은하면,경상사고,0,0,1,0,차량단독 - 전도전복,안전운전불이행,습기,맑음,단일로 - 기타,이륜,남,77세,경상,,,,
2016060700100415,2016년 6월 7일 17시,화요일,충청남도 아산시 인주면,경상사고,0,0,2,0,차대차 - 추돌,안전운전불이행,건조,맑음,단일로 - 기타,기타불명,기타불명,기타불명,기타불명,승용,남,53세,경상
2016060700100417,2016년 6월 7일 17시,화요일,충청남도 천안시 동남구 신방동,부상신고사고,0,0,0,1,차대차 - 측면직각충돌,직진우회전진행방해,건조,맑음,교차로 - 교차로안,원동기,남,53세,부상신고,승용,여,43세,상해없음
2016060700100456,2016년 6월 7일 18시,화요일,충청남도 태안군 원북면,경상사고,0,0,2,0,차대차 - 측면충돌,안전운전불이행,건조,맑음,교차로 - 교차로안,화물,남,54세,상해없음,승용,남,60세,경상
2016060700100457,2016년 6월 7일 18시,화요일,충청남도 공주시 웅진동,중상사고,0,1,0,0,차대차 - 측면충돌,안전운전불이행,건조,맑음,교차로 - 교차로안,승용,남,32세,상해없음,이륜,남,74세,중상
2016060700100527,2016년 6월 7일 20시,화요일,충청남도 계룡시 엄사면,경상사고,0,0,2,0,차대차 - 측면충돌,안전운전불이행,건조,맑음,단일로 - 기타,승용,남,41세,상해없음,승용,여,51세,경상
2016060700100555,2016년 6월 7일 21시,화요일,충청남도 태안군 태안읍,경상사고,0,0,1,0,차대차 - 측면충돌,안전운전불이행,건조,맑음,교차로 - 교차로안,승용,남,52세,상해없음,이륜,남,36세,경상
2016060700100556,2016년 6월 7일 21시,화요일,충청남도 예산군 오가면,경상사고,0,0,2,0,차대차 - 추돌,안전운전불이행,건조,맑음,교차로 - 교차로부근,승용,여,62세,상해없음,승용,남,43세,경상
2016060700100604,2016년 6월 7일 23시,화요일,충청남도 계룡시 엄사면,경상사고,0,0,2,0,차대차 - 추돌,안전거리미확보,건조,맑음,단일로 - 기타,승용,여,34세,상해없음,화물,남,51세,경상
2016060700100605,2016년 6월 7일 23시,화요일,충청남도 천안시 동남구 원성동,경상사고,0,0,1,0,차대차 - 측면직각충돌,안전거리미확보,건조,맑음,교차로 - 교차로부근,승용,남,47세,상해없음,승용,남,56세,경상
2016060800100009,2016년 6월 8일 00시,수요일,충청남도 보령시 신흑동,경상사고,0,0,2,0,차대차 - 측면직각충돌,신호위반,건조,맑음,교차로 - 교차로안,승용,남,30세,상해없음,승용,남,32세,경상
2016060800100028,2016년 6월 8일 03시,수요일,충청남도 아산시 용화동,경상사고,0,0,1,0,차대차 - 추돌,안전운전불이행,건조,맑음,단일로 - 기타,승용,남,33세,기타불명,승용,남,52세,경상
2016060800100046,2016년 6월 8일 05시,수요일,충청남도 아산시 온천동,경상사고,0,0,1,0,차대차 - 측면충돌,신호위반,건조,맑음,교차로 - 교차로안,승용,남,55세,상해없음,승용,남,57세,경상
2016060800100054,2016년 6월 8일 06시,수요일,충청남도 서산시 성연면,중상사고,0,1,0,0,차대차 - 측면직각충돌,교차로운행방법위반,건조,흐림,교차로 - 교차로안,승용,남,25세,상해없음,승용,남,70세,중상
2016060800100070,2016년 6월 8일 07시,수요일,충청남도 예산군 삽교읍,경상사고,0,0,1,0,차대차 - 측면직각충돌,직진우회전진행방해,건조,맑음,교차로 - 교차로안,원동기,남,19세,경상,승용,남,59세,상해없음
2016060800100104,2016년 6월 8일 08시,수요일,충청남도 천안시 서북구 두정동,중상사고,0,1,0,0,차대차 - 기타,안전거리미확보,건조,맑음,단일로 - 기타,승용,남,57세,상해없음,승용,여,40세,중상
2016060800100105,2016년 6월 8일 08시,수요일,충청남도 아산시 배방읍,경상사고,0,0,1,1,차대차 - 기타,차로위반,건조,맑음,단일로 - 기타,화물,남,38세,상해없음,승용,남,66세,경상
2016060800100106,2016년 6월 8일 08시,수요일,충청남도 부여군 양화면,중상사고,0,1,0,0,차대차 - 측면충돌,안전운전불이행,건조,맑음,교차로 - 교차로안,승용,남,48세,상해없음,이륜,남,79세,중상
2016060800100150,2016년 6월 8일 09시,수요일,충청남도 서산시 부석면,중상사고,0,1,0,0,차량단독 - 기타,안전운전불이행,건조,맑음,교차로 - 교차로안,승합,남,40세,상해없음,,,,
2016060800100151,2016년 6월 8일 09시,수요일,충청남도 천안시 동남구 원성동,경상사고,0,0,2,0,차대차 - 측면직각충돌,신호위반,건조,맑음,교차로 - 교차로부근,승용,여,42세,상해없음,승용,남,45세,경상
2016060800100178,2016년 6월 8일 10시,수요일,충청남도 서산시 예천동,중상사고,0,1,0,0,차대차 - 측면직각충돌,직진우회전진행방해,건조,맑음,교차로 - 교차로안,승용,남,49세,상해없음,원동기,여,65세,중상
2016060800100179,2016년 6월 8일 10시,수요일,충청남도 보령시 청소면,부상신고사고,0,0,0,1,차량단독 - 전도전복,안전운전불이행,건조,맑음,교차로 - 교차로부근,농기계,남,82세,부상신고,,,,
2016060800100204,2016년 6월 8일 11시,수요일,충청남도 홍성군 홍성읍,경상사고,0,0,1,0,차대차 - 측면직각충돌,안전운전불이행,건조,맑음,단일로 - 기타,승용,여,49세,상해없음,자전거,여,60세,경상
2016060800100247,2016년 6월 8일 13시,수요일,충청남도 천안시 서북구 쌍용동,경상사고,0,0,1,0,차대차 - 기타,안전운전불이행,건조,맑음,단일로 - 기타,승용,남,62세,상해없음,승용,남,32세,경상
2016060800100248,2016년 6월 8일 13시,수요일,충청남도 보령시 성주면,경상사고,0,0,2,0,차대차 - 추돌,안전거리미확보,건조,맑음,교차로 - 교차로안,건설기계,남,42세,상해없음,승합,남,56세,경상
2016060800100280,2016년 6월 8일 14시,수요일,충청남도 아산시 배방읍,경상사고,0,0,1,0,차대차 - 측면충돌,안전운전불이행,건조,맑음,단일로 - 기타,승용,여,54세,기타불명,원동기,남,78세,경상
2016060800100281,2016년 6월 8일 14시,수요일,충청남도 보령시 청라면,중상사고,0,2,0,0,차대차 - 추돌,안전운전불이행,건조,맑음,교차로 - 교차로부근,승용,남,55세,상해없음,승용,남,43세,중상
2016060800100308,2016년 6월 8일 15시,수요일,충청남도 보령시 대천동,경상사고,0,0,1,0,차대차 - 정면충돌,직진우회전진행방해,건조,맑음,교차로 - 교차로안,승용,여,54세,상해없음,승용,남,33세,경상
2016060800100345,2016년 6월 8일 16시,수요일,충청남도 태안군 태안읍,중상사고,0,1,0,0,차대차 - 추돌,안전거리미확보,건조,맑음,단일로 - 기타,화물,남,27세,상해없음,화물,남,68세,중상
2016060800100381,2016년 6월 8일 17시,수요일,충청남도 서산시 해미면,경상사고,0,0,1,0,차대차 - 측면직각충돌,안전운전불이행,건조,맑음,단일로 - 기타,승용,남,64세,상해없음,원동기,남,75세,경상
2016060800100423,2016년 6월 8일 18시,수요일,충청남도 태안군 태안읍,경상사고,0,0,1,0,차대차 - 측면직각충돌,직진우회전진행방해,건조,맑음,교차로 - 교차로안,승용,남,34세,상해없음,화물,남,47세,경상
2016060800100461,2016년 6월 8일 19시,수요일,충청남도 아산시 배방읍,경상사고,0,0,1,0,차대차 - 측면충돌,교차로운행방법위반,건조,맑음,교차로 - 교차로안,승용,남,37세,상해없음,자전거,남,32세,경상
2016060800100487,2016년 6월 8일 20시,수요일,충청남도 서산시 석림동,경상사고,0,0,1,0,차대차 - 측면직각충돌,중앙선침범,건조,맑음,단일로 - 기타,농기계,여,72세,경상,이륜,남,59세,상해없음
2016060800100488,2016년 6월 8일 20시,수요일,충청남도 태안군 태안읍,경상사고,0,0,1,0,차대차 - 측면직각충돌,안전운전불이행,건조,맑음,교차로 - 교차로부근,자전거,남,13세,경상,기타불명,기타불명,기타불명,기타불명
2016060800100489,2016년 6월 8일 20시,수요일,충청남도 아산시 배방읍,경상사고,0,0,1,0,차대차 - 추돌,안전운전불이행,건조,맑음,기타 - 기타,승용,여,57세,상해없음,승용,남,24세,경상
2016060800100519,2016년 6월 8일 21시,수요일,충청남도 천안시 동남구 신방동,경상사고,0,0,1,1,차대차 - 추돌,안전운전불이행,건조,맑음,단일로 - 기타,이륜,남,17세,부상신고,승용,여,39세,경상
2016060800100544,2016년 6월 8일 22시,수요일,충청남도 금산군 금산읍,중상사고,0,1,0,0,차량단독 - 공작물충돌,안전운전불이행,건조,맑음,단일로 - 기타,승용,남,23세,중상,,,,
2016060900100040,2016년 6월 9일 04시,목요일,충청남도 천안시 서북구 직산읍,경상사고,0,0,1,0,차대차 - 기타,안전운전불이행,건조,맑음,교차로 - 교차로부근,승용,여,62세,상해없음,승용,여,64세,경상
2016060900100106,2016년 6월 9일 08시,목요일,충청남도 아산시 신창면,부상신고사고,0,0,0,1,차대사람 - 차도통행중,안전운전불이행,건조,맑음,단일로 - 기타,승용,기타불명,기타불명,기타불명,보행자,남,11세,부상신고
2016060900100167,2016년 6월 9일 10시,목요일,충청남도 태안군 근흥면,중상사고,0,5,0,0,차대차 - 정면충돌,중앙선침범,건조,맑음,단일로 - 기타,화물,남,52세,중상,화물,남,45세,중상
2016060900100168,2016년 6월 9일 10시,목요일,충청남도 태안군 태안읍,중상사고,0,1,0,0,차대사람 - 기타,안전운전불이행,건조,맑음,단일로 - 기타,화물,남,47세,상해없음,보행자,여,73세,중상
2016060900100170,2016년 6월 9일 10시,목요일,충청남도 부여군 부여읍,사망사고,1,0,0,0,차대차 - 측면직각충돌,안전운전불이행,건조,맑음,교차로 - 교차로안,화물,남,55세,상해없음,이륜,남,67세,사망
2016060900100221,2016년 6월 9일 12시,목요일,충청남도 예산군 고덕면,경상사고,0,0,6,0,차대차 - 정면충돌,중앙선침범,건조,맑음,단일로 - 기타,화물,남,22세,상해없음,승합,남,50세,경상
2016060900100242,2016년 6월 9일 13시,목요일,충청남도 예산군 신암면,사망사고,1,0,1,0,차대차 - 추돌,안전운전불이행,건조,맑음,단일로 - 기타,화물,남,64세,경상,이륜,남,64세,사망
2016060900100271,2016년 6월 9일 14시,목요일,충청남도 태안군 소원면,경상사고,0,0,2,0,차대차 - 측면충돌,교차로운행방법위반,건조,맑음,교차로 - 교차로안,승용,남,26세,상해없음,화물,남,48세,경상
2016060900100329,2016년 6월 9일 16시,목요일,충청남도 서산시 지곡면,경상사고,0,0,1,0,차대차 - 측면충돌,안전운전불이행,건조,맑음,교차로 - 교차로안,농기계,남,80세,경상,화물,남,45세,상해없음
2016060900100434,2016년 6월 9일 18시,목요일,충청남도 천안시 서북구 두정동,경상사고,0,0,1,0,차대차 - 측면충돌,안전운전불이행,건조,맑음,교차로 - 교차로안,승용,여,51세,상해없음,이륜,남,28세,경상
2016060900100435,2016년 6월 9일 18시,목요일,충청남도 당진시 송산면,중상사고,0,1,1,0,차대차 - 측면직각충돌,교차로운행방법위반,건조,맑음,교차로 - 교차로안,화물,남,58세,경상,승용,남,43세,중상
2016060900100479,2016년 6월 9일 19시,목요일,충청남도 홍성군 홍성읍,경상사고,0,0,1,0,차대사람 - 길가장자리구역통행중,중앙선침범,건조,맑음,교차로 - 교차로부근,승용,남,47세,상해없음,보행자,여,8세,경상
2016060900100503,2016년 6월 9일 20시,목요일,충청남도 천안시 서북구 성거읍,경상사고,0,0,1,0,차대차 - 추돌,안전운전불이행,건조,맑음,교차로 - 교차로부근,승용,남,42세,상해없음,승용,남,42세,경상
2016061000100039,2016년 6월 10일 02시,금요일,충청남도 논산시 내동,경상사고,0,0,1,0,차대사람 - 기타,안전운전불이행,건조,맑음,교차로 - 교차로안,승용,여,51세,상해없음,보행자,남,24세,경상
2016061000100040,2016년 6월 10일 02시,금요일,충청남도 예산군 오가면,경상사고,0,0,2,0,차대차 - 측면직각충돌,교차로운행방법위반,건조,맑음,교차로 - 교차로부근,화물,남,51세,상해없음,승용,남,39세,경상
2016061000100092,2016년 6월 10일 07시,금요일,충청남도 천안시 동남구 원성동,경상사고,0,0,1,0,차대차 - 측면직각충돌,안전운전불이행,건조,맑음,단일로 - 기타,승용,남,55세,상해없음,자전거,남,13세,경상
2016061000100192,2016년 6월 10일 10시,금요일,충청남도 예산군 예산읍,중상사고,0,1,0,0,차대사람 - 횡단중,안전운전불이행,건조,맑음,단일로 - 기타,화물,남,44세,상해없음,보행자,여,64세,중상
2016061000100222,2016년 6월 10일 11시,금요일,충청남도 논산시 강경읍,중상사고,0,1,0,0,차대차 - 정면충돌,교차로운행방법위반,건조,맑음,교차로 - 교차로안,이륜,남,41세,중상,승용,여,21세,상해없음
2016061000100223,2016년 6월 10일 11시,금요일,충청남도 예산군 예산읍,경상사고,0,0,1,0,차대차 - 추돌,안전운전불이행,건조,맑음,교차로 - 교차로부근,승용,남,69세,상해없음,승용,남,56세,경상
2016061000100257,2016년 6월 10일 12시,금요일,충청남도 아산시 배방읍,중상사고,0,1,0,0,차대사람 - 횡단중,보행자보호의무위반,건조,맑음,교차로 - 교차로안,원동기,남,86세,상해없음,보행자,여,43세,중상
2016061000100258,2016년 6월 10일 12시,금요일,충청남도 예산군 봉산면,중상사고,0,1,0,0,차대차 - 측면직각충돌,중앙선침범,건조,맑음,단일로 - 기타,이륜,남,44세,중상,화물,남,49세,상해없음
2016061000100259,2016년 6월 10일 12시,금요일,충청남도 당진시 읍내리,중상사고,0,2,0,0,차대차 - 측면충돌,차로위반,건조,맑음,교차로 - 교차로부근,화물,여,59세,상해없음,승용,남,59세,중상
2016061000100260,2016년 6월 10일 12시,금요일,충청남도 천안시 동남구 원성동,경상사고,0,0,1,0,차대차 - 기타,안전운전불이행,건조,맑음,단일로 - 기타,자전거,여,56세,경상,승용,남,47세,상해없음
2016061000100292,2016년 6월 10일 13시,금요일,충청남도 논산시 연무읍,중상사고,0,1,0,0,차대차 - 측면직각충돌,안전운전불이행,건조,맑음,교차로 - 교차로안,이륜,남,55세,중상,화물,남,48세,상해없음
2016061000100293,2016년 6월 10일 13시,금요일,충청남도 홍성군 홍성읍,중상사고,0,1,0,0,차대차 - 추돌,안전거리미확보,건조,맑음,교차로 - 교차로부근,특수,남,40세,상해없음,승용,남,59세,중상
2016061000100294,2016년 6월 10일 13시,금요일,충청남도 아산시 온천동,경상사고,0,0,1,0,차대차 - 측면직각충돌,안전운전불이행,건조,맑음,교차로 - 교차로안,승용,여,42세,상해없음,이륜,남,16세,경상
2016061000100331,2016년 6월 10일 14시,금요일,충청남도 당진시 고대면,중상사고,0,1,0,0,차대차 - 추돌,안전운전불이행,건조,맑음,교차로 - 교차로안,화물,남,52세,상해없음,자전거,남,75세,중상
2016061000100405,2016년 6월 10일 16시,금요일,충청남도 보령시 주교면,중상사고,0,1,0,0,차대차 - 측면충돌,중앙선침범,건조,맑음,단일로 - 기타,화물,남,45세,상해없음,승용,여,54세,중상
2016061000100407,2016년 6월 10일 16시,금요일,충청남도 금산군 금산읍,경상사고,0,0,1,0,차대사람 - 횡단중,보행자보호의무위반,건조,맑음,단일로 - 횡단보도상,승용,남,27세,상해없음,보행자,남,11세,경상
2016061000100408,2016년 6월 10일 16시,금요일,충청남도 금산군 추부면,중상사고,0,5,0,0,차대차 - 정면충돌,안전운전불이행,건조,맑음,단일로 - 기타,화물,남,29세,중상,승용,남,68세,중상
2016061000100453,2016년 6월 10일 17시,금요일,충청남도 홍성군 홍성읍,경상사고,0,0,1,0,차대사람 - 차도통행중,안전운전불이행,건조,맑음,단일로 - 기타,승용,남,78세,상해없음,보행자,여,60세,경상
2016061000100454,2016년 6월 10일 17시,금요일,충청남도 서천군 마서면,중상사고,0,1,1,0,차대차 - 정면충돌,직진우회전진행방해,건조,맑음,교차로 - 교차로안,승용,여,47세,경상,승용,여,56세,중상
2016061000100455,2016년 6월 10일 17시,금요일,충청남도 당진시 수청리,중상사고,0,1,0,0,차대사람 - 차도통행중,안전운전불이행,건조,맑음,단일로 - 기타,승용,남,32세,기타불명,보행자,남,14세,중상
2016061000100508,2016년 6월 10일 18시,금요일,충청남도 서산시 동문동,경상사고,0,0,1,0,차대사람 - 횡단중,보행자보호의무위반,건조,맑음,교차로 - 교차로안,승용,남,64세,상해없음,보행자,여,27세,경상
2016061000100509,2016년 6월 10일 18시,금요일,충청남도 아산시 배방읍,중상사고,0,2,3,0,차대차 - 정면충돌,중앙선침범,건조,맑음,단일로 - 기타,특수,남,26세,상해없음,승합,남,48세,중상
2016061000100571,2016년 6월 10일 20시,금요일,충청남도 당진시 시곡리,경상사고,0,0,1,0,차대차 - 추돌,안전운전불이행,건조,맑음,단일로 - 기타,화물,남,52세,상해없음,이륜,남,52세,상해없음
2016061000100609,2016년 6월 10일 21시,금요일,충청남도 서산시 대산읍,경상사고,0,0,1,0,차대사람 - 횡단중,신호위반,건조,맑음,교차로 - 교차로안,승용,남,37세,상해없음,보행자,여,30세,경상
2016061000100610,2016년 6월 10일 21시,금요일,충청남도 당진시 송산면,중상사고,0,1,0,0,차대사람 - 횡단중,안전운전불이행,건조,맑음,단일로 - 기타,승용,남,30세,상해없음,보행자,여,74세,중상
2016061000100641,2016년 6월 10일 22시,금요일,충청남도 서산시 예천동,중상사고,0,1,0,0,차대차 - 추돌,차로위반,건조,맑음,단일로 - 기타,승용,여,34세,상해없음,승용,남,33세,중상
2016061000100676,2016년 6월 10일 23시,금요일,충청남도 논산시 연무읍,중상사고,0,1,0,0,차대사람 - 횡단중,안전운전불이행,건조,맑음,단일로 - 기타,화물,남,43세,상해없음,보행자,여,35세,중상
2016061100100056,2016년 6월 11일 03시,토요일,충청남도 천안시 서북구 쌍용동,경상사고,0,0,1,0,차대차 - 추돌,안전운전불이행,건조,맑음,교차로 - 교차로안,승용,남,32세,상해없음,승용,남,31세,경상
2016061100100103,2016년 6월 11일 06시,토요일,충청남도 태안군 안면읍,경상사고,0,0,1,0,차대차 - 측면직각충돌,교차로운행방법위반,건조,맑음,교차로 - 교차로안,이륜,남,49세,경상,승용,여,57세,상해없음
2016061100100115,2016년 6월 11일 07시,토요일,충청남도 아산시 송악면,경상사고,0,0,1,0,차량단독 - 공작물충돌,안전운전불이행,건조,맑음,단일로 - 기타,승용,남,33세,경상,,,,
2016061100100178,2016년 6월 11일 09시,토요일,충청남도 보령시 신흑동,경상사고,0,0,3,0,차대차 - 측면직각충돌,직진우회전진행방해,건조,맑음,교차로 - 교차로안,승용,여,58세,경상,승용,남,39세,경상
2016061100100215,2016년 6월 11일 10시,토요일,충청남도 공주시 계룡면,경상사고,0,0,5,0,차량단독 - 공작물충돌,안전운전불이행,건조,맑음,단일로 - 기타,승합,여,37세,기타불명,,,,
2016061100100234,2016년 6월 11일 11시,토요일,충청남도 서산시 해미면,중상사고,0,1,0,0,차대차 - 정면충돌,안전운전불이행,건조,맑음,단일로 - 기타,화물,남,52세,상해없음,승용,여,40세,중상
2016061100100235,2016년 6월 11일 11시,토요일,충청남도 보령시 남곡동,경상사고,0,0,1,0,차대차 - 측면직각충돌,안전거리미확보,건조,맑음,단일로 - 기타,승용,여,61세,상해없음,승용,여,37세,경상
2016061100100274,2016년 6월 11일 12시,토요일,충청남도 홍성군 홍성읍,경상사고,0,0,1,0,차대차 - 측면충돌,안전운전불이행,건조,맑음,교차로 - 교차로안,승용,남,57세,상해없음,승용,남,57세,상해없음
2016061100100275,2016년 6월 11일 12시,토요일,충청남도 아산시 풍기동,중상사고,0,1,0,0,차대사람 - 횡단중,안전운전불이행,건조,맑음,교차로 - 교차로부근,승용,여,37세,상해없음,보행자,남,67세,중상
2016061100100313,2016년 6월 11일 13시,토요일,충청남도 서천군 기산면,경상사고,0,0,1,0,차대차 - 추돌,안전운전불이행,건조,맑음,단일로 - 기타,화물,남,57세,상해없음,자전거,남,85세,경상
2016061100100314,2016년 6월 11일 13시,토요일,충청남도 보령시 동대동,경상사고,0,0,1,0,차대차 - 추돌,안전운전불이행,건조,맑음,교차로 - 교차로부근,원동기,남,34세,경상,승용,남,39세,상해없음
2016061100100315,2016년 6월 11일 13시,토요일,충청남도 부여군 장암면,사망사고,1,0,0,0,차대차 - 측면충돌,안전운전불이행,건조,맑음,단일로 - 기타,이륜,남,85세,사망,건설기계,남,38세,상해없음
2016061100100316,2016년 6월 11일 13시,토요일,충청남도 천안시 동남구 안서동,경상사고,0,0,1,0,차대차 - 정면충돌,신호위반,건조,맑음,교차로 - 교차로안,승용,여,34세,상해없음,원동기,남,35세,경상
2016061100100349,2016년 6월 11일 14시,토요일,충청남도 서천군 서천읍,중상사고,0,1,0,0,차대차 - 추돌,안전운전불이행,건조,맑음,단일로 - 기타,승용,여,28세,상해없음,자전거,남,80세,중상
2016061100100350,2016년 6월 11일 14시,토요일,충청남도 당진시 우두리,중상사고,0,1,2,0,차대차 - 측면충돌,안전운전불이행,건조,맑음,단일로 - 기타,승용,남,37세,상해없음,승용,여,35세,경상
2016061100100390,2016년 6월 11일 15시,토요일,충청남도 논산시 상월면,경상사고,0,0,1,0,차대사람 - 횡단중,중앙선침범,건조,맑음,단일로 - 기타,화물,남,67세,상해없음,보행자,남,3세,경상
2016061100100391,2016년 6월 11일 15시,토요일,충청남도 아산시 용화동,사망사고,1,0,0,0,차량단독 - 공작물충돌,안전운전불이행,건조,맑음,단일로 - 기타,이륜,남,33세,사망,,,,
2016061100100392,2016년 6월 11일 15시,토요일,충청남도 예산군 삽교읍,경상사고,0,0,1,0,차대차 - 추돌,직진우회전진행방해,건조,맑음,교차로 - 교차로안,승용,남,26세,상해없음,승용,여,42세,경상
2016061100100472,2016년 6월 11일 17시,토요일,충청남도 서천군 장항읍,중상사고,0,1,1,0,차대차 - 추돌,안전거리미확보,건조,맑음,교차로 - 교차로부근,이륜,남,32세,중상,승용,남,41세,경상
2016061100100503,2016년 6월 11일 18시,토요일,충청남도 천안시 서북구 직산읍,경상사고,0,0,2,0,차대차 - 추돌,안전운전불이행,건조,맑음,기타 - 기타,화물,남,58세,상해없음,승용,남,60세,경상
2016061100100504,2016년 6월 11일 18시,토요일,충청남도 아산시 용화동,경상사고,0,0,1,0,차대차 - 측면충돌,안전운전불이행,건조,맑음,기타 - 기타,자전거,남,13세,경상,승용,여,45세,상해없음
2016061100100505,2016년 6월 11일 18시,토요일,충청남도 공주시 신관동,경상사고,0,0,1,0,차대사람 - 횡단중,안전운전불이행,건조,맑음,교차로 - 교차로부근,승용,여,54세,상해없음,보행자,여,73세,경상
2016061100100538,2016년 6월 11일 19시,토요일,충청남도 보령시 명천동,중상사고,0,1,0,0,차대차 - 측면직각충돌,안전운전불이행,건조,맑음,교차로 - 교차로부근,승용,여,51세,상해없음,승용,여,61세,중상
2016061100100539,2016년 6월 11일 19시,토요일,충청남도 당진시 대덕리,경상사고,0,0,2,0,차대차 - 측면충돌,교차로운행방법위반,건조,맑음,교차로 - 교차로안,승용,남,20세,상해없음,승용,남,31세,경상