사고번호,사고일시,요일,시군구,사고내용,사망자수,중상자수,경상자수,부상신고자수,사고유형,법규위반,노면상태,기상상태,도로형태,가해운전자 차종,가해운전자 성별,가해운전자 연령,가해운전자 상해정도,피해운전자 차종,피해운전자 성별,피해운전자 연령,피해운전자 상해정도
2016061700100072,2016년 6월 17일 06시,금요일,충청남도 천안시 동남구 목천읍,경상사고,0,0,1,0,차대차 - 추돌,안전운전불이행,건조,맑음,단일로 - 기타,화물,여,27세,상해없음,승용,남,49세,경상
2016061700100088,2016년 6월 17일 07시,금요일,충청남도 아산시 둔포면,중상사고,0,1,0,0,차대차 - 측면충돌,안전운전불이행,건조,맑음,교차로 - 교차로안,이륜,남,75세,중상,승용,남,37세,상해없음
2016061700100127,2016년 6월 17일 08시,금요일,충청남도 금산군 금산읍,경상사고,0,0,2,0,차대차 - 추돌,안전거리미확보,건조,맑음,교차로 - 교차로부근,화물,남,52세,상해없음,승용,남,47세,경상
2016061700100192,2016년 6월 17일 10시,금요일,충청남도 천안시 동남구 영성동,경상사고,0,0,1,0,차대사람 - 차도통행중,안전운전불이행,건조,맑음,단일로 - 기타,승용,남,51세,상해없음,보행자,여,45세,경상
2016061700100223,2016년 6월 17일 11시,금요일,충청남도 청양군 정산면,중상사고,0,1,0,0,차대차 - 측면직각충돌,안전운전불이행,건조,맑음,교차로 - 교차로안,건설기계,남,52세,상해없음,승용,여,47세,중상
2016061700100245,2016년 6월 17일 12시,금요일,충청남도 아산시 인주면,중상사고,0,1,0,0,차대차 - 기타,중앙선침범,건조,맑음,기타 - 기타,승합,남,58세,상해없음,자전거,남,57세,중상
2016061700100246,2016년 6월 17일 12시,금요일,충청남도 보령시 웅천읍,중상사고,0,3,0,0,차대차 - 추돌,안전운전불이행,건조,맑음,단일로 - 기타,승용,남,45세,상해없음,승용,여,60세,중상
2016061700100268,2016년 6월 17일 13시,금요일,충청남도 논산시 은진면,사망사고,1,0,0,0,차량단독 - 전도전복,안전운전불이행,건조,맑음,단일로 - 기타,원동기,남,66세,상해없음,,,,
2016061700100269,2016년 6월 17일 13시,금요일,충청남도 서천군 서천읍,경상사고,0,0,1,0,차대차 - 측면충돌,안전운전불이행,건조,맑음,단일로 - 기타,승용,남,68세,상해없음,승용,남,58세,상해없음
2016061700100270,2016년 6월 17일 13시,금요일,충청남도 보령시 신흑동,경상사고,0,0,1,1,차대차 - 측면직각충돌,직진우회전진행방해,건조,맑음,교차로 - 교차로안,승용,남,22세,부상신고,승용,남,29세,경상
2016061700100271,2016년 6월 17일 13시,금요일,충청남도 보령시 대천동,경상사고,0,0,1,0,차대차 - 정면충돌,직진우회전진행방해,건조,맑음,교차로 - 교차로안,승용,남,35세,상해없음,원동기,여,56세,경상
2016061700100296,2016년 6월 17일 14시,금요일,충청남도 천안시 서북구 와촌동,중상사고,0,1,1,0,차대차 - 정면충돌,교차로운행방법위반,건조,맑음,교차로 - 교차로부근,화물,남,46세,상해없음,승용,남,35세,경상
2016061700100297,2016년 6월 17일 14시,금요일,충청남도 당진시 채운동,중상사고,0,1,0,0,차대차 - 측면직각충돌,교차로운행방법위반,건조,맑음,교차로 - 교차로부근,원동기,남,73세,중상,승용,남,26세,상해없음
2016061700100331,2016년 6월 17일 15시,금요일,충청남도 천안시 서북구 쌍용동,경상사고,0,0,1,0,차대차 - 기타,안전운전불이행,건조,맑음,교차로 - 교차로안,승용,여,47세,상해없음,승용,남,60세,상해없음
2016061700100370,2016년 6월 17일 16시,금요일,충청남도 금산군 금산읍,중상사고,0,1,0,0,차대차 - 측면충돌,안전운전불이행,건조,맑음,단일로 - 기타,화물,남,27세,상해없음,원동기,남,77세,중상
2016061700100412,2016년 6월 17일 17시,금요일,충청남도 당진시 송악읍,경상사고,0,0,1,0,차대차 - 측면직각충돌,교차로운행방법위반,건조,맑음,교차로 - 교차로안,원동기,남,39세,경상,승용,여,38세,상해없음
2016061700100464,2016년 6월 17일 18시,금요일,충청남도 보령시 주산면,경상사고,0,0,4,0,차대차 - 기타,안전거리미확보,건조,맑음,단일로 - 기타,승용,남,50세,상해없음,화물,남,71세,경상
2016061700100503,2016년 6월 17일 19시,금요일,충청남도 서산시 대산읍,경상사고,0,0,2,0,차대차 - 기타,중앙선침범,건조,맑음,단일로 - 기타,승용,남,63세,상해없음,승용,남,64세,경상
2016061700100504,2016년 6월 17일 19시,금요일,충청남도 논산시 부적면,중상사고,0,1,0,0,차량단독 - 전도전복,안전운전불이행,건조,맑음,교차로 - 교차로안,승용,남,27세,중상,,,,
2016061700100505,2016년 6월 17일 19시,금요일,충청남도 아산시 배방읍,중상사고,0,1,0,0,차대사람 - 횡단중,보행자보호의무위반,건조,맑음,교차로 - 교차로안,승용,남,65세,상해없음,보행자,남,49세,중상
2016061700100544,2016년 6월 17일 20시,금요일,충청남도 아산시 인주면,중상사고,0,1,0,0,차대차 - 기타,중앙선침범,건조,맑음,기타 - 기타,승용,남,43세,상해없음,승용,남,50세,중상
2016061700100545,2016년 6월 17일 20시,금요일,충청남도 공주시 신기동,부상신고사고,0,0,0,1,차대차 - 측면직각충돌,안전운전불이행,건조,맑음,단일로 - 기타,화물,여,54세,부상신고,화물,남,35세,상해없음
2016061700100546,2016년 6월 17일 20시,금요일,충청남도 천안시 동남구 성황동,경상사고,0,0,1,0,차대차 - 측면충돌,안전운전불이행,건조,맑음,단일로 - 기타,기타불명,기타불명,기타불명,기타불명,자전거,남,15세,경상
2016061700100583,2016년 6월 17일 21시,금요일,충청남도 아산시 둔포면,경상사고,0,0,1,0,차대차 - 측면충돌,신호위반,건조,맑음,교차로 - 교차로안,승용,남,24세,상해없음,승용,남,41세,경상
2016061700100617,2016년 6월 17일 22시,금요일,충청남도 서천군 마서면,중상사고,0,1,2,0,차대차 - 측면직각충돌,신호위반,건조,맑음,교차로 - 교차로안,승용,남,39세,상해없음,승용,남,35세,경상
2016061700100618,2016년 6월 17일 22시,금요일,충청남도 공주시 옥룡동,부상신고사고,0,0,0,1,차대차 - 추돌,안전운전불이행,건조,맑음,단일로 - 기타,이륜,남,18세,부상신고,승용,남,30세,기타불명
2016061800100030,2016년 6월 18일 01시,토요일,충청남도 공주시 신관동,경상사고,0,0,1,0,차대차 - 측면직각충돌,안전운전불이행,건조,맑음,교차로 - 교차로안,승용,남,48세,기타불명,승용,남,54세,경상
2016061800100068,2016년 6월 18일 04시,토요일,충청남도 천안시 서북구 두정동,경상사고,0,0,1,0,차대사람 - 기타,안전운전불이행,건조,맑음,단일로 - 기타,승용,남,23세,상해없음,보행자,남,22세,경상
2016061800100069,2016년 6월 18일 04시,토요일,충청남도 천안시 동남구 신방동,경상사고,0,0,1,1,차대차 - 측면직각충돌,신호위반,건조,맑음,교차로 - 교차로안,승용,남,22세,경상,승용,남,29세,부상신고
2016061800100093,2016년 6월 18일 06시,토요일,충청남도 서천군 시초면,경상사고,0,0,2,0,차대차 - 측면직각충돌,직진우회전진행방해,건조,맑음,교차로 - 교차로안,화물,여,68세,경상,화물,남,51세,경상
2016061800100152,2016년 6월 18일 09시,토요일,충청남도 아산시 음봉면,경상사고,0,0,1,0,차대사람 - 횡단중,보행자보호의무위반,건조,맑음,단일로 - 기타,승용,남,31세,상해없음,보행자,여,7세,경상
2016061800100180,2016년 6월 18일 10시,토요일,충청남도 아산시 영인면,경상사고,0,0,2,0,차대차 - 추돌,안전운전불이행,건조,맑음,단일로 - 기타,화물,남,42세,경상,화물,남,51세,경상
2016061800100181,2016년 6월 18일 10시,토요일,충청남도 당진시 송악읍,경상사고,0,0,6,0,차대차 - 추돌,안전운전불이행,건조,맑음,교차로 - 교차로부근,건설기계,남,42세,상해없음,승용,여,55세,경상
2016061800100206,2016년 6월 18일 11시,토요일,충청남도 천안시 동남구 북면,경상사고,0,0,1,0,차량단독 - 전도전복,안전운전불이행,건조,맑음,단일로 - 기타,이륜,남,63세,경상,,,,
2016061800100245,2016년 6월 18일 12시,토요일,충청남도 아산시 탕정면,부상신고사고,0,0,0,1,차대차 - 기타,안전운전불이행,건조,맑음,기타 - 기타,화물,남,51세,기타불명,화물,남,57세,부상신고
2016061800100273,2016년 6월 18일 13시,토요일,충청남도 서천군 서천읍,경상사고,0,0,1,0,차대차 - 측면충돌,안전운전불이행,건조,맑음,교차로 - 교차로부근,승용,남,42세,상해없음,자전거,남,10세,경상
2016061800100274,2016년 6월 18일 13시,토요일,충청남도 당진시 석문면,중상사고,0,4,0,0,차대차 - 정면충돌,중앙선침범,건조,맑음,단일로 - 기타,승용,남,44세,상해없음,승용,남,41세,중상
2016061800100275,2016년 6월 18일 13시,토요일,충청남도 당진시 읍내리,경상사고,0,0,1,0,차대사람 - 횡단중,보행자보호의무위반,건조,맑음,단일로 - 기타,승용,여,19세,상해없음,보행자,남,15세,경상
2016061800100326,2016년 6월 18일 14시,토요일,충청남도 당진시 신평면,경상사고,0,0,1,0,차대사람 - 기타,안전운전불이행,건조,맑음,단일로 - 기타,승용,남,51세,기타불명,보행자,남,68세,경상
2016061800100406,2016년 6월 18일 16시,토요일,충청남도 아산시 온천동,경상사고,0,0,1,0,차대차 - 측면직각충돌,중앙선침범,건조,맑음,단일로 - 기타,화물,남,42세,상해없음,승용,남,31세,경상
2016061800100407,2016년 6월 18일 16시,토요일,충청남도 아산시 권곡동,경상사고,0,0,1,0,차대차 - 측면충돌,안전운전불이행,건조,맑음,단일로 - 기타,승용,남,49세,기타불명,승용,여,57세,경상
2016061800100408,2016년 6월 18일 16시,토요일,충청남도 당진시 시곡리,경상사고,0,0,1,0,차대차 - 측면충돌,차로위반,건조,맑음,교차로 - 교차로부근,승용,여,56세,상해없음,승용,여,57세,경상
2016061800100579,2016년 6월 18일 21시,토요일,충청남도 서산시 인지면,중상사고,0,1,0,0,차대사람 - 횡단중,과속,건조,맑음,교차로 - 교차로부근,승용,남,29세,상해없음,보행자,남,17세,중상
2016061800100609,2016년 6월 18일 22시,토요일,충청남도 아산시 온천동,경상사고,0,0,2,0,차대차 - 추돌,안전운전불이행,건조,맑음,교차로 - 교차로부근,승용,남,32세,상해없음,승용,여,53세,상해없음
2016061800100610,2016년 6월 18일 22시,토요일,충청남도 아산시 득산동,경상사고,0,0,2,0,차대차 - 측면직각충돌,중앙선침범,건조,맑음,기타 - 기타,원동기,남,43세,기타불명,승용,남,35세,상해없음
2016061800100611,2016년 6월 18일 22시,토요일,충청남도 당진시 채운동,중상사고,0,1,0,0,차대사람 - 횡단중,안전운전불이행,건조,맑음,교차로 - 교차로안,승용,남,25세,상해없음,보행자,남,50세,중상
2016061800100613,2016년 6월 18일 22시,토요일,충청남도 서산시 운산면,경상사고,0,0,1,0,차대차 - 기타,안전운전불이행,건조,맑음,단일로 - 기타,기타불명,기타불명,기타불명,기타불명,승용,여,36세,경상
2016061900100135,2016년 6월 19일 08시,일요일,충청남도 금산군 복수면,경상사고,0,0,1,0,차량단독 - 공작물충돌,안전운전불이행,건조,맑음,단일로 - 기타,승용,여,47세,경상,,,,
2016061900100173,2016년 6월 19일 10시,일요일,충청남도 예산군 예산읍,경상사고,0,0,2,0,차대차 - 기타,차로위반,건조,맑음,단일로 - 기타,승용,남,39세,상해없음,승용,남,51세,경상
2016061900100182,2016년 6월 19일 11시,일요일,충청남도 천안시 동남구 성남면,중상사고,0,1,2,0,차대차 - 측면직각충돌,안전운전불이행,건조,맑음,교차로 - 교차로안,승용,남,72세,상해없음,승용,남,37세,중상
2016061900100183,2016년 6월 19일 11시,일요일,충청남도 천안시 동남구 풍세면,경상사고,0,0,3,0,차대차 - 정면충돌,안전운전불이행,건조,맑음,단일로 - 기타,승용,남,53세,기타불명,화물,남,30세,경상
2016061900100207,2016년 6월 19일 12시,일요일,충청남도 보령시 성주면,중상사고,0,3,0,0,차대차 - 정면충돌,중앙선침범,건조,맑음,교차로 - 교차로안,이륜,남,54세,중상,승용,여,49세,중상
2016061900100230,2016년 6월 19일 13시,일요일,충청남도 예산군 예산읍,경상사고,0,0,1,0,차대차 - 추돌,안전운전불이행,건조,맑음,단일로 - 기타,이륜,남,19세,경상,승용,남,32세,기타불명
2016061900100251,2016년 6월 19일 14시,일요일,충청남도 예산군 덕산면,경상사고,0,0,1,0,차대사람 - 기타,기타,건조,맑음,단일로 - 기타,기타불명,기타불명,기타불명,기타불명,보행자,여,42세,경상
2016061900100281,2016년 6월 19일 15시,일요일,충청남도 당진시 신평면,경상사고,0,0,1,0,차대차 - 정면충돌,안전운전불이행,건조,맑음,단일로 - 기타,승용,남,36세,상해없음,승용,여,53세,경상
2016061900100313,2016년 6월 19일 16시,일요일,충청남도 서산시 대산읍,중상사고,0,2,0,0,차대차 - 측면충돌,안전운전불이행,건조,맑음,단일로 - 기타,승용,남,48세,상해없음,승용,여,57세,중상
2016061900100314,2016년 6월 19일 16시,일요일,충청남도 천안시 서북구 성환읍,경상사고,0,0,1,0,차대사람 - 기타,안전운전불이행,건조,맑음,단일로 - 기타,승용,남,23세,상해없음,보행자,남,46세,경상
2016061900100386,2016년 6월 19일 18시,일요일,충청남도 서산시 수석동,중상사고,0,1,0,0,차대사람 - 횡단중,안전운전불이행,건조,맑음,단일로 - 기타,승용,남,18세,상해없음,보행자,여,80세,중상
2016061900100387,2016년 6월 19일 18시,일요일,충청남도 보령시 신흑동,경상사고,0,0,1,0,차대사람 - 길가장자리구역통행중,안전운전불이행,건조,맑음,교차로 - 교차로안,승용,남,47세,상해없음,보행자,남,7세,경상
2016061900100462,2016년 6월 19일 21시,일요일,충청남도 보령시 죽정동,경상사고,0,0,8,0,차대차 - 정면충돌,교차로운행방법위반,건조,맑음,교차로 - 교차로안,승용,여,44세,경상,승용,여,27세,경상
2016062000100040,2016년 6월 20일 05시,월요일,충청남도 천안시 동남구 목천읍,경상사고,0,0,2,0,차대차 - 측면직각충돌,안전운전불이행,건조,맑음,교차로 - 교차로안,승용,남,75세,경상,승용,여,50세,경상
2016062000100050,2016년 6월 20일 06시,월요일,충청남도 보령시 궁촌동,경상사고,0,0,1,0,차대차 - 정면충돌,신호위반,건조,맑음,교차로 - 교차로안,승용,남,62세,상해없음,승용,남,61세,경상
2016062000100073,2016년 6월 20일 07시,월요일,충청남도 서산시 동문동,경상사고,0,0,1,0,차대차 - 정면충돌,교차로운행방법위반,건조,맑음,교차로 - 교차로안,승용,여,47세,상해없음,자전거,남,13세,경상
2016062000100074,2016년 6월 20일 07시,월요일,충청남도 아산시 배방읍,경상사고,0,0,2,0,차대차 - 측면충돌,신호위반,건조,맑음,교차로 - 교차로부근,승용,남,34세,상해없음,승용,남,24세,경상
2016062000100075,2016년 6월 20일 07시,월요일,충청남도 부여군 부여읍,중상사고,0,1,0,0,차대차 - 측면직각충돌,안전운전불이행,건조,맑음,단일로 - 기타,화물,남,51세,상해없음,자전거,남,79세,중상
2016062000100076,2016년 6월 20일 07시,월요일,충청남도 금산군 추부면,경상사고,0,0,1,0,차대차 - 측면직각충돌,안전운전불이행,건조,맑음,교차로 - 교차로안,승용,여,60세,상해없음,특수,남,48세,경상
2016062000100125,2016년 6월 20일 08시,월요일,충청남도 당진시 합덕읍,경상사고,0,0,1,0,차대차 - 측면충돌,교차로운행방법위반,건조,맑음,교차로 - 교차로안,자전거,남,71세,경상,승용,여,46세,상해없음
2016062000100154,2016년 6월 20일 09시,월요일,충청남도 아산시 온천동,중상사고,0,1,0,0,차대사람 - 횡단중,안전운전불이행,건조,맑음,교차로 - 교차로부근,화물,남,48세,상해없음,보행자,여,66세,중상
2016062000100155,2016년 6월 20일 09시,월요일,충청남도 아산시 신창면,경상사고,0,0,1,0,차대차 - 추돌,안전운전불이행,건조,맑음,단일로 - 기타,화물,남,40세,기타불명,농기계,남,61세,경상
2016062000100156,2016년 6월 20일 09시,월요일,충청남도 아산시 온천동,경상사고,0,0,1,0,차대사람 - 길가장자리구역통행중,안전운전불이행,건조,맑음,단일로 - 기타,승용,여,20세,기타불명,보행자,남,58세,경상
2016062000100186,2016년 6월 20일 10시,월요일,충청남도 서산시 해미면,부상신고사고,0,0,0,1,차대사람 - 길가장자리구역통행중,안전운전불이행,건조,맑음,단일로 - 기타,승용,여,64세,상해없음,보행자,남,19세,부상신고
2016062000100187,2016년 6월 20일 10시,월요일,충청남도 아산시 득산동,경상사고,0,0,3,0,차대차 - 추돌,안전운전불이행,건조,맑음,기타 - 기타,승용,남,51세,상해없음,화물,남,40세,경상
2016062000100188,2016년 6월 20일 10시,월요일,충청남도 부여군 홍산면,경상사고,0,0,1,0,차대차 - 추돌,안전운전불이행,건조,맑음,단일로 - 기타,화물,남,42세,상해없음,승용,여,61세,경상
2016062000100218,2016년 6월 20일 11시,월요일,충청남도 서산시 갈산동,중상사고,0,1,0,0,차량단독 - 공작물충돌,안전운전불이행,건조,맑음,단일로 - 기타,원동기,남,60세,중상,,,,
2016062000100258,2016년 6월 20일 12시,월요일,충청남도 서산시 석림동,중상사고,0,2,0,0,차대차 - 측면직각충돌,신호위반,건조,맑음,교차로 - 교차로안,승용,남,67세,상해없음,승용,남,20세,중상
2016062000100259,2016년 6월 20일 12시,월요일,충청남도 천안시 동남구 쌍용동,경상사고,0,0,1,0,차대차 - 정면충돌,안전운전불이행,건조,맑음,단일로 - 기타,승용,여,60세,기타불명,이륜,남,50세,경상
2016062000100293,2016년 6월 20일 13시,월요일,충청남도 청양군 비봉면,중상사고,0,1,0,0,차대차 - 측면충돌,직진우회전진행방해,건조,맑음,교차로 - 교차로안,승용,남,39세,상해없음,화물,남,72세,중상
2016062000100342,2016년 6월 20일 14시,월요일,충청남도 공주시 신관동,경상사고,0,0,1,0,차대차 - 추돌,안전운전불이행,건조,맑음,교차로 - 교차로안,승용,여,59세,상해없음,승용,여,47세,경상
2016062000100422,2016년 6월 20일 16시,월요일,충청남도 공주시 의당면,중상사고,0,1,0,0,차대사람 - 기타,안전운전불이행,건조,맑음,단일로 - 기타,승용,여,29세,상해없음,보행자,남,9세,중상
2016062000100474,2016년 6월 20일 17시,월요일,충청남도 논산시 벌곡면,경상사고,0,0,3,0,차대차 - 정면충돌,중앙선침범,습기,비,단일로 - 교량,화물,남,56세,경상,승용,남,45세,경상
2016062000100556,2016년 6월 20일 19시,월요일,충청남도 아산시 온천동,경상사고,0,0,1,0,차대차 - 측면충돌,안전운전불이행,건조,맑음,교차로 - 교차로부근,승용,여,27세,상해없음,자전거,남,7세,경상
2016062000100588,2016년 6월 20일 20시,월요일,충청남도 천안시 서북구 성거읍,중상사고,0,1,0,0,차대사람 - 기타,안전운전불이행,건조,맑음,단일로 - 기타,승용,남,47세,상해없음,보행자,여,45세,중상
2016062000100589,2016년 6월 20일 20시,월요일,충청남도 아산시 음봉면,경상사고,0,0,1,0,차대차 - 측면충돌,안전운전불이행,건조,맑음,단일로 - 기타,승용,남,27세,상해없음,승용,여,42세,경상
2016062000100590,2016년 6월 20일 20시,월요일,충청남도 예산군 오가면,중상사고,0,2,0,0,차대차 - 정면충돌,신호위반,건조,맑음,교차로 - 교차로안,승용,남,21세,상해없음,승용,남,18세,중상
2016062000100637,2016년 6월 20일 22시,월요일,충청남도 서산시 운산면,경상사고,0,0,4,0,차대차 - 추돌,안전거리미확보,건조,맑음,단일로 - 기타,화물,남,55세,상해없음,승용,남,19세,경상
2016062000100660,2016년 6월 20일 23시,월요일,충청남도 천안시 서북구 직산읍,경상사고,0,0,2,0,차대차 - 추돌,안전운전불이행,건조,맑음,교차로 - 교차로부근,승용,남,31세,상해없음,승용,남,62세,경상
2016062000100661,2016년 6월 20일 23시,월요일,충청남도 천안시 서북구 성환읍,경상사고,0,0,1,0,차대차 - 추돌,안전운전불이행,건조,맑음,단일로 - 기타,승용,여,41세,상해없음,승용,남,32세,경상
2016062000100662,2016년 6월 20일 23시,월요일,충청남도 공주시 중동,중상사고,0,1,1,0,차대차 - 측면충돌,안전운전불이행,건조,맑음,단일로 - 기타,승용,남,19세,상해없음,승용,남,23세,경상
2016062000100663,2016년 6월 20일 23시,월요일,충청남도 당진시 우강면,경상사고,0,0,1,0,차량단독 - 도로외이탈 - 기타,안전운전불이행,건조,맑음,단일로 - 기타,승용,남,59세,상해없음,,,,
2016062100100024,2016년 6월 21일 01시,화요일,충청남도 천안시 서북구 불당동,경상사고,0,0,1,0,차대차 - 측면직각충돌,신호위반,건조,맑음,교차로 - 교차로안,승용,남,33세,상해없음,승용,남,47세,경상
2016062100100047,2016년 6월 21일 05시,화요일,충청남도 천안시 서북구 성정동,경상사고,0,0,1,0,차대차 - 기타,직진우회전진행방해,건조,맑음,교차로 - 교차로부근,승용,남,37세,상해없음,승용,남,30세,경상
2016062100100058,2016년 6월 21일 06시,화요일,충청남도 천안시 동남구 성황동,경상사고,0,0,1,0,차대차 - 추돌,안전운전불이행,건조,맑음,단일로 - 기타,건설기계,남,55세,상해없음,승용,여,53세,경상
2016062100100084,2016년 6월 21일 07시,화요일,충청남도 천안시 서북구 성거읍,경상사고,0,0,2,0,차대차 - 기타,안전거리미확보,건조,맑음,교차로 - 교차로부근,승용,남,49세,상해없음,승용,남,64세,경상
2016062100100085,2016년 6월 21일 07시,화요일,충청남도 당진시 송산면,중상사고,0,1,0,0,차대차 - 측면충돌,안전운전불이행,건조,맑음,단일로 - 기타,승용,남,24세,상해없음,승용,여,35세,중상
2016062100100116,2016년 6월 21일 08시,화요일,충청남도 홍성군 홍북면,중상사고,0,1,1,0,차대차 - 측면충돌,안전거리미확보,건조,맑음,단일로 - 기타,승용,남,65세,상해없음,이륜,남,56세,중상
2016062100100117,2016년 6월 21일 08시,화요일,충청남도 보령시 내항동,중상사고,0,1,0,0,차대차 - 정면충돌,기타,건조,맑음,교차로 - 교차로부근,이륜,남,51세,중상,승용,남,66세,상해없음
2016062100100159,2016년 6월 21일 09시,화요일,충청남도 아산시 음봉면,중상사고,0,2,0,0,차대차 - 추돌,안전운전불이행,건조,맑음,단일로 - 기타,화물,남,32세,상해없음,농기계,남,54세,중상
2016062100100160,2016년 6월 21일 09시,화요일,충청남도 서천군 서천읍,중상사고,0,1,0,0,차대차 - 측면직각충돌,중앙선침범,건조,맑음,단일로 - 기타,승용,남,70세,상해없음,이륜,남,56세,중상
2016062100100196,2016년 6월 21일 10시,화요일,충청남도 천안시 서북구 성거읍,경상사고,0,0,1,0,차대차 - 측면직각충돌,교차로운행방법위반,건조,맑음,교차로 - 교차로안,승용,여,49세,상해없음,승용,남,34세,경상
2016062100100197,2016년 6월 21일 10시,화요일,충청남도 아산시 용화동,경상사고,0,0,1,0,차대차 - 측면직각충돌,안전운전불이행,건조,맑음,교차로 - 교차로부근,화물,남,33세,상해없음,승용,남,53세,경상
2016062100100198,2016년 6월 21일 10시,화요일,충청남도 예산군 예산읍,경상사고,0,0,1,0,차대차 - 측면직각충돌,직진우회전진행방해,건조,맑음,교차로 - 교차로안,승용,남,78세,상해없음,원동기,남,78세,경상
2016062100100199,2016년 6월 21일 10시,화요일,충청남도 천안시 동남구 목천읍,경상사고,0,0,2,0,차대차 - 추돌,안전거리미확보,건조,맑음,교차로 - 교차로부근,승용,남,53세,경상,건설기계,남,56세,상해없음
2016062100100230,2016년 6월 21일 11시,화요일,충청남도 예산군 삽교읍,경상사고,0,0,2,0,차대차 - 정면충돌,중앙선침범,건조,맑음,교차로 - 교차로부근,화물,남,62세,상해없음,승합,남,55세,경상
2016062100100231,2016년 6월 21일 11시,화요일,충청남도 천안시 동남구 청당동,경상사고,0,0,1,0,차량단독 - 기타,안전운전불이행,건조,맑음,단일로 - 기타,승합,남,51세,상해없음,,,,
2016062100100268,2016년 6월 21일 12시,화요일,충청남도 홍성군 홍성읍,경상사고,0,0,1,0,차량단독 - 전도전복,안전운전불이행,건조,맑음,단일로 - 기타,이륜,남,70세,경상,,,,
2016062100100269,2016년 6월 21일 12시,화요일,충청남도 당진시 채운동,경상사고,0,0,1,0,차대차 - 측면충돌,신호위반,건조,맑음,교차로 - 교차로안,승용,남,70세,상해없음,승용,여,52세,경상
2016062100100318,2016년 6월 21일 14시,화요일,충청남도 당진시 읍내리,중상사고,0,1,0,0,차대차 - 측면충돌,교차로운행방법위반,건조,맑음,교차로 - 교차로안,승용,남,24세,상해없음,이륜,남,53세,중상
2016062100100357,2016년 6월 21일 15시,화요일,충청남도 아산시 음봉면,경상사고,0,0,2,0,차대차 - 기타,안전운전불이행,건조,맑음,교차로 - 교차로부근,화물,남,23세,경상,화물,남,26세,경상
2016062100100358,2016년 6월 21일 15시,화요일,충청남도 공주시 웅진동,중상사고,0,2,0,0,차대차 - 기타,안전운전불이행,건조,맑음,단일로 - 기타,승용,여,35세,기타불명,승용,여,54세,중상
2016062100100392,2016년 6월 21일 16시,화요일,충청남도 서산시 잠홍동,경상사고,0,0,1,0,차대차 - 기타,안전운전불이행,건조,맑음,단일로 - 기타,승용,남,77세,상해없음,승용,여,36세,경상
2016062100100393,2016년 6월 21일 16시,화요일,충청남도 보령시 남곡동,중상사고,0,1,0,0,차대차 - 측면직각충돌,중앙선침범,건조,맑음,단일로 - 기타,승용,남,47세,상해없음,승용,남,59세,중상
2016062100100395,2016년 6월 21일 16시,화요일,충청남도 당진시 합덕읍,경상사고,0,0,1,0,차대차 - 측면충돌,안전운전불이행,건조,맑음,단일로 - 기타,승용,남,50세,상해없음,승용,여,57세,경상
2016062100100396,2016년 6월 21일 16시,화요일,충청남도 천안시 동남구 청당동,경상사고,0,0,2,0,차대차 - 측면충돌,직진우회전진행방해,건조,맑음,교차로 - 교차로안,승용,여,56세,상해없음,승용,여,43세,경상
2016062100100430,2016년 6월 21일 17시,화요일,충청남도 천안시 서북구 성환읍,사망사고,1,0,0,0,차량단독 - 기타,안전운전불이행,건조,맑음,단일로 - 기타,농기계,남,64세,사망,,,,
2016062100100431,2016년 6월 21일 17시,화요일,충청남도 홍성군 홍북면,경상사고,0,0,1,0,차대차 - 측면충돌,교차로운행방법위반,건조,맑음,교차로 - 교차로안,승용,남,47세,상해없음,승용,남,35세,경상
2016062100100432,2016년 6월 21일 17시,화요일,충청남도 아산시 모종동,중상사고,0,1,0,0,차대사람 - 길가장자리구역통행중,안전운전불이행,건조,맑음,단일로 - 기타,승용,남,52세,상해없음,보행자,남,71세,중상
2016062100100433,2016년 6월 21일 17시,화요일,충청남도 서천군 비인면,경상사고,0,0,1,0,차대차 - 정면충돌,안전운전불이행,건조,맑음,단일로 - 기타,승용,여,64세,상해없음,화물,남,45세,경상
2016062100100478,2016년 6월 21일 18시,화요일,충청남도 공주시 반포면,부상신고사고,0,0,0,1,차량단독 - 공작물충돌,안전운전불이행,건조,맑음,단일로 - 기타,이륜,남,31세,부상신고,,,,
2016062100100479,2016년 6월 21일 18시,화요일,충청남도 천안시 동남구 원성동,중상사고,0,1,0,0,차대사람 - 횡단중,안전운전불이행,건조,맑음,교차로 - 교차로부근,승용,여,49세,상해없음,보행자,남,74세,중상
2016062100100510,2016년 6월 21일 19시,화요일,충청남도 금산군 금산읍,경상사고,0,0,1,0,차대차 - 측면충돌,안전운전불이행,건조,맑음,단일로 - 기타,농기계,남,62세,상해없음,승용,남,71세,경상
2016062100100549,2016년 6월 21일 20시,화요일,충청남도 보령시 명천동,중상사고,0,2,0,0,차대차 - 정면충돌,신호위반,건조,맑음,교차로 - 교차로안,승용,남,23세,상해없음,승용,남,40세,중상
2016062100100581,2016년 6월 21일 21시,화요일,충청남도 홍성군 홍성읍,경상사고,0,0,2,0,차대차 - 측면충돌,중앙선침범,건조,맑음,교차로 - 교차로부근,이륜,남,54세,경상,이륜,남,53세,경상
2016062100100628,2016년 6월 21일 23시,화요일,충청남도 서천군 서면,경상사고,0,0,1,0,차대사람 - 길가장자리구역통행중,안전운전불이행,건조,맑음,단일로 - 기타,승용,남,38세,상해없음,보행자,남,25세,경상