사고번호,사고일시,요일,시군구,사고내용,사망자수,중상자수,경상자수,부상신고자수,사고유형,법규위반,노면상태,기상상태,도로형태,가해운전자 차종,가해운전자 성별,가해운전자 연령,가해운전자 상해정도,피해운전자 차종,피해운전자 성별,피해운전자 연령,피해운전자 상해정도
2016062200100073,2016년 6월 22일 07시,수요일,충청남도 천안시 서북구 신당동,부상신고사고,0,0,0,1,차대차 - 추돌,안전운전불이행,건조,맑음,단일로 - 기타,자전거,남,15세,부상신고,승용,남,47세,기타불명
2016062200100074,2016년 6월 22일 07시,수요일,충청남도 논산시 취암동,경상사고,0,0,1,0,차대차 - 측면충돌,안전운전불이행,건조,맑음,단일로 - 기타,승용,남,58세,상해없음,자전거,남,12세,경상
2016062200100075,2016년 6월 22일 07시,수요일,충청남도 당진시 정미면,경상사고,0,0,2,0,차대차 - 측면충돌,교차로운행방법위반,건조,맑음,교차로 - 교차로안,승용,남,68세,경상,승용,남,42세,경상
2016062200100111,2016년 6월 22일 08시,수요일,충청남도 서산시 해미면,중상사고,0,1,0,0,차대차 - 정면충돌,신호위반,건조,맑음,교차로 - 교차로안,승용,남,44세,상해없음,승용,여,42세,중상
2016062200100112,2016년 6월 22일 08시,수요일,충청남도 아산시 신창면,경상사고,0,0,2,0,차대차 - 정면충돌,중앙선침범,건조,맑음,단일로 - 기타,승용,남,46세,상해없음,승용,여,25세,경상
2016062200100113,2016년 6월 22일 08시,수요일,충청남도 아산시 둔포면,경상사고,0,0,3,0,차대차 - 정면충돌,중앙선침범,건조,맑음,단일로 - 기타,승용,남,32세,상해없음,승용,남,28세,경상
2016062200100141,2016년 6월 22일 09시,수요일,충청남도 태안군 태안읍,중상사고,0,1,0,0,차대차 - 측면직각충돌,안전운전불이행,건조,맑음,교차로 - 교차로안,승용,남,27세,상해없음,이륜,남,70세,중상
2016062200100142,2016년 6월 22일 09시,수요일,충청남도 논산시 취암동,경상사고,0,0,1,0,차대차 - 측면직각충돌,안전운전불이행,건조,맑음,단일로 - 기타,화물,남,66세,상해없음,승용,남,73세,경상
2016062200100143,2016년 6월 22일 09시,수요일,충청남도 천안시 동남구 안서동,사망사고,1,0,0,0,차량단독 - 전도전복,안전운전불이행,건조,맑음,단일로 - 기타,이륜,여,74세,사망,,,,
2016062200100245,2016년 6월 22일 13시,수요일,충청남도 청양군 대치면,경상사고,0,0,1,0,차대차 - 측면직각충돌,안전운전불이행,건조,맑음,단일로 - 기타,원동기,남,73세,경상,승용,여,51세,상해없음
2016062200100277,2016년 6월 22일 14시,수요일,충청남도 공주시 반포면,경상사고,0,0,1,0,차대차 - 추돌,안전운전불이행,습기,비,교차로 - 교차로부근,승용,남,28세,상해없음,승용,남,74세,경상
2016062200100278,2016년 6월 22일 14시,수요일,충청남도 천안시 동남구 원성동,중상사고,0,1,1,0,차대차 - 정면충돌,안전운전불이행,건조,맑음,단일로 - 기타,이륜,여,50세,경상,승용,여,66세,상해없음
2016062200100360,2016년 6월 22일 16시,수요일,충청남도 천안시 서북구 두정동,중상사고,0,1,0,0,차대사람 - 기타,안전운전불이행,건조,맑음,단일로 - 기타,승용,여,47세,상해없음,보행자,남,8세,중상
2016062200100361,2016년 6월 22일 16시,수요일,충청남도 보령시 신흑동,경상사고,0,0,1,0,차대차 - 측면직각충돌,신호위반,건조,맑음,교차로 - 교차로안,승용,남,40세,상해없음,화물,남,18세,경상
2016062200100400,2016년 6월 22일 17시,수요일,충청남도 당진시 읍내리,경상사고,0,0,1,0,차대사람 - 횡단중,안전운전불이행,건조,맑음,단일로 - 기타,승용,여,40세,상해없음,보행자,여,56세,경상
2016062200100401,2016년 6월 22일 17시,수요일,충청남도 천안시 동남구 신부동,경상사고,0,0,1,0,차대차 - 추돌,안전운전불이행,건조,맑음,단일로 - 기타,승용,여,29세,상해없음,이륜,남,40세,경상
2016062200100474,2016년 6월 22일 19시,수요일,충청남도 당진시 읍내리,경상사고,0,0,1,0,차대차 - 측면충돌,교차로운행방법위반,건조,맑음,교차로 - 교차로안,자전거,남,17세,상해없음,승용,남,34세,경상
2016062200100533,2016년 6월 22일 21시,수요일,충청남도 아산시 배방읍,경상사고,0,0,1,0,차대사람 - 횡단중,보행자보호의무위반,건조,흐림,단일로 - 기타,승용,남,76세,상해없음,보행자,남,61세,경상
2016062200100554,2016년 6월 22일 22시,수요일,충청남도 천안시 동남구 안서동,경상사고,0,0,1,0,차대차 - 정면충돌,안전거리미확보,건조,맑음,단일로 - 기타,승용,여,45세,상해없음,승용,남,51세,경상
2016062300100022,2016년 6월 23일 01시,목요일,충청남도 공주시 금학동,중상사고,0,1,0,0,차대사람 - 기타,안전운전불이행,건조,맑음,단일로 - 기타,기타불명,기타불명,기타불명,기타불명,보행자,여,18세,중상
2016062300100023,2016년 6월 23일 01시,목요일,충청남도 천안시 동남구 목천읍,경상사고,0,0,1,0,차대차 - 추돌,안전운전불이행,건조,맑음,단일로 - 기타,승용,남,28세,상해없음,승용,남,32세,경상
2016062300100045,2016년 6월 23일 03시,목요일,충청남도 아산시 모종동,경상사고,0,0,1,0,차량단독 - 전도전복,안전운전불이행,건조,맑음,단일로 - 기타,원동기,남,21세,경상,,,,
2016062300100164,2016년 6월 23일 09시,목요일,충청남도 서산시 고북면,중상사고,0,2,0,0,차대차 - 정면충돌,안전운전불이행,건조,맑음,단일로 - 기타,기타불명,기타불명,기타불명,기타불명,이륜,남,81세,중상
2016062300100165,2016년 6월 23일 09시,목요일,충청남도 서천군 서천읍,경상사고,0,0,1,0,차대차 - 측면직각충돌,직진우회전진행방해,건조,맑음,교차로 - 교차로안,승용,남,54세,상해없음,승용,남,68세,경상
2016062300100239,2016년 6월 23일 12시,목요일,충청남도 서천군 서면,경상사고,0,0,2,0,차대차 - 측면직각충돌,안전운전불이행,건조,맑음,교차로 - 교차로안,승용,여,27세,상해없음,승용,남,33세,경상
2016062300100271,2016년 6월 23일 13시,목요일,충청남도 천안시 서북구 두정동,경상사고,0,0,1,0,차대차 - 기타,안전운전불이행,건조,맑음,기타 - 기타,승용,남,42세,상해없음,승용,남,51세,경상
2016062300100272,2016년 6월 23일 13시,목요일,충청남도 홍성군 홍북면,경상사고,0,0,2,0,차대차 - 측면충돌,신호위반,건조,맑음,교차로 - 교차로안,승용,남,33세,상해없음,승용,여,38세,경상
2016062300100292,2016년 6월 23일 14시,목요일,충청남도 부여군 초촌면,사망사고,1,0,0,0,차량단독 - 전도전복,안전운전불이행,건조,맑음,단일로 - 기타,특수,남,42세,사망,,,,
2016062300100293,2016년 6월 23일 14시,목요일,충청남도 천안시 동남구 신부동,경상사고,0,0,1,0,차대차 - 추돌,안전거리미확보,건조,맑음,단일로 - 기타,승용,여,23세,상해없음,화물,남,55세,경상
2016062300100327,2016년 6월 23일 15시,목요일,충청남도 아산시 음봉면,사망사고,1,0,0,0,차대차 - 기타,안전운전불이행,건조,맑음,단일로 - 기타,승용,여,36세,상해없음,원동기,남,79세,사망
2016062300100358,2016년 6월 23일 16시,목요일,충청남도 논산시 대교동,경상사고,0,0,2,0,차대차 - 측면직각충돌,교차로운행방법위반,건조,맑음,교차로 - 교차로안,승용,남,53세,기타불명,승용,여,51세,경상
2016062300100396,2016년 6월 23일 17시,목요일,충청남도 천안시 서북구 쌍용동,경상사고,0,0,1,0,차대차 - 측면직각충돌,안전거리미확보,건조,맑음,단일로 - 기타,건설기계,남,40세,상해없음,승용,남,63세,경상
2016062300100397,2016년 6월 23일 17시,목요일,충청남도 아산시 모종동,중상사고,0,1,0,0,차대차 - 측면충돌,안전운전불이행,건조,맑음,교차로 - 교차로부근,승용,남,36세,상해없음,승용,남,63세,중상
2016062300100398,2016년 6월 23일 17시,목요일,충청남도 아산시 탕정면,경상사고,0,0,1,0,차대차 - 기타,안전운전불이행,건조,맑음,교차로 - 교차로부근,자전거,남,10세,경상,화물,남,40세,상해없음
2016062300100436,2016년 6월 23일 18시,목요일,충청남도 서산시 지곡면,중상사고,0,1,1,0,차대차 - 정면충돌,안전운전불이행,건조,맑음,단일로 - 기타,화물,남,59세,경상,승용,남,58세,중상
2016062300100469,2016년 6월 23일 19시,목요일,충청남도 논산시 내동,경상사고,0,0,2,0,차대차 - 정면충돌,중앙선침범,건조,맑음,단일로 - 기타,원동기,남,18세,상해없음,승용,남,36세,상해없음
2016062300100489,2016년 6월 23일 20시,목요일,충청남도 아산시 모종동,중상사고,0,1,0,0,차대차 - 측면직각충돌,안전운전불이행,건조,맑음,단일로 - 기타,승용,남,65세,상해없음,승용,남,47세,상해없음
2016062300100553,2016년 6월 23일 22시,목요일,충청남도 천안시 동남구 대흥동,경상사고,0,0,2,0,차대사람 - 횡단중,안전운전불이행,건조,맑음,교차로 - 교차로부근,승용,여,40세,상해없음,보행자,남,17세,경상
2016062300100588,2016년 6월 23일 23시,목요일,충청남도 공주시 정안면,중상사고,0,2,0,0,차대차 - 측면직각충돌,직진우회전진행방해,건조,맑음,교차로 - 교차로안,승용,남,47세,상해없음,승용,여,56세,중상
2016062400100014,2016년 6월 24일 00시,금요일,충청남도 천안시 서북구 성거읍,중상사고,0,1,0,0,차대차 - 추돌,안전운전불이행,습기,비,교차로 - 교차로부근,승용,남,45세,상해없음,승합,여,51세,중상
2016062400100015,2016년 6월 24일 00시,금요일,충청남도 보령시 신흑동,경상사고,0,0,1,0,차대차 - 기타,차로위반,습기,비,교차로 - 교차로안,승용,남,22세,경상,승용,남,25세,상해없음
2016062400100055,2016년 6월 24일 03시,금요일,충청남도 청양군 청양읍,경상사고,0,0,1,0,차량단독 - 전도전복,안전운전불이행,습기,비,교차로 - 교차로부근,승용,남,67세,경상,,,,
2016062400100087,2016년 6월 24일 06시,금요일,충청남도 아산시 탕정면,경상사고,0,0,1,0,차대차 - 측면직각충돌,안전운전불이행,건조,맑음,교차로 - 교차로안,승용,여,29세,경상,승합,기타불명,기타불명,기타불명
2016062400100150,2016년 6월 24일 08시,금요일,충청남도 청양군 청양읍,경상사고,0,0,3,0,차대차 - 정면충돌,중앙선침범,습기,비,단일로 - 기타,승용,여,39세,상해없음,승용,남,50세,경상
2016062400100151,2016년 6월 24일 08시,금요일,충청남도 천안시 동남구 신방동,부상신고사고,0,0,0,1,차대차 - 정면충돌,안전운전불이행,건조,맑음,기타 - 기타,화물,남,44세,상해없음,승용,여,28세,부상신고
2016062400100204,2016년 6월 24일 09시,금요일,충청남도 태안군 태안읍,중상사고,0,1,1,0,차대차 - 측면직각충돌,신호위반,건조,맑음,교차로 - 교차로안,화물,남,43세,상해없음,화물,남,66세,경상
2016062400100233,2016년 6월 24일 10시,금요일,충청남도 아산시 신창면,중상사고,0,2,1,0,차대차 - 정면충돌,중앙선침범,습기,비,단일로 - 기타,승용,남,20세,중상,화물,남,48세,경상
2016062400100289,2016년 6월 24일 12시,금요일,충청남도 금산군 금산읍,경상사고,0,0,1,0,차대차 - 측면직각충돌,교차로운행방법위반,습기,비,교차로 - 교차로안,승용,여,27세,상해없음,승용,남,46세,경상
2016062400100325,2016년 6월 24일 13시,금요일,충청남도 천안시 동남구 목천읍,경상사고,0,0,1,0,차대차 - 정면충돌,안전운전불이행,건조,맑음,교차로 - 교차로안,승용,남,64세,상해없음,승용,남,50세,상해없음
2016062400100379,2016년 6월 24일 15시,금요일,충청남도 서산시 동문동,경상사고,0,0,1,0,차대사람 - 길가장자리구역통행중,안전운전불이행,건조,맑음,단일로 - 기타,승용,남,61세,상해없음,보행자,남,64세,경상
2016062400100380,2016년 6월 24일 15시,금요일,충청남도 당진시 읍내리,경상사고,0,0,1,0,차대차 - 측면충돌,안전운전불이행,건조,맑음,단일로 - 기타,승용,남,29세,기타불명,승용,남,50세,경상
2016062400100408,2016년 6월 24일 16시,금요일,충청남도 금산군 금산읍,사망사고,1,0,0,0,차대사람 - 횡단중,보행자보호의무위반,건조,흐림,교차로 - 교차로안,승용,남,32세,상해없음,보행자,여,79세,사망
2016062400100454,2016년 6월 24일 17시,금요일,충청남도 보령시 주교면,중상사고,0,1,0,0,차대사람 - 횡단중,보행자보호의무위반,건조,맑음,단일로 - 기타,승용,여,36세,상해없음,보행자,여,32세,중상
2016062400100522,2016년 6월 24일 19시,금요일,충청남도 홍성군 홍성읍,경상사고,0,0,1,0,차대차 - 측면충돌,교차로운행방법위반,건조,맑음,교차로 - 교차로안,승용,남,70세,상해없음,이륜,남,29세,경상
2016062400100523,2016년 6월 24일 19시,금요일,충청남도 금산군 금산읍,경상사고,0,0,1,0,차대차 - 기타,안전운전불이행,건조,맑음,단일로 - 기타,승합,남,59세,상해없음,자전거,남,6세,경상
2016062400100524,2016년 6월 24일 19시,금요일,충청남도 천안시 동남구 원성동,경상사고,0,0,1,0,차대차 - 측면충돌,신호위반,건조,맑음,교차로 - 교차로안,원동기,여,72세,경상,승용,남,47세,상해없음
2016062400100551,2016년 6월 24일 20시,금요일,충청남도 논산시 성동면,중상사고,0,1,0,0,차대차 - 측면충돌,중앙선침범,건조,맑음,단일로 - 기타,기타불명,기타불명,기타불명,기타불명,자전거,남,25세,중상
2016062400100552,2016년 6월 24일 20시,금요일,충청남도 아산시 방축동,경상사고,0,0,1,0,차대차 - 측면충돌,안전운전불이행,건조,흐림,교차로 - 교차로안,승용,남,31세,상해없음,화물,남,25세,경상
2016062400100553,2016년 6월 24일 20시,금요일,충청남도 당진시 읍내리,중상사고,0,1,0,0,차대사람 - 횡단중,안전운전불이행,건조,맑음,단일로 - 기타,승용,남,24세,상해없음,보행자,남,9세,중상
2016062400100584,2016년 6월 24일 21시,금요일,충청남도 홍성군 홍성읍,경상사고,0,0,1,0,차대사람 - 기타,안전운전불이행,건조,맑음,단일로 - 기타,승용,여,54세,상해없음,보행자,남,45세,경상
2016062400100586,2016년 6월 24일 21시,금요일,충청남도 천안시 동남구 청당동,중상사고,0,1,0,0,차대차 - 정면충돌,신호위반,건조,맑음,교차로 - 교차로안,원동기,남,29세,중상,승용,남,47세,상해없음
2016062400100612,2016년 6월 24일 22시,금요일,충청남도 서산시 수석동,중상사고,0,1,1,0,차대차 - 추돌,안전운전불이행,건조,맑음,단일로 - 기타,원동기,남,20세,경상,승합,남,70세,기타불명
2016062400100613,2016년 6월 24일 22시,금요일,충청남도 홍성군 홍성읍,중상사고,0,1,0,0,차대차 - 측면충돌,안전운전불이행,건조,맑음,단일로 - 기타,승용,남,64세,상해없음,자전거,남,49세,중상
2016062400100614,2016년 6월 24일 22시,금요일,충청남도 아산시 용화동,부상신고사고,0,0,0,1,차대차 - 추돌,안전운전불이행,건조,맑음,교차로 - 교차로부근,이륜,남,45세,부상신고,승용,남,48세,상해없음
2016062400100615,2016년 6월 24일 22시,금요일,충청남도 당진시 읍내리,중상사고,0,1,0,0,차대차 - 추돌,안전운전불이행,건조,맑음,교차로 - 교차로부근,승용,남,46세,상해없음,승용,남,32세,중상
2016062400100638,2016년 6월 24일 23시,금요일,충청남도 서산시 동문동,경상사고,0,0,1,0,차대사람 - 횡단중,안전운전불이행,건조,맑음,단일로 - 기타,원동기,남,17세,상해없음,보행자,여,57세,경상
2016062400100639,2016년 6월 24일 23시,금요일,충청남도 천안시 서북구 두정동,부상신고사고,0,0,0,1,차대차 - 추돌,안전운전불이행,건조,맑음,단일로 - 기타,자전거,남,15세,부상신고,승용,남,57세,상해없음
2016062400100640,2016년 6월 24일 23시,금요일,충청남도 천안시 서북구 두정동,경상사고,0,0,2,0,차대차 - 추돌,안전운전불이행,건조,맑음,단일로 - 기타,승용,남,29세,경상,승용,남,36세,경상
2016062500100012,2016년 6월 25일 00시,토요일,충청남도 천안시 동남구 봉명동,부상신고사고,0,0,0,1,차대차 - 측면충돌,안전운전불이행,건조,맑음,교차로 - 교차로안,이륜,남,18세,부상신고,승용,남,35세,상해없음
2016062500100054,2016년 6월 25일 02시,토요일,충청남도 천안시 서북구 성정동,경상사고,0,0,3,0,차대차 - 측면직각충돌,신호위반,건조,맑음,교차로 - 교차로안,승용,남,33세,상해없음,승용,남,48세,경상
2016062500100114,2016년 6월 25일 06시,토요일,충청남도 천안시 서북구 직산읍,경상사고,0,0,1,0,차대차 - 측면충돌,안전운전불이행,건조,맑음,단일로 - 기타,승용,남,31세,상해없음,승용,여,47세,경상
2016062500100130,2016년 6월 25일 07시,토요일,충청남도 아산시 둔포면,중상사고,0,1,0,0,차대차 - 측면충돌,안전운전불이행,건조,맑음,단일로 - 기타,승용,여,57세,상해없음,원동기,남,27세,중상
2016062500100151,2016년 6월 25일 08시,토요일,충청남도 부여군 구룡면,중상사고,0,1,0,0,차대차 - 측면직각충돌,안전운전불이행,건조,맑음,단일로 - 기타,승용,여,33세,상해없음,이륜,남,88세,중상
2016062500100179,2016년 6월 25일 09시,토요일,충청남도 천안시 동남구 구성동,경상사고,0,0,1,0,차대사람 - 길가장자리구역통행중,안전운전불이행,건조,맑음,단일로 - 기타,승용,여,34세,상해없음,보행자,여,11세,경상
2016062500100213,2016년 6월 25일 10시,토요일,충청남도 태안군 태안읍,경상사고,0,0,1,0,차량단독 - 전도전복,안전운전불이행,건조,흐림,단일로 - 기타,이륜,남,52세,경상,,,,
2016062500100214,2016년 6월 25일 10시,토요일,충청남도 아산시 장존동,중상사고,0,1,2,0,차대차 - 측면직각충돌,신호위반,건조,맑음,교차로 - 교차로안,승용,여,60세,상해없음,승용,남,32세,경상
2016062500100215,2016년 6월 25일 10시,토요일,충청남도 보령시 청라면,경상사고,0,0,1,0,차대차 - 추돌,안전운전불이행,건조,맑음,단일로 - 기타,승용,남,66세,상해없음,승용,남,45세,경상
2016062500100216,2016년 6월 25일 10시,토요일,충청남도 공주시 중동,경상사고,0,0,1,0,차대차 - 측면직각충돌,신호위반,건조,맑음,교차로 - 교차로안,자전거,남,10세,경상,승용,여,35세,상해없음
2016062500100217,2016년 6월 25일 10시,토요일,충청남도 금산군 금산읍,중상사고,0,1,2,0,차대차 - 측면충돌,교차로운행방법위반,건조,맑음,교차로 - 교차로안,화물,남,67세,상해없음,승용,여,33세,중상
2016062500100218,2016년 6월 25일 10시,토요일,충청남도 논산시 광석면,경상사고,0,0,2,0,차대차 - 기타,안전운전불이행,건조,맑음,단일로 - 기타,승용,남,28세,상해없음,승용,남,44세,경상
2016062500100281,2016년 6월 25일 12시,토요일,충청남도 아산시 음봉면,경상사고,0,0,1,0,차량단독 - 전도전복,안전운전불이행,건조,맑음,단일로 - 기타,승용,여,64세,상해없음,,,,
2016062500100360,2016년 6월 25일 14시,토요일,충청남도 아산시 음봉면,경상사고,0,0,2,0,차대차 - 측면충돌,안전운전불이행,건조,맑음,단일로 - 기타,승용,남,38세,상해없음,승용,여,54세,경상
2016062500100361,2016년 6월 25일 14시,토요일,충청남도 부여군 내산면,경상사고,0,0,1,0,차대차 - 측면직각충돌,중앙선침범,건조,맑음,단일로 - 기타,승용,남,34세,상해없음,승용,남,35세,경상
2016062500100411,2016년 6월 25일 15시,토요일,충청남도 공주시 정안면,경상사고,0,0,1,0,차대사람 - 기타,안전운전불이행,건조,맑음,단일로 - 기타,승용,남,26세,상해없음,보행자,여,58세,경상
2016062500100446,2016년 6월 25일 16시,토요일,충청남도 서산시 해미면,중상사고,0,1,2,0,차대차 - 측면충돌,교차로운행방법위반,건조,맑음,교차로 - 교차로안,화물,남,66세,상해없음,화물,남,55세,경상
2016062500100447,2016년 6월 25일 16시,토요일,충청남도 태안군 근흥면,중상사고,0,1,0,0,차대차 - 측면충돌,안전운전불이행,건조,맑음,교차로 - 교차로안,승용,남,65세,상해없음,이륜,남,62세,중상
2016062500100448,2016년 6월 25일 16시,토요일,충청남도 서천군 장항읍,중상사고,0,3,0,0,차대차 - 측면직각충돌,직진우회전진행방해,건조,맑음,교차로 - 교차로안,승용,여,46세,중상,승용,여,62세,중상
2016062500100532,2016년 6월 25일 18시,토요일,충청남도 천안시 동남구 북면,경상사고,0,0,2,0,차대차 - 추돌,안전운전불이행,건조,맑음,교차로 - 교차로부근,승용,남,52세,상해없음,승용,남,30세,경상
2016062500100569,2016년 6월 25일 19시,토요일,충청남도 천안시 서북구 쌍용동,중상사고,0,1,0,0,차대차 - 기타,안전운전불이행,건조,맑음,단일로 - 기타,승용,남,45세,상해없음,원동기,남,49세,중상
2016062500100570,2016년 6월 25일 19시,토요일,충청남도 천안시 서북구 성정동,경상사고,0,0,1,0,차대사람 - 횡단중,보행자보호의무위반,건조,맑음,단일로 - 횡단보도상,자전거,남,12세,상해없음,보행자,여,50세,경상
2016062500100596,2016년 6월 25일 20시,토요일,충청남도 공주시 우성면,사망사고,1,0,0,0,차대사람 - 기타,안전운전불이행,건조,맑음,단일로 - 기타,화물,남,34세,상해없음,보행자,남,74세,사망
2016062500100629,2016년 6월 25일 21시,토요일,충청남도 천안시 동남구 목천읍,경상사고,0,0,2,0,차대차 - 추돌,안전운전불이행,건조,맑음,교차로 - 교차로부근,화물,남,41세,상해없음,승용,여,46세,경상
2016062500100651,2016년 6월 25일 22시,토요일,충청남도 공주시 유구읍,중상사고,0,1,0,0,차대차 - 추돌,안전운전불이행,건조,흐림,단일로 - 기타,승용,남,40세,상해없음,농기계,남,58세,중상
2016062500100652,2016년 6월 25일 22시,토요일,충청남도 당진시 읍내리,경상사고,0,0,1,0,차대사람 - 기타,안전운전불이행,건조,맑음,교차로 - 교차로부근,승용,남,27세,상해없음,보행자,남,35세,경상
2016062500100677,2016년 6월 25일 23시,토요일,충청남도 보령시 신흑동,경상사고,0,0,2,0,차대차 - 추돌,안전운전불이행,건조,맑음,단일로 - 기타,승용,남,30세,상해없음,승용,남,53세,경상
2016062600100011,2016년 6월 26일 00시,일요일,충청남도 당진시 우강면,경상사고,0,0,1,0,차량단독 - 기타,안전운전불이행,습기,맑음,단일로 - 기타,화물,남,36세,경상,,,,
2016062600100060,2016년 6월 26일 04시,일요일,충청남도 서산시 석남동,중상사고,0,3,0,0,차대차 - 정면충돌,교차로운행방법위반,건조,맑음,교차로 - 교차로안,승용,남,65세,중상,승용,남,27세,중상
2016062600100098,2016년 6월 26일 07시,일요일,충청남도 천안시 서북구 성환읍,경상사고,0,0,2,0,차대차 - 측면충돌,안전운전불이행,건조,맑음,교차로 - 교차로안,화물,남,69세,상해없음,화물,남,55세,경상
2016062600100099,2016년 6월 26일 07시,일요일,충청남도 천안시 동남구 사직동,부상신고사고,0,0,0,1,차량단독 - 공작물충돌,안전운전불이행,건조,맑음,교차로 - 교차로부근,승용,남,28세,부상신고,,,,
2016062600100138,2016년 6월 26일 09시,일요일,충청남도 공주시 신관동,중상사고,0,1,0,0,차대차 - 추돌,안전운전불이행,건조,맑음,교차로 - 교차로부근,승용,여,32세,상해없음,승용,여,54세,중상
2016062600100175,2016년 6월 26일 11시,일요일,충청남도 태안군 태안읍,경상사고,0,0,1,0,차대사람 - 기타,안전운전불이행,건조,맑음,기타 - 기타,승용,여,35세,상해없음,보행자,여,56세,경상
2016062600100176,2016년 6월 26일 11시,일요일,충청남도 천안시 서북구 백석동,경상사고,0,0,2,0,차대차 - 추돌,안전운전불이행,건조,맑음,단일로 - 기타,승용,여,53세,상해없음,승용,여,24세,경상
2016062600100199,2016년 6월 26일 12시,일요일,충청남도 천안시 서북구 입장면,중상사고,0,1,0,0,차량단독 - 전도전복,안전운전불이행,건조,맑음,단일로 - 기타,이륜,남,30세,중상,,,,
2016062600100231,2016년 6월 26일 13시,일요일,충청남도 홍성군 홍성읍,경상사고,0,0,1,0,차대차 - 측면충돌,신호위반,건조,맑음,단일로 - 기타,자전거,남,10세,경상,승용,여,46세,상해없음
2016062600100232,2016년 6월 26일 13시,일요일,충청남도 아산시 배방읍,경상사고,0,0,1,0,차대사람 - 횡단중,안전운전불이행,건조,맑음,단일로 - 기타,승용,남,28세,상해없음,보행자,여,5세,경상
2016062600100233,2016년 6월 26일 13시,일요일,충청남도 천안시 동남구 신방동,경상사고,0,0,1,0,차대사람 - 차도통행중,안전운전불이행,건조,맑음,교차로 - 교차로안,승용,남,36세,상해없음,보행자,여,76세,경상
2016062600100300,2016년 6월 26일 15시,일요일,충청남도 금산군 추부면,중상사고,0,1,0,0,차대차 - 추돌,안전운전불이행,건조,맑음,교차로 - 교차로안,이륜,남,48세,중상,화물,남,56세,상해없음
2016062600100323,2016년 6월 26일 16시,일요일,충청남도 천안시 서북구 성환읍,경상사고,0,0,1,0,차대차 - 기타,신호위반,건조,맑음,교차로 - 교차로부근,기타불명,기타불명,기타불명,기타불명,승용,남,31세,경상
2016062600100341,2016년 6월 26일 17시,일요일,충청남도 보령시 요암동,경상사고,0,0,1,0,차대차 - 정면충돌,불법유턴,건조,맑음,단일로 - 기타,자전거,남,70세,경상,승용,남,23세,상해없음
2016062600100342,2016년 6월 26일 17시,일요일,충청남도 공주시 신관동,중상사고,0,1,0,0,차대차 - 측면충돌,안전운전불이행,건조,맑음,교차로 - 교차로안,승용,남,29세,상해없음,이륜,남,68세,중상
2016062600100368,2016년 6월 26일 18시,일요일,충청남도 공주시 중동,경상사고,0,0,1,0,차대차 - 측면직각충돌,차로위반,건조,맑음,단일로 - 기타,승합,남,56세,상해없음,승용,남,26세,경상
2016062600100399,2016년 6월 26일 19시,일요일,충청남도 공주시 신관동,중상사고,0,1,0,0,차대차 - 측면직각충돌,안전운전불이행,건조,맑음,교차로 - 교차로안,승용,남,28세,상해없음,자전거,여,77세,중상
2016062600100448,2016년 6월 26일 21시,일요일,충청남도 당진시 읍내리,중상사고,0,3,1,0,차대차 - 측면충돌,과속,건조,맑음,단일로 - 기타,승용,남,21세,상해없음,승용,남,75세,중상
2016062700100007,2016년 6월 27일 00시,월요일,충청남도 아산시 둔포면,사망사고,1,0,0,0,차량단독 - 전도전복,안전운전불이행,건조,맑음,기타 - 기타,승용,남,26세,사망,,,,
2016062700100017,2016년 6월 27일 01시,월요일,충청남도 아산시 득산동,경상사고,0,0,2,0,차대사람 - 기타,안전운전불이행,건조,맑음,단일로 - 기타,승용,남,24세,상해없음,보행자,남,45세,경상
2016062700100066,2016년 6월 27일 07시,월요일,충청남도 천안시 서북구 차암동,중상사고,0,1,0,0,차대사람 - 횡단중,보행자보호의무위반,건조,맑음,단일로 - 횡단보도상,승용,여,25세,상해없음,보행자,남,54세,중상
2016062700100067,2016년 6월 27일 07시,월요일,충청남도 천안시 동남구 원성동,경상사고,0,0,1,0,차대차 - 정면충돌,안전운전불이행,건조,맑음,단일로 - 기타,승용,여,18세,상해없음,자전거,남,13세,경상
2016062700100099,2016년 6월 27일 08시,월요일,충청남도 서산시 석림동,경상사고,0,0,2,0,차대차 - 측면직각충돌,차로위반,건조,맑음,단일로 - 기타,건설기계,남,61세,상해없음,화물,남,42세,경상
2016062700100100,2016년 6월 27일 08시,월요일,충청남도 천안시 서북구 직산읍,경상사고,0,0,1,0,차대차 - 기타,안전운전불이행,건조,맑음,교차로 - 교차로안,화물,남,60세,상해없음,승용,여,48세,경상
2016062700100101,2016년 6월 27일 08시,월요일,충청남도 예산군 오가면,경상사고,0,0,2,0,차대차 - 측면직각충돌,신호위반,건조,맑음,교차로 - 교차로안,승용,여,46세,상해없음,화물,남,56세,경상
2016062700100102,2016년 6월 27일 08시,월요일,충청남도 당진시 채운동,경상사고,0,0,1,0,차대차 - 추돌,안전운전불이행,건조,맑음,교차로 - 교차로부근,화물,남,70세,상해없음,이륜,남,22세,경상
2016062700100230,2016년 6월 27일 12시,월요일,충청남도 아산시 온천동,경상사고,0,0,1,0,차대사람 - 기타,안전운전불이행,건조,맑음,단일로 - 기타,화물,남,59세,상해없음,보행자,여,57세,경상