사고번호,사고일시,요일,시군구,사고내용,사망자수,중상자수,경상자수,부상신고자수,사고유형,법규위반,노면상태,기상상태,도로형태,가해운전자 차종,가해운전자 성별,가해운전자 연령,가해운전자 상해정도,피해운전자 차종,피해운전자 성별,피해운전자 연령,피해운전자 상해정도
2016062700100231,2016년 6월 27일 12시,월요일,충청남도 공주시 정안면,경상사고,0,0,1,0,차대차 - 측면직각충돌,안전운전불이행,건조,맑음,단일로 - 기타,승용,여,36세,상해없음,화물,남,45세,경상
2016062700100232,2016년 6월 27일 12시,월요일,충청남도 당진시 송악읍,경상사고,0,0,1,0,차대차 - 측면충돌,신호위반,건조,맑음,교차로 - 교차로안,승용,남,27세,상해없음,승용,남,28세,경상
2016062700100257,2016년 6월 27일 13시,월요일,충청남도 당진시 송산면,중상사고,0,1,0,0,차대차 - 측면충돌,안전운전불이행,건조,맑음,단일로 - 기타,승용,남,37세,상해없음,이륜,남,24세,중상
2016062700100258,2016년 6월 27일 13시,월요일,충청남도 천안시 동남구 봉명동,부상신고사고,0,0,0,1,차대사람 - 기타,안전운전불이행,건조,맑음,단일로 - 기타,승용,기타불명,기타불명,기타불명,보행자,여,36세,부상신고
2016062700100282,2016년 6월 27일 14시,월요일,충청남도 아산시 염치읍,중상사고,0,1,0,0,차대차 - 측면충돌,신호위반,건조,맑음,교차로 - 교차로안,승용,여,60세,상해없음,승용,남,47세,중상
2016062700100325,2016년 6월 27일 15시,월요일,충청남도 서산시 팔봉면,중상사고,0,1,0,0,차대차 - 추돌,안전운전불이행,건조,맑음,단일로 - 기타,화물,남,42세,상해없음,특수,남,35세,중상
2016062700100326,2016년 6월 27일 15시,월요일,충청남도 당진시 채운동,경상사고,0,0,1,0,차대사람 - 길가장자리구역통행중,안전운전불이행,건조,맑음,단일로 - 기타,승용,여,35세,상해없음,보행자,남,12세,경상
2016062700100356,2016년 6월 27일 16시,월요일,충청남도 서천군 기산면,경상사고,0,0,1,0,차대차 - 측면충돌,안전운전불이행,건조,맑음,단일로 - 기타,화물,남,23세,상해없음,이륜,남,79세,경상
2016062700100357,2016년 6월 27일 16시,월요일,충청남도 보령시 동대동,중상사고,0,1,0,0,차대사람 - 횡단중,보행자보호의무위반,건조,맑음,단일로 - 기타,승용,여,55세,상해없음,보행자,여,7세,중상
2016062700100358,2016년 6월 27일 16시,월요일,충청남도 보령시 주포면,경상사고,0,0,2,0,차대차 - 측면직각충돌,안전운전불이행,건조,맑음,단일로 - 기타,특수,남,66세,경상,승용,여,56세,경상
2016062700100400,2016년 6월 27일 17시,월요일,충청남도 천안시 서북구 쌍용동,경상사고,0,0,1,0,차대차 - 기타,안전운전불이행,건조,맑음,단일로 - 기타,승용,남,58세,기타불명,원동기,남,30세,경상
2016062700100401,2016년 6월 27일 17시,월요일,충청남도 금산군 복수면,중상사고,0,1,1,0,차대차 - 정면충돌,중앙선침범,건조,맑음,단일로 - 기타,승용,여,57세,경상,승용,남,62세,중상
2016062700100402,2016년 6월 27일 17시,월요일,충청남도 천안시 동남구 사직동,경상사고,0,0,1,0,차대사람 - 기타,보행자보호의무위반,건조,맑음,단일로 - 기타,승용,여,53세,상해없음,보행자,여,81세,경상
2016062700100441,2016년 6월 27일 18시,월요일,충청남도 천안시 서북구 쌍용동,경상사고,0,0,1,0,차대차 - 기타,안전운전불이행,건조,맑음,단일로 - 기타,승용,남,70세,상해없음,승용,남,38세,경상
2016062700100477,2016년 6월 27일 19시,월요일,충청남도 부여군 남면,중상사고,0,1,0,0,차대차 - 측면직각충돌,교차로운행방법위반,건조,맑음,교차로 - 교차로안,화물,남,49세,상해없음,원동기,여,72세,중상
2016062700100564,2016년 6월 27일 22시,월요일,충청남도 논산시 강산동,중상사고,0,1,0,0,차대차 - 측면직각충돌,직진우회전진행방해,건조,맑음,교차로 - 교차로안,승용,여,24세,상해없음,승용,남,30세,중상
2016062700100565,2016년 6월 27일 22시,월요일,충청남도 천안시 동남구 문화동,경상사고,0,0,1,0,차대차 - 측면충돌,안전운전불이행,건조,맑음,단일로 - 기타,승용,남,42세,상해없음,이륜,남,20세,경상
2016062800100007,2016년 6월 28일 00시,화요일,충청남도 서산시 갈산동,중상사고,0,1,0,0,차량단독 - 전도전복,안전운전불이행,건조,맑음,단일로 - 기타,승용,남,42세,상해없음,,,,
2016062800100008,2016년 6월 28일 00시,화요일,충청남도 보령시 신흑동,중상사고,0,1,0,0,차대차 - 측면직각충돌,직진우회전진행방해,건조,맑음,교차로 - 교차로안,승용,남,19세,상해없음,승용,여,43세,중상
2016062800100026,2016년 6월 28일 02시,화요일,충청남도 아산시 온천동,경상사고,0,0,3,0,차대차 - 측면직각충돌,안전운전불이행,건조,맑음,교차로 - 교차로안,승용,남,18세,경상,승용,남,56세,경상
2016062800100047,2016년 6월 28일 04시,화요일,충청남도 논산시 내동,중상사고,0,1,0,0,차량단독 - 기타,안전운전불이행,건조,맑음,교차로 - 교차로안,화물,남,48세,중상,,,,
2016062800100056,2016년 6월 28일 05시,화요일,충청남도 천안시 서북구 성정동,중상사고,0,1,1,0,차대차 - 측면충돌,안전운전불이행,건조,맑음,단일로 - 기타,승용,남,48세,상해없음,승용,남,26세,경상
2016062800100078,2016년 6월 28일 07시,화요일,충청남도 당진시 송악읍,경상사고,0,0,1,0,차대차 - 측면충돌,교차로운행방법위반,건조,맑음,교차로 - 교차로안,이륜,남,77세,경상,승용,남,62세,상해없음
2016062800100110,2016년 6월 28일 08시,화요일,충청남도 천안시 서북구 성정동,경상사고,0,0,3,0,차대차 - 기타,안전운전불이행,건조,맑음,기타 - 기타,승용,여,41세,경상,승용,남,36세,경상
2016062800100111,2016년 6월 28일 08시,화요일,충청남도 아산시 권곡동,중상사고,0,1,0,0,차대차 - 추돌,안전운전불이행,건조,맑음,단일로 - 기타,승합,남,65세,상해없음,승용,남,45세,중상
2016062800100140,2016년 6월 28일 09시,화요일,충청남도 천안시 서북구 성정동,경상사고,0,0,1,0,차대차 - 추돌,안전운전불이행,건조,맑음,단일로 - 기타,승용,남,30세,상해없음,승용,여,44세,경상
2016062800100141,2016년 6월 28일 09시,화요일,충청남도 공주시 옥룡동,경상사고,0,0,2,0,차대차 - 측면직각충돌,안전운전불이행,건조,맑음,교차로 - 교차로안,승용,여,61세,기타불명,승합,남,49세,경상
2016062800100202,2016년 6월 28일 11시,화요일,충청남도 홍성군 홍성읍,경상사고,0,0,2,0,차대차 - 측면충돌,직진우회전진행방해,건조,맑음,교차로 - 교차로안,승용,남,65세,상해없음,승용,남,52세,경상
2016062800100203,2016년 6월 28일 11시,화요일,충청남도 부여군 세도면,중상사고,0,1,0,0,차대차 - 측면직각충돌,안전운전불이행,건조,맑음,단일로 - 기타,화물,여,60세,상해없음,이륜,남,80세,중상
2016062800100230,2016년 6월 28일 12시,화요일,충청남도 당진시 송악읍,중상사고,0,1,0,0,차대사람 - 횡단중,안전운전불이행,건조,맑음,단일로 - 기타,이륜,남,30세,상해없음,보행자,남,57세,중상
2016062800100232,2016년 6월 28일 12시,화요일,충청남도 당진시 송악읍,경상사고,0,0,1,0,차대차 - 측면직각충돌,안전거리미확보,건조,맑음,단일로 - 기타,화물,남,53세,상해없음,승용,여,54세,경상
2016062800100276,2016년 6월 28일 14시,화요일,충청남도 천안시 서북구 불당동,경상사고,0,0,3,0,차대차 - 기타,신호위반,건조,맑음,교차로 - 교차로안,승용,여,49세,경상,승용,남,46세,경상
2016062800100277,2016년 6월 28일 14시,화요일,충청남도 당진시 송악읍,부상신고사고,0,0,0,1,차대차 - 측면직각충돌,안전운전불이행,건조,맑음,교차로 - 교차로부근,화물,남,57세,상해없음,승용,여,47세,부상신고
2016062800100312,2016년 6월 28일 15시,화요일,충청남도 홍성군 홍성읍,중상사고,0,1,0,0,차대차 - 기타,안전운전불이행,건조,맑음,교차로 - 교차로안,농기계,남,79세,상해없음,이륜,남,67세,중상
2016062800100313,2016년 6월 28일 15시,화요일,충청남도 천안시 동남구 원성동,경상사고,0,0,3,0,차대차 - 측면직각충돌,안전운전불이행,건조,맑음,교차로 - 교차로안,승용,여,49세,기타불명,승용,남,50세,경상
2016062800100340,2016년 6월 28일 16시,화요일,충청남도 서산시 부석면,부상신고사고,0,0,0,1,차량단독 - 공작물충돌,안전운전불이행,건조,맑음,단일로 - 기타,승용,남,69세,부상신고,,,,
2016062800100341,2016년 6월 28일 16시,화요일,충청남도 아산시 인주면,중상사고,0,1,2,0,차대차 - 추돌,안전운전불이행,건조,맑음,단일로 - 기타,화물,남,25세,상해없음,승용,남,48세,경상
2016062800100424,2016년 6월 28일 18시,화요일,충청남도 홍성군 은하면,중상사고,0,1,1,0,차대차 - 측면충돌,안전운전불이행,건조,맑음,교차로 - 교차로안,농기계,남,57세,상해없음,화물,여,45세,기타불명
2016062800100425,2016년 6월 28일 18시,화요일,충청남도 아산시 탕정면,경상사고,0,0,1,0,차대차 - 측면충돌,안전운전불이행,건조,맑음,단일로 - 기타,화물,남,66세,상해없음,승용,남,46세,경상
2016062800100456,2016년 6월 28일 19시,화요일,충청남도 천안시 서북구 부대동,중상사고,0,1,0,0,차대사람 - 기타,안전운전불이행,건조,맑음,기타 - 기타,승용,남,56세,상해없음,보행자,남,63세,중상
2016062800100474,2016년 6월 28일 20시,화요일,충청남도 천안시 동남구 신방동,경상사고,0,0,1,0,차대사람 - 기타,안전운전불이행,건조,맑음,교차로 - 교차로안,승용,남,29세,상해없음,보행자,남,35세,경상
2016062800100522,2016년 6월 28일 21시,화요일,충청남도 아산시 모종동,경상사고,0,0,2,0,차대차 - 추돌,안전운전불이행,건조,맑음,단일로 - 기타,승합,남,44세,상해없음,승용,남,48세,경상
2016062800100578,2016년 6월 28일 23시,화요일,충청남도 천안시 서북구 백석동,경상사고,0,0,1,0,차대차 - 측면직각충돌,신호위반,건조,맑음,교차로 - 교차로안,승용,남,47세,상해없음,승용,남,69세,경상
2016062900100006,2016년 6월 29일 00시,수요일,충청남도 서산시 지곡면,중상사고,0,1,0,0,차대차 - 추돌,안전운전불이행,건조,맑음,단일로 - 기타,승용,남,55세,중상,승용,남,36세,기타불명
2016062900100007,2016년 6월 29일 00시,수요일,충청남도 청양군 정산면,경상사고,0,0,3,0,차대차 - 측면직각충돌,신호위반,건조,맑음,교차로 - 교차로안,승용,여,53세,경상,승용,남,23세,경상
2016062900100045,2016년 6월 29일 04시,수요일,충청남도 서산시 잠홍동,사망사고,1,0,0,0,차대사람 - 횡단중,안전운전불이행,건조,맑음,단일로 - 기타,승용,남,52세,상해없음,보행자,남,49세,사망
2016062900100062,2016년 6월 29일 06시,수요일,충청남도 계룡시 신도안면,경상사고,0,0,1,0,차대차 - 측면충돌,신호위반,건조,맑음,교차로 - 교차로안,승용,남,30세,상해없음,승용,남,35세,경상
2016062900100085,2016년 6월 29일 07시,수요일,충청남도 천안시 서북구 쌍용동,경상사고,0,0,1,0,차대차 - 기타,차로위반,건조,맑음,교차로 - 교차로안,승용,여,28세,기타불명,승합,남,57세,상해없음
2016062900100086,2016년 6월 29일 07시,수요일,충청남도 홍성군 광천읍,중상사고,0,1,0,0,차대차 - 추돌,안전운전불이행,건조,맑음,단일로 - 기타,승용,여,26세,상해없음,이륜,남,77세,중상
2016062900100122,2016년 6월 29일 08시,수요일,충청남도 아산시 온천동,경상사고,0,0,1,0,차대사람 - 횡단중,안전운전불이행,건조,맑음,단일로 - 기타,승용,여,21세,기타불명,보행자,남,15세,경상
2016062900100123,2016년 6월 29일 08시,수요일,충청남도 보령시 남포면,중상사고,0,1,0,0,차대차 - 추돌,안전운전불이행,건조,맑음,단일로 - 기타,승용,여,55세,상해없음,농기계,남,82세,중상
2016062900100195,2016년 6월 29일 10시,수요일,충청남도 부여군 부여읍,중상사고,0,1,0,0,차대차 - 기타,안전운전불이행,건조,맑음,교차로 - 교차로안,화물,여,64세,상해없음,자전거,남,85세,중상
2016062900100196,2016년 6월 29일 10시,수요일,충청남도 청양군 청양읍,경상사고,0,0,1,0,차대사람 - 기타,안전운전불이행,건조,맑음,단일로 - 기타,승용,여,55세,상해없음,보행자,여,48세,경상
2016062900100227,2016년 6월 29일 11시,수요일,충청남도 아산시 음봉면,경상사고,0,0,2,0,차대차 - 정면충돌,중앙선침범,건조,맑음,단일로 - 기타,승용,남,27세,상해없음,승용,여,35세,경상
2016062900100228,2016년 6월 29일 11시,수요일,충청남도 천안시 동남구 안서동,경상사고,0,0,1,0,차대차 - 측면직각충돌,안전운전불이행,건조,맑음,단일로 - 기타,건설기계,남,40세,상해없음,승용,남,32세,경상
2016062900100254,2016년 6월 29일 12시,수요일,충청남도 당진시 면천면,경상사고,0,0,7,0,차대차 - 추돌,안전운전불이행,건조,맑음,단일로 - 기타,화물,남,47세,상해없음,화물,남,42세,경상
2016062900100282,2016년 6월 29일 13시,수요일,충청남도 아산시 탕정면,중상사고,0,1,0,0,차대차 - 기타,중앙선침범,건조,맑음,기타 - 기타,화물,남,62세,상해없음,원동기,남,48세,중상
2016062900100310,2016년 6월 29일 14시,수요일,충청남도 아산시 탕정면,경상사고,0,0,1,0,차대차 - 측면충돌,직진우회전진행방해,건조,맑음,교차로 - 교차로안,승용,남,66세,상해없음,승용,여,37세,경상
2016062900100311,2016년 6월 29일 14시,수요일,충청남도 청양군 남양면,부상신고사고,0,0,0,1,차량단독 - 공작물충돌,안전운전불이행,건조,맑음,단일로 - 기타,화물,남,68세,부상신고,,,,
2016062900100348,2016년 6월 29일 15시,수요일,충청남도 논산시 부적면,경상사고,0,0,3,0,차대차 - 측면충돌,차로위반,건조,맑음,단일로 - 기타,승용,남,42세,상해없음,승용,남,52세,경상
2016062900100349,2016년 6월 29일 15시,수요일,충청남도 당진시 수청리,중상사고,0,1,1,0,차대차 - 측면직각충돌,교차로운행방법위반,건조,맑음,교차로 - 교차로안,승용,남,31세,중상,승용,남,30세,경상
2016062900100380,2016년 6월 29일 16시,수요일,충청남도 예산군 삽교읍,경상사고,0,0,1,0,차대차 - 측면직각충돌,직진우회전진행방해,건조,맑음,교차로 - 교차로부근,승용,여,54세,상해없음,이륜,남,26세,경상
2016062900100415,2016년 6월 29일 17시,수요일,충청남도 당진시 송산면,경상사고,0,0,1,0,차대차 - 측면직각충돌,안전거리미확보,건조,맑음,교차로 - 교차로부근,이륜,남,24세,경상,화물,남,30세,상해없음
2016062900100461,2016년 6월 29일 18시,수요일,충청남도 태안군 이원면,중상사고,0,1,0,0,차대사람 - 횡단중,안전운전불이행,습기,흐림,단일로 - 기타,승용,남,51세,상해없음,보행자,여,59세,중상
2016062900100462,2016년 6월 29일 18시,수요일,충청남도 예산군 봉산면,중상사고,0,1,0,0,차대차 - 정면충돌,직진우회전진행방해,건조,맑음,교차로 - 교차로안,승용,남,68세,상해없음,승합,남,68세,중상
2016062900100501,2016년 6월 29일 19시,수요일,충청남도 당진시 석문면,경상사고,0,0,2,0,차대차 - 측면충돌,신호위반,건조,맑음,교차로 - 교차로안,승용,남,45세,경상,승합,남,41세,경상
2016062900100527,2016년 6월 29일 20시,수요일,충청남도 천안시 서북구 성거읍,경상사고,0,0,1,0,차대사람 - 기타,신호위반,건조,맑음,단일로 - 횡단보도상,승용,여,54세,상해없음,보행자,남,11세,경상
2016062900100607,2016년 6월 29일 23시,수요일,충청남도 천안시 서북구 직산읍,중상사고,0,1,0,0,차량단독 - 전도전복,안전운전불이행,건조,맑음,단일로 - 기타,원동기,남,28세,중상,,,,
2016062900100608,2016년 6월 29일 23시,수요일,충청남도 천안시 서북구 백석동,경상사고,0,0,1,0,차대차 - 측면직각충돌,신호위반,건조,맑음,교차로 - 교차로안,승용,여,57세,상해없음,승용,남,29세,경상
2016063000100010,2016년 6월 30일 00시,목요일,충청남도 서산시 읍내동,경상사고,0,0,1,0,차대사람 - 횡단중,안전운전불이행,건조,맑음,교차로 - 교차로안,승용,남,38세,기타불명,보행자,여,20세,경상
2016063000100011,2016년 6월 30일 00시,목요일,충청남도 당진시 읍내리,중상사고,0,1,0,0,차대차 - 측면충돌,안전운전불이행,건조,맑음,교차로 - 교차로부근,승용,여,35세,상해없음,승용,남,59세,중상
2016063000100026,2016년 6월 30일 02시,목요일,충청남도 천안시 서북구 신당동,경상사고,0,0,1,0,차대차 - 추돌,안전운전불이행,건조,맑음,교차로 - 교차로부근,승용,남,21세,상해없음,승용,남,47세,경상
2016063000100042,2016년 6월 30일 04시,목요일,충청남도 보령시 동대동,경상사고,0,0,4,0,차대차 - 측면직각충돌,직진우회전진행방해,건조,맑음,교차로 - 교차로안,승합,남,27세,상해없음,화물,남,61세,상해없음
2016063000100082,2016년 6월 30일 07시,목요일,충청남도 논산시 벌곡면,경상사고,0,0,1,0,차대차 - 측면충돌,교차로운행방법위반,건조,맑음,교차로 - 교차로안,화물,남,60세,상해없음,승용,남,79세,경상
2016063000100083,2016년 6월 30일 07시,목요일,충청남도 서천군 서천읍,경상사고,0,0,2,0,차대차 - 측면직각충돌,직진우회전진행방해,습기,흐림,교차로 - 교차로안,승용,남,49세,경상,승용,남,30세,경상
2016063000100084,2016년 6월 30일 07시,목요일,충청남도 예산군 예산읍,중상사고,0,1,0,0,차대사람 - 기타,안전운전불이행,건조,맑음,단일로 - 기타,승용,여,56세,상해없음,보행자,남,65세,중상
2016063000100110,2016년 6월 30일 08시,목요일,충청남도 천안시 서북구 두정동,중상사고,0,1,0,0,차대차 - 정면충돌,안전운전불이행,건조,맑음,교차로 - 교차로안,승용,남,74세,상해없음,이륜,남,33세,중상
2016063000100111,2016년 6월 30일 08시,목요일,충청남도 홍성군 홍동면,사망사고,1,0,0,0,차량단독 - 전도전복,안전운전불이행,건조,흐림,단일로 - 기타,화물,남,65세,사망,,,,
2016063000100138,2016년 6월 30일 09시,목요일,충청남도 아산시 음봉면,경상사고,0,0,1,1,차대차 - 측면직각충돌,안전운전불이행,건조,맑음,교차로 - 교차로안,화물,남,58세,부상신고,승용,남,49세,경상
2016063000100164,2016년 6월 30일 10시,목요일,충청남도 천안시 서북구 성정동,중상사고,0,1,0,0,차대사람 - 횡단중,안전운전불이행,건조,맑음,단일로 - 기타,승용,남,61세,상해없음,보행자,여,72세,중상
2016063000100190,2016년 6월 30일 11시,목요일,충청남도 계룡시 엄사면,경상사고,0,0,3,0,차대차 - 추돌,안전운전불이행,습기,비,교차로 - 교차로부근,승용,여,53세,경상,승용,여,69세,경상
2016063000100191,2016년 6월 30일 11시,목요일,충청남도 보령시 대천동,중상사고,0,2,0,0,차대차 - 측면직각충돌,안전운전불이행,건조,맑음,단일로 - 기타,승용,남,60세,상해없음,이륜,남,69세,중상
2016063000100214,2016년 6월 30일 12시,목요일,충청남도 공주시 이인면,중상사고,0,1,0,0,차대사람 - 횡단중,보행자보호의무위반,습기,맑음,단일로 - 횡단보도상,승합,남,44세,상해없음,보행자,여,62세,중상
2016063000100337,2016년 6월 30일 16시,목요일,충청남도 아산시 염치읍,경상사고,0,0,2,0,차대차 - 추돌,안전운전불이행,건조,맑음,단일로 - 기타,화물,남,51세,상해없음,승용,여,30세,경상
2016063000100373,2016년 6월 30일 17시,목요일,충청남도 서천군 서천읍,중상사고,0,1,0,0,차량단독 - 전도전복,안전운전불이행,건조,맑음,교차로 - 교차로안,원동기,남,64세,중상,,,,
2016063000100374,2016년 6월 30일 17시,목요일,충청남도 천안시 동남구 신방동,중상사고,0,1,0,0,차대사람 - 횡단중,안전운전불이행,건조,맑음,교차로 - 교차로부근,승용,여,44세,상해없음,보행자,여,54세,중상
2016063000100413,2016년 6월 30일 18시,목요일,충청남도 논산시 내동,사망사고,1,0,0,0,차대차 - 정면충돌,신호위반,건조,맑음,교차로 - 교차로안,승용,남,47세,상해없음,원동기,남,21세,사망
2016063000100414,2016년 6월 30일 18시,목요일,충청남도 아산시 배방읍,중상사고,0,1,0,0,차대차 - 측면직각충돌,안전운전불이행,건조,맑음,단일로 - 기타,승용,남,44세,상해없음,이륜,남,20세,중상
2016063000100448,2016년 6월 30일 19시,목요일,충청남도 공주시 옥룡동,중상사고,0,1,0,0,차대차 - 정면충돌,중앙선침범,건조,맑음,단일로 - 기타,이륜,남,17세,상해없음,이륜,남,18세,중상
2016063000100485,2016년 6월 30일 20시,목요일,충청남도 천안시 동남구 안서동,중상사고,0,1,0,0,차대차 - 측면충돌,안전거리미확보,건조,맑음,단일로 - 기타,승용,남,56세,상해없음,원동기,남,20세,중상
2016063000100572,2016년 6월 30일 23시,목요일,충청남도 천안시 동남구 청당동,경상사고,0,0,2,0,차대차 - 추돌,안전거리미확보,건조,맑음,교차로 - 교차로부근,승용,남,27세,상해없음,승용,남,64세,경상
2016070100100013,2016년 7월 1일 00시,금요일,충청남도 서산시 팔봉면,중상사고,0,1,0,0,차대차 - 추돌,안전운전불이행,건조,흐림,단일로 - 기타,기타불명,기타불명,기타불명,기타불명,원동기,여,40세,중상
2016070100100079,2016년 7월 1일 07시,금요일,충청남도 서산시 석림동,경상사고,0,0,1,0,차대차 - 정면충돌,안전운전불이행,건조,맑음,교차로 - 교차로부근,화물,남,43세,상해없음,승용,남,42세,경상
2016070100100080,2016년 7월 1일 07시,금요일,충청남도 논산시 연무읍,부상신고사고,0,0,0,1,차대차 - 측면충돌,안전운전불이행,건조,맑음,교차로 - 교차로부근,승용,남,27세,부상신고,화물,남,46세,상해없음
2016070100100081,2016년 7월 1일 07시,금요일,충청남도 당진시 송악읍,중상사고,0,1,0,0,차대사람 - 횡단중,보행자보호의무위반,건조,맑음,단일로 - 횡단보도상,승용,남,80세,상해없음,보행자,여,12세,중상
2016070100100098,2016년 7월 1일 08시,금요일,충청남도 홍성군 홍성읍,경상사고,0,0,1,0,차대차 - 추돌,안전운전불이행,건조,맑음,교차로 - 교차로부근,이륜,남,72세,상해없음,승용,여,47세,상해없음
2016070100100129,2016년 7월 1일 09시,금요일,충청남도 아산시 실옥동,중상사고,0,1,0,0,차대사람 - 횡단중,안전운전불이행,건조,흐림,교차로 - 교차로부근,화물,남,45세,상해없음,보행자,여,69세,중상
2016070100100152,2016년 7월 1일 10시,금요일,충청남도 천안시 서북구 성정동,중상사고,0,1,0,0,차대차 - 측면직각충돌,안전운전불이행,건조,맑음,교차로 - 교차로안,화물,남,35세,상해없음,원동기,남,59세,중상
2016070100100182,2016년 7월 1일 11시,금요일,충청남도 천안시 서북구 직산읍,경상사고,0,0,1,0,차대차 - 측면직각충돌,안전운전불이행,건조,맑음,단일로 - 기타,승용,남,34세,상해없음,승용,여,52세,경상
2016070100100183,2016년 7월 1일 11시,금요일,충청남도 보령시 동대동,경상사고,0,0,4,0,차대차 - 측면직각충돌,안전운전불이행,건조,맑음,단일로 - 기타,승용,남,73세,경상,승용,남,21세,경상
2016070100100184,2016년 7월 1일 11시,금요일,충청남도 천안시 동남구 사직동,경상사고,0,0,1,0,차대사람 - 횡단중,안전운전불이행,습기,비,단일로 - 기타,승용,남,29세,상해없음,보행자,여,75세,경상
2016070100100219,2016년 7월 1일 12시,금요일,충청남도 서산시 동문동,경상사고,0,0,1,0,차대사람 - 횡단중,보행자보호의무위반,습기,비,교차로 - 교차로부근,승용,남,69세,상해없음,보행자,여,70세,경상
2016070100100220,2016년 7월 1일 12시,금요일,충청남도 천안시 서북구 두정동,중상사고,0,1,0,0,차대차 - 측면직각충돌,안전운전불이행,건조,맑음,미분류 - 미분류,승용,여,30세,상해없음,화물,남,35세,중상
2016070100100221,2016년 7월 1일 12시,금요일,충청남도 아산시 둔포면,경상사고,0,0,1,0,차대차 - 정면충돌,중앙선침범,건조,맑음,단일로 - 기타,승용,남,52세,상해없음,승용,남,47세,경상
2016070100100222,2016년 7월 1일 12시,금요일,충청남도 보령시 대천동,중상사고,0,1,0,0,차대사람 - 기타,안전운전불이행,습기,비,기타 - 기타,승용,여,47세,상해없음,보행자,여,51세,중상
2016070100100223,2016년 7월 1일 12시,금요일,충청남도 부여군 장암면,경상사고,0,0,1,0,차량단독 - 전도전복,안전운전불이행,습기,비,단일로 - 기타,이륜,남,31세,경상,,,,
2016070100100265,2016년 7월 1일 13시,금요일,충청남도 공주시 반포면,경상사고,0,0,1,0,차량단독 - 기타,안전운전불이행,습기,비,단일로 - 기타,승용,남,34세,경상,,,,
2016070100100266,2016년 7월 1일 13시,금요일,충청남도 천안시 동남구 신부동,중상사고,0,1,0,0,차대차 - 정면충돌,안전운전불이행,습기,비,교차로 - 교차로부근,건설기계,남,64세,상해없음,승합,남,52세,중상
2016070100100316,2016년 7월 1일 14시,금요일,충청남도 공주시 반포면,경상사고,0,0,4,0,차대차 - 추돌,안전거리미확보,습기,비,단일로 - 기타,승용,남,59세,상해없음,승용,남,53세,경상
2016070100100369,2016년 7월 1일 15시,금요일,충청남도 아산시 배방읍,중상사고,0,1,0,0,차대사람 - 기타,안전운전불이행,건조,맑음,단일로 - 기타,승합,남,60세,기타불명,보행자,여,11세,중상
2016070100100370,2016년 7월 1일 15시,금요일,충청남도 공주시 반포면,중상사고,0,2,0,0,차량단독 - 전도전복,안전운전불이행,습기,비,교차로 - 교차로부근,승용,남,58세,중상,,,,
2016070100100417,2016년 7월 1일 16시,금요일,충청남도 아산시 인주면,경상사고,0,0,1,0,차대차 - 정면충돌,중앙선침범,습기,비,미분류 - 미분류,승용,남,39세,상해없음,승용,남,62세,경상
2016070100100418,2016년 7월 1일 16시,금요일,충청남도 서천군 마서면,경상사고,0,0,1,0,차대차 - 측면직각충돌,직진우회전진행방해,습기,비,교차로 - 교차로안,승용,여,55세,상해없음,자전거,여,61세,경상
2016070100100419,2016년 7월 1일 16시,금요일,충청남도 보령시 남포면,중상사고,0,2,0,0,차대차 - 정면충돌,중앙선침범,습기,비,단일로 - 기타,승용,남,60세,중상,승용,남,31세,중상
2016070100100476,2016년 7월 1일 17시,금요일,충청남도 천안시 서북구 백석동,경상사고,0,0,1,0,차대사람 - 길가장자리구역통행중,안전운전불이행,습기,비,단일로 - 기타,승용,여,48세,상해없음,보행자,남,7세,경상
2016070100100477,2016년 7월 1일 17시,금요일,충청남도 천안시 서북구 두정동,경상사고,0,0,1,0,차대차 - 측면직각충돌,안전운전불이행,습기,비,교차로 - 교차로안,승용,여,38세,상해없음,원동기,남,57세,경상
2016070100100478,2016년 7월 1일 17시,금요일,충청남도 아산시 온천동,중상사고,0,1,0,0,차대차 - 정면충돌,중앙선침범,건조,맑음,단일로 - 기타,승합,남,47세,상해없음,승용,남,58세,상해없음
2016070100100514,2016년 7월 1일 18시,금요일,충청남도 천안시 동남구 다가동,경상사고,0,0,1,0,차대차 - 추돌,안전운전불이행,습기,비,단일로 - 기타,승용,남,49세,상해없음,승용,여,56세,경상
2016070100100567,2016년 7월 1일 19시,금요일,충청남도 서산시 수석동,중상사고,0,1,0,0,차대차 - 정면충돌,안전운전불이행,습기,비,교차로 - 교차로부근,화물,남,45세,상해없음,승용,남,23세,중상
2016070100100568,2016년 7월 1일 19시,금요일,충청남도 천안시 서북구 두정동,경상사고,0,0,1,0,차대사람 - 기타,안전운전불이행,건조,맑음,단일로 - 기타,승합,남,49세,상해없음,보행자,남,58세,경상
2016070100100635,2016년 7월 1일 20시,금요일,충청남도 논산시 반월동,중상사고,0,1,1,0,차대사람 - 횡단중,신호위반,습기,비,교차로 - 교차로안,승용,기타불명,기타불명,기타불명,보행자,여,43세,중상
2016070100100636,2016년 7월 1일 20시,금요일,충청남도 당진시 수청리,경상사고,0,0,1,0,차대차 - 측면충돌,중앙선침범,습기,비,단일로 - 기타,승용,여,49세,상해없음,승용,남,27세,경상
2016070100100637,2016년 7월 1일 20시,금요일,충청남도 천안시 동남구 원성동,중상사고,0,2,2,0,차대차 - 정면충돌,안전운전불이행,건조,맑음,교차로 - 교차로부근,화물,남,51세,상해없음,승용,여,31세,경상