사고번호,사고일시,요일,시군구,사고내용,사망자수,중상자수,경상자수,부상신고자수,사고유형,법규위반,노면상태,기상상태,도로형태,가해운전자 차종,가해운전자 성별,가해운전자 연령,가해운전자 상해정도,피해운전자 차종,피해운전자 성별,피해운전자 연령,피해운전자 상해정도
2016070100100685,2016년 7월 1일 21시,금요일,충청남도 당진시 신평면,경상사고,0,0,1,0,차대차 - 측면충돌,교차로운행방법위반,습기,비,교차로 - 교차로안,승용,남,48세,상해없음,승용,여,28세,경상
2016070100100728,2016년 7월 1일 22시,금요일,충청남도 보령시 대천동,경상사고,0,0,1,0,차대차 - 정면충돌,안전운전불이행,습기,비,교차로 - 교차로안,승합,남,57세,상해없음,승합,여,49세,경상
2016070100100729,2016년 7월 1일 22시,금요일,충청남도 공주시 신기동,중상사고,0,1,1,0,차대차 - 추돌,안전운전불이행,습기,비,단일로 - 기타,화물,남,57세,상해없음,화물,남,75세,경상
2016070100100774,2016년 7월 1일 23시,금요일,충청남도 천안시 서북구 쌍용동,경상사고,0,0,1,0,차대차 - 기타,안전운전불이행,건조,맑음,단일로 - 기타,승용,남,55세,상해없음,승용,남,46세,경상
2016070200100056,2016년 7월 2일 01시,토요일,충청남도 서산시 읍내동,경상사고,0,0,1,0,차대차 - 측면직각충돌,직진우회전진행방해,건조,맑음,교차로 - 교차로안,자전거,남,16세,경상,승용,여,63세,상해없음
2016070200100089,2016년 7월 2일 03시,토요일,충청남도 천안시 서북구 백석동,경상사고,0,0,1,0,차대차 - 기타,안전운전불이행,습기,비,교차로 - 교차로부근,승용,남,23세,상해없음,승용,남,25세,상해없음
2016070200100090,2016년 7월 2일 03시,토요일,충청남도 아산시 영인면,중상사고,0,1,0,0,차대차 - 정면충돌,중앙선침범,건조,맑음,교차로 - 교차로안,승용,남,26세,상해없음,화물,남,51세,중상
2016070200100091,2016년 7월 2일 03시,토요일,충청남도 보령시 궁촌동,경상사고,0,0,2,0,차대차 - 정면충돌,안전거리미확보,습기,비,교차로 - 교차로안,승용,남,40세,상해없음,승용,남,46세,경상
2016070200100092,2016년 7월 2일 03시,토요일,충청남도 예산군 응봉면,중상사고,0,1,0,0,차량단독 - 전도전복,안전운전불이행,습기,비,단일로 - 기타,승용,남,29세,중상,,,,
2016070200100116,2016년 7월 2일 04시,토요일,충청남도 천안시 서북구 쌍용동,경상사고,0,0,1,0,차대차 - 기타,안전운전불이행,습기,비,교차로 - 교차로안,승용,남,24세,상해없음,승용,남,31세,경상
2016070200100117,2016년 7월 2일 04시,토요일,충청남도 천안시 서북구 두정동,경상사고,0,0,3,0,차대차 - 측면직각충돌,교차로운행방법위반,습기,비,교차로 - 교차로안,승용,남,55세,상해없음,승용,남,46세,경상
2016070200100118,2016년 7월 2일 04시,토요일,충청남도 아산시 득산동,중상사고,0,1,0,0,차량단독 - 전도전복,안전운전불이행,습기,비,미분류 - 미분류,승용,남,25세,상해없음,,,,
2016070200100130,2016년 7월 2일 05시,토요일,충청남도 아산시 탕정면,중상사고,0,1,0,0,차대차 - 기타,안전운전불이행,습기,비,단일로 - 기타,승용,남,25세,상해없음,승용,남,54세,상해없음
2016070200100157,2016년 7월 2일 07시,토요일,충청남도 아산시 탕정면,경상사고,0,0,1,0,차량단독 - 공작물충돌,안전운전불이행,습기,비,교차로 - 교차로안,화물,남,34세,경상,,,,
2016070200100188,2016년 7월 2일 09시,토요일,충청남도 보령시 남포면,중상사고,0,1,0,0,차량단독 - 전도전복,안전운전불이행,건조,맑음,단일로 - 기타,승용,남,43세,기타불명,,,,
2016070200100247,2016년 7월 2일 11시,토요일,충청남도 논산시 내동,경상사고,0,0,1,0,차대차 - 측면직각충돌,신호위반,건조,맑음,교차로 - 교차로안,승용,남,74세,상해없음,승용,여,56세,경상
2016070200100279,2016년 7월 2일 12시,토요일,충청남도 홍성군 갈산면,중상사고,0,1,0,0,차량단독 - 전도전복,안전운전불이행,건조,흐림,단일로 - 기타,이륜,남,81세,중상,,,,
2016070200100304,2016년 7월 2일 13시,토요일,충청남도 서산시 동문동,경상사고,0,0,1,0,차대차 - 측면직각충돌,안전운전불이행,건조,맑음,교차로 - 교차로부근,승용,여,66세,상해없음,승용,여,67세,경상
2016070200100305,2016년 7월 2일 13시,토요일,충청남도 부여군 은산면,중상사고,0,1,0,0,차대차 - 측면충돌,안전운전불이행,건조,맑음,단일로 - 기타,승용,여,57세,상해없음,이륜,남,56세,중상
2016070200100306,2016년 7월 2일 13시,토요일,충청남도 천안시 동남구 신방동,중상사고,0,1,0,0,차대차 - 측면충돌,불법유턴,건조,맑음,단일로 - 기타,승합,남,54세,상해없음,이륜,남,44세,중상
2016070200100424,2016년 7월 2일 16시,토요일,충청남도 서산시 부석면,중상사고,0,2,2,0,차대차 - 측면직각충돌,직진우회전진행방해,건조,맑음,교차로 - 교차로안,승용,남,18세,경상,건설기계,남,46세,상해없음
2016070200100425,2016년 7월 2일 16시,토요일,충청남도 아산시 용화동,중상사고,0,1,0,0,차대차 - 기타,안전운전불이행,건조,맑음,교차로 - 교차로안,자전거,남,15세,중상,승용,여,39세,상해없음
2016070200100456,2016년 7월 2일 17시,토요일,충청남도 아산시 영인면,경상사고,0,0,2,0,차대차 - 정면충돌,안전운전불이행,건조,맑음,단일로 - 기타,화물,남,60세,상해없음,승용,남,26세,경상
2016070200100457,2016년 7월 2일 17시,토요일,충청남도 천안시 동남구 삼룡동,부상신고사고,0,0,0,1,차대차 - 기타,교차로운행방법위반,건조,맑음,교차로 - 교차로부근,승용,남,68세,상해없음,승용,남,61세,상해없음
2016070200100479,2016년 7월 2일 18시,토요일,충청남도 서천군 마서면,경상사고,0,0,4,0,차대차 - 측면충돌,직진우회전진행방해,건조,맑음,교차로 - 교차로안,승용,남,44세,경상,승용,여,36세,경상
2016070200100554,2016년 7월 2일 21시,토요일,충청남도 홍성군 광천읍,경상사고,0,0,2,0,차대차 - 측면충돌,신호위반,건조,흐림,교차로 - 교차로안,승용,남,50세,상해없음,승용,여,54세,경상
2016070200100588,2016년 7월 2일 22시,토요일,충청남도 서산시 예천동,경상사고,0,0,1,0,차대차 - 측면직각충돌,안전운전불이행,건조,맑음,교차로 - 교차로안,화물,남,53세,상해없음,승용,남,39세,경상
2016070200100610,2016년 7월 2일 23시,토요일,충청남도 태안군 남면,중상사고,0,1,7,0,차대차 - 측면충돌,중앙선침범,건조,흐림,단일로 - 기타,승용,여,54세,상해없음,승용,여,35세,경상
2016070300100008,2016년 7월 3일 00시,일요일,충청남도 논산시 대교동,중상사고,0,1,0,0,차대차 - 측면충돌,교차로운행방법위반,건조,맑음,교차로 - 교차로안,승용,여,60세,상해없음,승용,여,60세,중상
2016070300100051,2016년 7월 3일 04시,일요일,충청남도 천안시 서북구 두정동,경상사고,0,0,1,0,차대차 - 측면직각충돌,안전운전불이행,건조,맑음,교차로 - 교차로부근,승용,남,29세,상해없음,승용,남,53세,경상
2016070300100077,2016년 7월 3일 07시,일요일,충청남도 태안군 태안읍,부상신고사고,0,0,0,1,차대차 - 측면직각충돌,불법유턴,건조,맑음,교차로 - 교차로부근,자전거,여,64세,부상신고,승용,남,67세,상해없음
2016070300100161,2016년 7월 3일 12시,일요일,충청남도 천안시 서북구 두정동,경상사고,0,0,1,0,차대차 - 측면직각충돌,신호위반,건조,흐림,교차로 - 교차로안,승용,남,41세,상해없음,원동기,남,18세,경상
2016070300100162,2016년 7월 3일 12시,일요일,충청남도 공주시 반포면,경상사고,0,0,1,0,차대사람 - 기타,안전운전불이행,습기,비,단일로 - 기타,승용,여,53세,상해없음,보행자,남,58세,경상
2016070300100190,2016년 7월 3일 13시,일요일,충청남도 서산시 인지면,경상사고,0,0,1,0,차대차 - 정면충돌,안전운전불이행,습기,흐림,단일로 - 기타,화물,여,79세,경상,화물,남,49세,상해없음
2016070300100219,2016년 7월 3일 14시,일요일,충청남도 서산시 예천동,중상사고,0,1,0,0,차대사람 - 횡단중,보행자보호의무위반,습기,비,교차로 - 교차로안,화물,남,57세,상해없음,보행자,남,32세,중상
2016070300100220,2016년 7월 3일 14시,일요일,충청남도 천안시 서북구 성거읍,경상사고,0,0,1,0,차대사람 - 횡단중,안전운전불이행,건조,맑음,기타 - 기타,승용,남,61세,상해없음,보행자,남,57세,경상
2016070300100248,2016년 7월 3일 15시,일요일,충청남도 금산군 금산읍,경상사고,0,0,1,0,차대차 - 측면충돌,교차로운행방법위반,습기,비,교차로 - 교차로안,화물,남,20세,상해없음,이륜,남,71세,경상
2016070300100326,2016년 7월 3일 18시,일요일,충청남도 보령시 죽정동,경상사고,0,0,1,0,차대사람 - 차도통행중,안전운전불이행,습기,흐림,교차로 - 교차로부근,승용,여,48세,기타불명,보행자,여,37세,경상
2016070300100327,2016년 7월 3일 18시,일요일,충청남도 청양군 청양읍,중상사고,0,1,0,0,차대사람 - 기타,안전운전불이행,건조,맑음,교차로 - 교차로안,원동기,남,42세,상해없음,보행자,여,20세,중상
2016070300100328,2016년 7월 3일 18시,일요일,충청남도 천안시 동남구 삼룡동,경상사고,0,0,4,0,차대차 - 정면충돌,중앙선침범,건조,맑음,교차로 - 교차로부근,승용,남,53세,상해없음,승용,남,61세,경상
2016070300100368,2016년 7월 3일 20시,일요일,충청남도 논산시 취암동,중상사고,0,2,1,0,차대사람 - 횡단중,중앙선침범,습기,비,단일로 - 기타,승용,여,47세,상해없음,보행자,여,25세,중상
2016070300100369,2016년 7월 3일 20시,일요일,충청남도 서천군 장항읍,중상사고,0,1,0,0,차대차 - 측면직각충돌,직진우회전진행방해,습기,비,교차로 - 교차로안,승용,남,55세,상해없음,승용,여,42세,중상
2016070300100391,2016년 7월 3일 21시,일요일,충청남도 논산시 성동면,중상사고,0,1,0,0,차대차 - 정면충돌,안전운전불이행,습기,비,단일로 - 기타,승합,남,53세,상해없음,승용,남,46세,중상
2016070300100392,2016년 7월 3일 21시,일요일,충청남도 공주시 정안면,경상사고,0,0,1,0,차량단독 - 전도전복,안전운전불이행,건조,맑음,단일로 - 기타,승합,남,59세,경상,,,,
2016070400100063,2016년 7월 4일 07시,월요일,충청남도 홍성군 광천읍,경상사고,0,0,1,0,차량단독 - 전도전복,안전운전불이행,습기,비,단일로 - 기타,승용,여,47세,경상,,,,
2016070400100132,2016년 7월 4일 09시,월요일,충청남도 천안시 서북구 쌍용동,경상사고,0,0,1,0,차대사람 - 기타,안전운전불이행,습기,비,단일로 - 기타,승용,여,54세,상해없음,보행자,여,32세,경상
2016070400100133,2016년 7월 4일 09시,월요일,충청남도 논산시 취암동,중상사고,0,1,0,0,차대차 - 정면충돌,교차로운행방법위반,습기,비,교차로 - 교차로안,승용,남,62세,상해없음,화물,남,58세,중상
2016070400100134,2016년 7월 4일 09시,월요일,충청남도 아산시 온천동,경상사고,0,0,1,0,차대차 - 측면충돌,안전운전불이행,습기,비,단일로 - 기타,이륜,남,59세,상해없음,자전거,여,71세,경상
2016070400100135,2016년 7월 4일 09시,월요일,충청남도 부여군 부여읍,중상사고,0,1,0,0,차대차 - 측면직각충돌,안전운전불이행,습기,비,단일로 - 기타,승용,남,21세,상해없음,이륜,여,71세,중상
2016070400100164,2016년 7월 4일 10시,월요일,충청남도 아산시 배방읍,중상사고,0,1,0,0,차대차 - 기타,차로위반,건조,맑음,단일로 - 기타,승용,여,45세,상해없음,승용,남,24세,중상
2016070400100216,2016년 7월 4일 12시,월요일,충청남도 아산시 온천동,중상사고,0,1,0,0,차대차 - 측면직각충돌,중앙선침범,건조,맑음,단일로 - 기타,승용,여,56세,상해없음,승용,남,56세,상해없음
2016070400100217,2016년 7월 4일 12시,월요일,충청남도 공주시 신관동,경상사고,0,0,1,0,차대차 - 정면충돌,안전운전불이행,건조,맑음,교차로 - 교차로부근,자전거,여,27세,경상,자전거,남,75세,상해없음
2016070400100269,2016년 7월 4일 14시,월요일,충청남도 천안시 동남구 안서동,경상사고,0,0,1,0,차대차 - 측면직각충돌,안전거리미확보,건조,맑음,단일로 - 기타,건설기계,남,46세,상해없음,승용,여,41세,경상
2016070400100270,2016년 7월 4일 14시,월요일,충청남도 당진시 사기소리,경상사고,0,0,2,0,차대차 - 추돌,안전운전불이행,습기,비,단일로 - 기타,승용,남,19세,상해없음,승용,남,48세,경상
2016070400100307,2016년 7월 4일 15시,월요일,충청남도 논산시 연산면,경상사고,0,0,1,0,차대차 - 추돌,안전운전불이행,습기,비,교차로 - 교차로안,승용,남,51세,기타불명,승용,남,27세,경상
2016070400100308,2016년 7월 4일 15시,월요일,충청남도 부여군 부여읍,경상사고,0,0,1,0,차대사람 - 보도통행중,보행자보호의무위반,습기,맑음,단일로 - 기타,승합,남,49세,상해없음,보행자,남,68세,경상
2016070400100309,2016년 7월 4일 15시,월요일,충청남도 부여군 규암면,중상사고,0,2,0,0,차량단독 - 공작물충돌,안전운전불이행,습기,비,단일로 - 기타,화물,남,55세,상해없음,,,,
2016070400100310,2016년 7월 4일 15시,월요일,충청남도 청양군 운곡면,중상사고,0,3,0,0,차대차 - 정면충돌,중앙선침범,습기,비,단일로 - 기타,승용,여,50세,중상,승용,남,30세,중상
2016070400100365,2016년 7월 4일 17시,월요일,충청남도 천안시 동남구 영성동,경상사고,0,0,1,1,차대차 - 추돌,안전운전불이행,습기,비,단일로 - 기타,승용,남,41세,부상신고,승용,남,38세,경상
2016070400100400,2016년 7월 4일 18시,월요일,충청남도 천안시 동남구 신방동,경상사고,0,0,1,2,차대차 - 측면직각충돌,직진우회전진행방해,습기,비,교차로 - 교차로안,화물,남,47세,부상신고,승합,남,46세,상해없음
2016070400100436,2016년 7월 4일 19시,월요일,충청남도 태안군 태안읍,중상사고,0,1,0,0,차대차 - 추돌,안전운전불이행,습기,비,교차로 - 교차로안,화물,남,61세,상해없음,승용,여,38세,중상
2016070400100437,2016년 7월 4일 19시,월요일,충청남도 논산시 취암동,경상사고,0,0,1,0,차대차 - 측면직각충돌,교차로운행방법위반,기타,비,교차로 - 교차로안,이륜,남,18세,경상,승용,남,20세,상해없음
2016070400100438,2016년 7월 4일 19시,월요일,충청남도 논산시 취암동,경상사고,0,0,1,0,차대차 - 추돌,안전운전불이행,습기,비,단일로 - 기타,승용,여,46세,상해없음,승용,여,38세,경상
2016070400100439,2016년 7월 4일 19시,월요일,충청남도 홍성군 갈산면,중상사고,0,1,0,0,차대차 - 추돌,안전거리미확보,습기,흐림,단일로 - 기타,승용,남,35세,상해없음,승용,여,56세,중상
2016070400100478,2016년 7월 4일 20시,월요일,충청남도 태안군 태안읍,경상사고,0,0,1,0,차대사람 - 횡단중,보행자보호의무위반,습기,비,교차로 - 교차로안,승용,남,62세,상해없음,보행자,남,49세,경상
2016070400100479,2016년 7월 4일 20시,월요일,충청남도 당진시 원당리,중상사고,0,1,0,0,차대차 - 측면충돌,교차로운행방법위반,습기,비,교차로 - 교차로안,승용,남,42세,상해없음,이륜,남,38세,중상
2016070400100480,2016년 7월 4일 20시,월요일,충청남도 천안시 동남구 신부동,경상사고,0,0,1,0,차대차 - 측면직각충돌,신호위반,습기,비,교차로 - 교차로안,승용,여,32세,상해없음,원동기,남,60세,경상
2016070400100518,2016년 7월 4일 21시,월요일,충청남도 서산시 석남동,경상사고,0,0,1,0,차대차 - 측면충돌,중앙선침범,습기,비,교차로 - 교차로부근,기타불명,기타불명,기타불명,기타불명,승용,여,39세,경상
2016070400100558,2016년 7월 4일 22시,월요일,충청남도 태안군 태안읍,경상사고,0,0,1,0,차대차 - 정면충돌,안전운전불이행,습기,비,단일로 - 기타,승용,여,45세,상해없음,승합,남,28세,경상
2016070400100559,2016년 7월 4일 22시,월요일,충청남도 당진시 송악읍,경상사고,0,0,2,0,차대차 - 추돌,차로위반,습기,비,단일로 - 기타,화물,남,41세,상해없음,승용,남,35세,경상
2016070400100605,2016년 7월 4일 23시,월요일,충청남도 천안시 서북구 성정동,중상사고,0,1,0,0,차대차 - 측면직각충돌,중앙선침범,건조,맑음,단일로 - 기타,승용,남,24세,상해없음,이륜,남,19세,중상
2016070400100606,2016년 7월 4일 23시,월요일,충청남도 아산시 배방읍,중상사고,0,1,1,0,차대차 - 기타,차로위반,습기,비,단일로 - 기타,원동기,남,25세,상해없음,승용,남,63세,중상
2016070400100607,2016년 7월 4일 23시,월요일,충청남도 금산군 금산읍,경상사고,0,0,1,0,차대차 - 측면충돌,안전운전불이행,습기,흐림,교차로 - 교차로안,승용,남,21세,경상,승용,여,19세,상해없음
2016070500100046,2016년 7월 5일 03시,화요일,충청남도 논산시 내동,중상사고,0,1,0,0,차대사람 - 횡단중,안전운전불이행,습기,맑음,단일로 - 기타,화물,남,68세,상해없음,보행자,남,66세,중상
2016070500100053,2016년 7월 5일 04시,화요일,충청남도 아산시 온천동,중상사고,0,1,0,0,차대사람 - 횡단중,보행자보호의무위반,습기,비,단일로 - 횡단보도부근,승용,여,64세,상해없음,보행자,여,65세,중상
2016070500100087,2016년 7월 5일 07시,화요일,충청남도 당진시 면천면,경상사고,0,0,1,0,차대차 - 측면충돌,교차로운행방법위반,건조,맑음,교차로 - 교차로안,화물,남,54세,상해없음,승용,여,53세,경상
2016070500100115,2016년 7월 5일 08시,화요일,충청남도 금산군 군북면,중상사고,0,1,0,0,차량단독 - 전도전복,안전운전불이행,습기,흐림,단일로 - 기타,화물,남,50세,중상,,,,
2016070500100146,2016년 7월 5일 09시,화요일,충청남도 홍성군 장곡면,중상사고,0,1,1,0,차대차 - 정면충돌,중앙선침범,습기,비,단일로 - 기타,화물,남,59세,중상,화물,남,55세,경상
2016070500100196,2016년 7월 5일 11시,화요일,충청남도 아산시 권곡동,사망사고,1,0,0,0,차대사람 - 횡단중,안전운전불이행,습기,비,교차로 - 교차로부근,화물,남,54세,상해없음,보행자,남,79세,사망
2016070500100197,2016년 7월 5일 11시,화요일,충청남도 보령시 동대동,중상사고,0,2,1,0,차대차 - 추돌,안전운전불이행,습기,비,교차로 - 교차로부근,화물,남,65세,상해없음,승용,여,53세,중상
2016070500100222,2016년 7월 5일 12시,화요일,충청남도 천안시 동남구 대흥동,중상사고,0,1,0,0,차대사람 - 횡단중,보행자보호의무위반,습기,비,단일로 - 횡단보도상,승용,남,32세,상해없음,보행자,여,70세,중상
2016070500100251,2016년 7월 5일 13시,화요일,충청남도 홍성군 홍성읍,경상사고,0,0,3,0,차대차 - 정면충돌,안전운전불이행,건조,맑음,교차로 - 교차로안,승용,여,65세,상해없음,승용,남,39세,경상
2016070500100252,2016년 7월 5일 13시,화요일,충청남도 아산시 용화동,경상사고,0,0,1,0,차량단독 - 전도전복,안전운전불이행,습기,비,교차로 - 교차로부근,이륜,남,78세,경상,,,,
2016070500100253,2016년 7월 5일 13시,화요일,충청남도 천안시 동남구 원성동,중상사고,0,1,6,0,차대차 - 추돌,안전운전불이행,건조,맑음,단일로 - 기타,화물,남,39세,상해없음,승용,남,43세,경상
2016070500100288,2016년 7월 5일 14시,화요일,충청남도 천안시 동남구 풍세면,중상사고,0,1,0,0,차대차 - 정면충돌,안전운전불이행,건조,맑음,교차로 - 교차로안,승합,남,36세,기타불명,화물,남,35세,중상
2016070500100318,2016년 7월 5일 15시,화요일,충청남도 서산시 부석면,중상사고,0,1,0,0,차량단독 - 도로외이탈 - 추락,안전운전불이행,습기,비,단일로 - 기타,화물,남,62세,상해없음,,,,
2016070500100319,2016년 7월 5일 15시,화요일,충청남도 아산시 배방읍,경상사고,0,0,1,0,차대사람 - 횡단중,보행자보호의무위반,건조,맑음,단일로 - 횡단보도상,승용,남,70세,상해없음,보행자,여,32세,경상
2016070500100354,2016년 7월 5일 16시,화요일,충청남도 아산시 인주면,경상사고,0,0,2,0,차대차 - 추돌,안전운전불이행,건조,맑음,단일로 - 기타,승용,여,45세,상해없음,승용,남,51세,경상
2016070500100355,2016년 7월 5일 16시,화요일,충청남도 금산군 금산읍,부상신고사고,0,0,0,4,차대차 - 측면충돌,안전운전불이행,건조,맑음,단일로 - 기타,승합,남,61세,상해없음,승용,여,43세,기타불명
2016070500100384,2016년 7월 5일 17시,화요일,충청남도 예산군 예산읍,경상사고,0,0,1,0,차대차 - 기타,안전운전불이행,습기,비,단일로 - 기타,특수,남,40세,상해없음,화물,남,54세,경상
2016070500100385,2016년 7월 5일 17시,화요일,충청남도 천안시 서북구 입장면,경상사고,0,0,2,0,차대차 - 측면직각충돌,안전운전불이행,습기,비,단일로 - 기타,화물,남,64세,상해없음,승용,여,59세,경상
2016070500100430,2016년 7월 5일 18시,화요일,충청남도 천안시 서북구 쌍용동,경상사고,0,0,1,0,차대차 - 추돌,안전운전불이행,습기,비,단일로 - 기타,화물,남,31세,상해없음,승용,남,52세,경상
2016070500100431,2016년 7월 5일 18시,화요일,충청남도 논산시 채운면,경상사고,0,0,1,0,차대차 - 정면충돌,중앙선침범,습기,비,단일로 - 기타,승용,남,52세,상해없음,승용,남,63세,경상
2016070500100432,2016년 7월 5일 18시,화요일,충청남도 아산시 신창면,부상신고사고,0,0,0,1,차대사람 - 기타,기타,건조,맑음,단일로 - 기타,기타불명,기타불명,기타불명,기타불명,보행자,여,20세,부상신고
2016070500100539,2016년 7월 5일 21시,화요일,충청남도 청양군 청양읍,중상사고,0,4,0,0,차량단독 - 공작물충돌,안전운전불이행,습기,비,단일로 - 기타,승용,남,64세,중상,,,,
2016070500100540,2016년 7월 5일 21시,화요일,충청남도 청양군 청양읍,경상사고,0,0,1,0,차대사람 - 기타,안전운전불이행,건조,맑음,단일로 - 기타,승용,남,36세,상해없음,보행자,남,17세,경상
2016070500100581,2016년 7월 5일 22시,화요일,충청남도 아산시 온천동,경상사고,0,0,1,0,차대사람 - 횡단중,안전운전불이행,습기,비,단일로 - 기타,승용,남,49세,상해없음,보행자,남,48세,경상
2016070500100582,2016년 7월 5일 22시,화요일,충청남도 예산군 예산읍,경상사고,0,0,1,1,차대차 - 측면직각충돌,직진우회전진행방해,습기,비,교차로 - 교차로안,승용,남,50세,상해없음,승용,남,32세,경상
2016070600100050,2016년 7월 6일 03시,수요일,충청남도 천안시 서북구 성정동,경상사고,0,0,1,0,차대차 - 기타,안전운전불이행,습기,흐림,교차로 - 교차로안,승용,남,23세,상해없음,원동기,남,16세,경상
2016070600100069,2016년 7월 6일 05시,수요일,충청남도 홍성군 갈산면,경상사고,0,0,4,0,차대차 - 측면충돌,안전거리미확보,습기,비,단일로 - 기타,승용,남,30세,상해없음,화물,남,66세,경상
2016070600100083,2016년 7월 6일 06시,수요일,충청남도 보령시 대천동,중상사고,0,1,0,0,차대차 - 기타,교차로운행방법위반,습기,비,교차로 - 교차로안,승용,남,78세,상해없음,자전거,남,77세,중상
2016070600100100,2016년 7월 6일 07시,수요일,충청남도 논산시 가야곡면,중상사고,0,1,1,0,차대차 - 측면직각충돌,안전운전불이행,습기,비,단일로 - 기타,화물,남,55세,중상,화물,남,58세,경상
2016070600100134,2016년 7월 6일 08시,수요일,충청남도 태안군 원북면,중상사고,0,2,1,0,차대차 - 측면직각충돌,교차로운행방법위반,건조,맑음,교차로 - 교차로안,화물,남,65세,중상,승용,여,28세,경상
2016070600100161,2016년 7월 6일 09시,수요일,충청남도 공주시 신관동,중상사고,0,1,0,0,차대사람 - 횡단중,안전운전불이행,건조,맑음,단일로 - 횡단보도부근,승용,여,37세,상해없음,보행자,여,69세,중상
2016070600100190,2016년 7월 6일 10시,수요일,충청남도 아산시 신창면,중상사고,0,1,0,0,차대차 - 측면직각충돌,안전운전불이행,건조,맑음,교차로 - 교차로안,화물,남,60세,상해없음,이륜,남,80세,중상
2016070600100213,2016년 7월 6일 11시,수요일,충청남도 서산시 석남동,경상사고,0,0,1,0,차대차 - 측면직각충돌,신호위반,건조,맑음,교차로 - 교차로부근,승용,남,38세,상해없음,승용,여,36세,경상
2016070600100214,2016년 7월 6일 11시,수요일,충청남도 홍성군 홍북면,경상사고,0,0,1,0,차대차 - 정면충돌,중앙선침범,습기,흐림,단일로 - 기타,승용,남,71세,상해없음,승용,남,40세,경상
2016070600100244,2016년 7월 6일 12시,수요일,충청남도 아산시 모종동,경상사고,0,0,1,0,차대차 - 추돌,안전운전불이행,건조,맑음,단일로 - 기타,승용,여,45세,상해없음,원동기,남,51세,경상
2016070600100245,2016년 7월 6일 12시,수요일,충청남도 천안시 동남구 다가동,경상사고,0,0,1,0,차대차 - 측면충돌,안전운전불이행,건조,맑음,기타 - 기타,화물,남,46세,상해없음,승용,여,54세,상해없음
2016070600100332,2016년 7월 6일 15시,수요일,충청남도 서산시 동문동,중상사고,0,1,0,0,차대차 - 추돌,안전운전불이행,건조,맑음,단일로 - 기타,승용,남,23세,상해없음,이륜,남,44세,중상
2016070600100333,2016년 7월 6일 15시,수요일,충청남도 금산군 금산읍,경상사고,0,0,1,0,차대차 - 추돌,안전운전불이행,습기,비,교차로 - 교차로부근,승용,여,40세,상해없음,승용,남,51세,경상
2016070600100449,2016년 7월 6일 18시,수요일,충청남도 태안군 남면,중상사고,0,1,0,0,차대차 - 기타,안전운전불이행,습기,흐림,교차로 - 교차로부근,승용,여,46세,상해없음,이륜,남,80세,중상
2016070600100485,2016년 7월 6일 19시,수요일,충청남도 천안시 서북구 쌍용동,경상사고,0,0,1,0,차대차 - 추돌,안전운전불이행,건조,맑음,교차로 - 교차로부근,승용,여,44세,상해없음,승용,여,40세,경상
2016070600100535,2016년 7월 6일 21시,수요일,충청남도 천안시 서북구 쌍용동,경상사고,0,0,1,1,차대차 - 기타,안전운전불이행,건조,맑음,단일로 - 기타,승용,남,23세,상해없음,승용,남,27세,경상
2016070600100536,2016년 7월 6일 21시,수요일,충청남도 홍성군 홍성읍,중상사고,0,1,0,0,차대사람 - 횡단중,안전운전불이행,습기,흐림,단일로 - 기타,승용,여,34세,상해없음,보행자,여,70세,중상
2016070600100537,2016년 7월 6일 21시,수요일,충청남도 예산군 덕산면,중상사고,0,1,0,0,차대사람 - 횡단중,보행자보호의무위반,건조,맑음,단일로 - 횡단보도상,승용,남,61세,상해없음,보행자,남,52세,중상
2016070600100538,2016년 7월 6일 21시,수요일,충청남도 천안시 동남구 신부동,경상사고,0,0,1,0,차대사람 - 횡단중,안전운전불이행,건조,맑음,단일로 - 기타,승용,여,47세,상해없음,보행자,여,20세,경상
2016070700100062,2016년 7월 7일 05시,목요일,충청남도 서천군 장항읍,경상사고,0,0,2,0,차대차 - 측면직각충돌,중앙선침범,습기,비,단일로 - 기타,승용,남,38세,상해없음,승용,남,64세,경상
2016070700100074,2016년 7월 7일 06시,목요일,충청남도 아산시 신동,경상사고,0,0,1,0,차대차 - 측면충돌,안전운전불이행,건조,맑음,단일로 - 기타,특수,남,49세,상해없음,승용,남,46세,경상
2016070700100217,2016년 7월 7일 13시,목요일,충청남도 보령시 동대동,중상사고,0,1,0,0,차대차 - 정면충돌,안전운전불이행,건조,맑음,단일로 - 기타,자전거,여,46세,중상,승용,여,45세,상해없음
2016070700100247,2016년 7월 7일 14시,목요일,충청남도 태안군 근흥면,중상사고,0,1,1,0,차대차 - 측면충돌,중앙선침범,건조,맑음,단일로 - 기타,승용,여,57세,중상,화물,남,54세,경상
2016070700100248,2016년 7월 7일 14시,목요일,충청남도 홍성군 금마면,경상사고,0,0,2,0,차대차 - 추돌,안전운전불이행,건조,맑음,교차로 - 교차로부근,건설기계,남,55세,상해없음,승용,남,43세,경상
2016070700100249,2016년 7월 7일 14시,목요일,충청남도 아산시 배방읍,사망사고,1,0,0,0,차대차 - 추돌,안전운전불이행,건조,맑음,단일로 - 기타,원동기,남,79세,사망,승합,남,43세,상해없음
2016070700100250,2016년 7월 7일 14시,목요일,충청남도 서천군 서면,경상사고,0,0,2,0,차대차 - 측면충돌,안전운전불이행,건조,맑음,단일로 - 기타,원동기,남,67세,경상,원동기,남,75세,경상