사고번호,사고일시,요일,시군구,사고내용,사망자수,중상자수,경상자수,부상신고자수,사고유형,법규위반,노면상태,기상상태,도로형태,가해운전자 차종,가해운전자 성별,가해운전자 연령,가해운전자 상해정도,피해운전자 차종,피해운전자 성별,피해운전자 연령,피해운전자 상해정도
2016071200100444,2016년 7월 12일 18시,화요일,충청남도 공주시 탄천면,중상사고,0,1,0,0,차대차 - 정면충돌,안전운전불이행,건조,맑음,교차로 - 교차로안,화물,남,51세,기타불명,승용,여,27세,중상
2016071200100445,2016년 7월 12일 18시,화요일,충청남도 예산군 예산읍,중상사고,0,1,0,0,차대차 - 측면직각충돌,안전운전불이행,건조,맑음,교차로 - 교차로안,승용,남,55세,상해없음,승용,여,25세,중상
2016071200100509,2016년 7월 12일 20시,화요일,충청남도 논산시 연무읍,경상사고,0,0,1,0,차대차 - 측면충돌,교차로운행방법위반,건조,맑음,교차로 - 교차로안,승용,여,66세,상해없음,승합,남,48세,경상
2016071200100510,2016년 7월 12일 20시,화요일,충청남도 보령시 궁촌동,중상사고,0,1,0,0,차대차 - 측면직각충돌,안전운전불이행,건조,맑음,교차로 - 교차로안,승용,남,44세,상해없음,자전거,남,11세,중상
2016071200100536,2016년 7월 12일 21시,화요일,충청남도 당진시 신평면,사망사고,1,0,0,0,차대사람 - 기타,안전운전불이행,건조,맑음,단일로 - 기타,승용,남,41세,상해없음,보행자,남,49세,사망
2016071300100010,2016년 7월 13일 00시,수요일,충청남도 천안시 동남구 대흥동,경상사고,0,0,1,0,차대사람 - 기타,안전운전불이행,건조,맑음,단일로 - 기타,승용,남,25세,상해없음,보행자,남,58세,경상
2016071300100026,2016년 7월 13일 01시,수요일,충청남도 천안시 동남구 신부동,경상사고,0,0,1,0,차대차 - 측면충돌,안전거리미확보,건조,맑음,교차로 - 교차로부근,화물,남,52세,상해없음,승용,남,23세,경상
2016071300100057,2016년 7월 13일 04시,수요일,충청남도 천안시 서북구 성환읍,경상사고,0,0,2,0,차대차 - 측면직각충돌,교차로운행방법위반,건조,맑음,교차로 - 교차로안,승합,남,34세,상해없음,화물,남,30세,경상
2016071300100064,2016년 7월 13일 05시,수요일,충청남도 청양군 남양면,중상사고,0,1,0,0,차량단독 - 전도전복,안전운전불이행,건조,맑음,기타 - 기타,농기계,남,71세,중상,,,,
2016071300100076,2016년 7월 13일 06시,수요일,충청남도 천안시 서북구 두정동,경상사고,0,0,6,0,차대차 - 측면직각충돌,중앙선침범,건조,맑음,단일로 - 기타,승용,남,63세,상해없음,승용,남,49세,경상
2016071300100100,2016년 7월 13일 07시,수요일,충청남도 천안시 서북구 성정동,경상사고,0,0,1,0,차대사람 - 횡단중,보행자보호의무위반,건조,맑음,교차로 - 교차로안,승용,남,25세,상해없음,보행자,남,55세,경상
2016071300100101,2016년 7월 13일 07시,수요일,충청남도 아산시 음봉면,경상사고,0,0,1,0,차대차 - 측면직각충돌,중앙선침범,건조,맑음,단일로 - 기타,승용,남,35세,기타불명,승용,여,41세,경상
2016071300100102,2016년 7월 13일 07시,수요일,충청남도 당진시 송악읍,경상사고,0,0,1,0,차대차 - 추돌,안전운전불이행,건조,맑음,교차로 - 교차로안,특수,남,42세,상해없음,승용,남,34세,경상
2016071300100182,2016년 7월 13일 09시,수요일,충청남도 천안시 서북구 신당동,경상사고,0,0,1,0,차대차 - 측면직각충돌,안전운전불이행,건조,맑음,단일로 - 기타,화물,남,60세,상해없음,이륜,남,67세,경상
2016071300100210,2016년 7월 13일 10시,수요일,충청남도 아산시 온천동,중상사고,0,3,0,0,차대차 - 측면충돌,안전운전불이행,건조,맑음,교차로 - 교차로안,승용,남,48세,상해없음,승용,남,45세,중상
2016071300100211,2016년 7월 13일 10시,수요일,충청남도 아산시 둔포면,경상사고,0,0,1,0,차대차 - 측면충돌,안전운전불이행,건조,맑음,교차로 - 교차로안,승용,남,37세,상해없음,승용,남,34세,경상
2016071300100246,2016년 7월 13일 11시,수요일,충청남도 보령시 대천동,중상사고,0,1,0,0,차대차 - 정면충돌,안전운전불이행,건조,맑음,단일로 - 기타,승용,여,67세,상해없음,이륜,여,64세,중상
2016071300100284,2016년 7월 13일 12시,수요일,충청남도 태안군 소원면,사망사고,1,1,1,0,차대차 - 정면충돌,중앙선침범,건조,맑음,단일로 - 기타,승용,여,53세,경상,승용,남,27세,상해없음
2016071300100285,2016년 7월 13일 12시,수요일,충청남도 아산시 온천동,경상사고,0,0,1,0,차대차 - 측면충돌,안전운전불이행,건조,맑음,단일로 - 기타,승용,남,83세,상해없음,승용,남,59세,경상
2016071300100352,2016년 7월 13일 14시,수요일,충청남도 서산시 잠홍동,중상사고,0,1,0,0,차대사람 - 횡단중,과속,건조,맑음,단일로 - 기타,승용,남,32세,상해없음,보행자,여,9세,중상
2016071300100353,2016년 7월 13일 14시,수요일,충청남도 천안시 서북구 성정동,중상사고,0,1,0,0,차대차 - 측면직각충돌,안전운전불이행,건조,맑음,교차로 - 교차로안,승용,남,47세,상해없음,자전거,남,79세,중상
2016071300100415,2016년 7월 13일 16시,수요일,충청남도 태안군 태안읍,중상사고,0,1,0,0,차대차 - 측면직각충돌,안전운전불이행,건조,맑음,단일로 - 기타,승용,남,71세,상해없음,승용,남,28세,중상
2016071300100416,2016년 7월 13일 16시,수요일,충청남도 천안시 서북구 성정동,경상사고,0,0,1,0,차대사람 - 보도통행중,기타,건조,맑음,교차로 - 교차로부근,승용,여,58세,상해없음,보행자,남,63세,경상
2016071300100463,2016년 7월 13일 17시,수요일,충청남도 아산시 영인면,중상사고,0,1,0,0,차대차 - 측면충돌,중앙선침범,건조,맑음,단일로 - 기타,화물,남,57세,상해없음,원동기,남,66세,중상
2016071300100464,2016년 7월 13일 17시,수요일,충청남도 공주시 검상동,경상사고,0,0,5,0,차대차 - 측면충돌,안전운전불이행,건조,맑음,교차로 - 교차로안,화물,남,50세,경상,화물,남,43세,경상
2016071300100465,2016년 7월 13일 17시,수요일,충청남도 부여군 부여읍,경상사고,0,0,1,0,차대차 - 측면직각충돌,안전운전불이행,건조,맑음,단일로 - 기타,화물,남,69세,상해없음,자전거,남,55세,경상
2016071300100466,2016년 7월 13일 17시,수요일,충청남도 당진시 송악읍,중상사고,0,1,0,0,차대차 - 추돌,교차로운행방법위반,건조,맑음,교차로 - 교차로안,화물,남,54세,상해없음,화물,남,56세,중상
2016071300100467,2016년 7월 13일 17시,수요일,충청남도 천안시 동남구 오룡동,경상사고,0,0,1,0,차대차 - 추돌,안전운전불이행,건조,맑음,단일로 - 기타,승용,여,63세,상해없음,이륜,남,73세,경상
2016071300100511,2016년 7월 13일 18시,수요일,충청남도 공주시 신관동,경상사고,0,0,2,0,차대차 - 측면충돌,안전운전불이행,건조,맑음,교차로 - 교차로안,이륜,남,16세,경상,자전거,남,49세,경상
2016071300100557,2016년 7월 13일 19시,수요일,충청남도 천안시 동남구 신부동,부상신고사고,0,0,0,1,차대사람 - 기타,안전운전불이행,건조,맑음,단일로 - 횡단보도부근,기타불명,기타불명,기타불명,기타불명,보행자,남,5세,부상신고
2016071300100584,2016년 7월 13일 20시,수요일,충청남도 서산시 동문동,중상사고,0,1,0,0,차대사람 - 횡단중,보행자보호의무위반,건조,맑음,교차로 - 교차로부근,승용,여,56세,상해없음,보행자,여,27세,중상
2016071300100620,2016년 7월 13일 21시,수요일,충청남도 논산시 부적면,경상사고,0,0,2,0,차대차 - 기타,중앙선침범,건조,맑음,단일로 - 기타,승용,남,59세,상해없음,승용,남,34세,경상
2016071400100011,2016년 7월 14일 00시,목요일,충청남도 예산군 신양면,경상사고,0,0,1,0,차량단독 - 공작물충돌,안전운전불이행,건조,맑음,교차로 - 교차로안,승용,남,23세,경상,,,,
2016071400100029,2016년 7월 14일 01시,목요일,충청남도 당진시 읍내리,경상사고,0,0,3,0,차대차 - 정면충돌,교차로운행방법위반,건조,맑음,교차로 - 교차로안,승용,여,35세,상해없음,승용,남,45세,경상
2016071400100053,2016년 7월 14일 04시,목요일,충청남도 공주시 계룡면,경상사고,0,0,1,0,차대차 - 추돌,안전운전불이행,건조,맑음,단일로 - 기타,화물,남,45세,상해없음,승용,여,38세,경상
2016071400100061,2016년 7월 14일 05시,목요일,충청남도 논산시 강경읍,중상사고,0,1,0,0,차대차 - 정면충돌,중앙선침범,건조,맑음,미분류 - 미분류,화물,남,49세,상해없음,화물,남,60세,중상
2016071400100090,2016년 7월 14일 07시,목요일,충청남도 보령시 동대동,중상사고,0,1,0,0,차대차 - 측면직각충돌,직진우회전진행방해,건조,맑음,교차로 - 교차로안,승용,남,76세,상해없음,승용,남,43세,중상
2016071400100163,2016년 7월 14일 09시,목요일,충청남도 천안시 서북구 쌍용동,경상사고,0,0,1,0,차대차 - 기타,안전운전불이행,건조,흐림,단일로 - 기타,승용,남,53세,상해없음,승용,여,24세,경상
2016071400100164,2016년 7월 14일 09시,목요일,충청남도 당진시 대덕리,경상사고,0,0,1,0,차대차 - 측면직각충돌,교차로운행방법위반,건조,맑음,교차로 - 교차로안,승용,남,28세,상해없음,화물,남,62세,경상
2016071400100200,2016년 7월 14일 10시,목요일,충청남도 태안군 안면읍,경상사고,0,0,1,0,차대사람 - 기타,안전운전불이행,건조,맑음,기타 - 기타,화물,남,64세,상해없음,보행자,여,69세,경상
2016071400100201,2016년 7월 14일 10시,목요일,충청남도 부여군 부여읍,사망사고,1,1,0,0,차대차 - 정면충돌,중앙선침범,건조,맑음,단일로 - 교량,승용,남,76세,상해없음,승용,남,61세,중상
2016071400100235,2016년 7월 14일 11시,목요일,충청남도 논산시 강경읍,경상사고,0,0,1,0,차대차 - 정면충돌,교차로운행방법위반,건조,맑음,교차로 - 교차로안,화물,남,49세,상해없음,화물,남,62세,경상
2016071400100267,2016년 7월 14일 12시,목요일,충청남도 논산시 반월동,중상사고,0,1,1,0,차대차 - 측면충돌,안전운전불이행,건조,맑음,단일로 - 기타,승용,남,54세,상해없음,이륜,남,73세,경상
2016071400100268,2016년 7월 14일 12시,목요일,충청남도 당진시 송악읍,경상사고,0,0,1,1,차대차 - 측면직각충돌,교차로운행방법위반,건조,맑음,교차로 - 교차로안,승용,남,38세,상해없음,승용,여,27세,경상
2016071400100298,2016년 7월 14일 13시,목요일,충청남도 서천군 서천읍,경상사고,0,0,1,0,차대차 - 측면직각충돌,직진우회전진행방해,건조,맑음,교차로 - 교차로안,승용,남,71세,상해없음,승용,남,57세,상해없음
2016071400100326,2016년 7월 14일 14시,목요일,충청남도 당진시 정미면,부상신고사고,0,0,0,1,차대차 - 추돌,안전운전불이행,건조,맑음,교차로 - 교차로부근,승용,남,28세,상해없음,승용,남,63세,상해없음
2016071400100349,2016년 7월 14일 15시,목요일,충청남도 당진시 석문면,중상사고,0,1,1,0,차대차 - 측면충돌,안전운전불이행,건조,맑음,단일로 - 횡단보도상,원동기,남,81세,경상,자전거,남,13세,중상
2016071400100433,2016년 7월 14일 17시,목요일,충청남도 천안시 서북구 두정동,경상사고,0,0,1,0,차대차 - 기타,안전거리미확보,건조,맑음,교차로 - 교차로부근,승용,여,29세,상해없음,원동기,남,46세,경상
2016071400100434,2016년 7월 14일 17시,목요일,충청남도 금산군 금산읍,경상사고,0,0,1,0,차대차 - 측면직각충돌,안전운전불이행,건조,맑음,교차로 - 교차로안,이륜,남,73세,경상,화물,남,64세,상해없음
2016071400100480,2016년 7월 14일 18시,목요일,충청남도 서산시 동문동,중상사고,0,1,0,0,차대차 - 측면충돌,안전운전불이행,건조,맑음,교차로 - 교차로안,자전거,남,14세,중상,승용,남,55세,상해없음
2016071400100481,2016년 7월 14일 18시,목요일,충청남도 공주시 이인면,경상사고,0,0,2,0,차대차 - 정면충돌,안전운전불이행,건조,맑음,교차로 - 교차로부근,승용,여,53세,기타불명,승용,남,35세,경상
2016071400100518,2016년 7월 14일 19시,목요일,충청남도 천안시 서북구 쌍용동,중상사고,0,1,0,0,차대사람 - 기타,안전운전불이행,건조,맑음,기타 - 기타,승용,여,33세,상해없음,보행자,여,54세,중상
2016071400100548,2016년 7월 14일 20시,목요일,충청남도 천안시 서북구 두정동,중상사고,0,1,0,0,차대사람 - 횡단중,안전운전불이행,건조,맑음,교차로 - 교차로부근,승용,여,45세,상해없음,보행자,여,21세,중상
2016071400100573,2016년 7월 14일 21시,목요일,충청남도 공주시 송선동,중상사고,0,2,3,0,차대차 - 추돌,안전운전불이행,건조,맑음,교차로 - 교차로부근,화물,남,33세,상해없음,승용,여,27세,중상
2016071400100627,2016년 7월 14일 23시,목요일,충청남도 보령시 청소면,중상사고,0,1,2,0,차대차 - 기타,안전운전불이행,건조,맑음,단일로 - 기타,화물,남,42세,상해없음,승용,남,32세,경상
2016071500100065,2016년 7월 15일 06시,금요일,충청남도 서산시 해미면,중상사고,0,1,0,0,차대차 - 측면충돌,교차로운행방법위반,건조,맑음,교차로 - 교차로안,승용,남,74세,상해없음,승용,남,72세,중상
2016071500100066,2016년 7월 15일 06시,금요일,충청남도 아산시 풍기동,경상사고,0,0,1,0,차대차 - 기타,안전운전불이행,습기,흐림,단일로 - 기타,승용,남,61세,기타불명,승용,여,45세,경상
2016071500100117,2016년 7월 15일 08시,금요일,충청남도 홍성군 구항면,경상사고,0,0,2,0,차대차 - 추돌,안전운전불이행,건조,맑음,단일로 - 기타,화물,남,74세,상해없음,승용,여,50세,경상
2016071500100118,2016년 7월 15일 08시,금요일,충청남도 서천군 서천읍,사망사고,1,2,0,0,차량단독 - 공작물충돌,안전운전불이행,건조,맑음,교차로 - 교차로안,승합,여,61세,중상,,,,
2016071500100119,2016년 7월 15일 08시,금요일,충청남도 공주시 이인면,중상사고,0,1,0,0,차대차 - 정면충돌,안전운전불이행,건조,맑음,교차로 - 교차로부근,승용,여,36세,상해없음,이륜,남,79세,중상
2016071500100182,2016년 7월 15일 10시,금요일,충청남도 홍성군 갈산면,중상사고,0,1,0,0,차량단독 - 도로외이탈 - 기타,안전운전불이행,건조,맑음,교차로 - 교차로부근,원동기,남,40세,중상,,,,
2016071500100183,2016년 7월 15일 10시,금요일,충청남도 부여군 세도면,사망사고,1,0,0,0,차대차 - 기타,안전운전불이행,건조,맑음,교차로 - 교차로부근,승용,남,78세,상해없음,이륜,남,74세,사망
2016071500100230,2016년 7월 15일 11시,금요일,충청남도 서천군 마서면,중상사고,0,1,0,0,차대차 - 측면직각충돌,직진우회전진행방해,건조,맑음,교차로 - 교차로안,화물,여,64세,상해없음,원동기,남,74세,중상
2016071500100262,2016년 7월 15일 12시,금요일,충청남도 아산시 인주면,중상사고,0,1,0,0,차대사람 - 횡단중,안전운전불이행,건조,맑음,기타 - 기타,승용,남,34세,상해없음,보행자,남,59세,중상
2016071500100263,2016년 7월 15일 12시,금요일,충청남도 공주시 계룡면,중상사고,0,1,0,0,차량단독 - 기타,안전운전불이행,건조,맑음,단일로 - 기타,승합,남,50세,상해없음,,,,
2016071500100334,2016년 7월 15일 14시,금요일,충청남도 당진시 합덕읍,경상사고,0,0,2,0,차대차 - 추돌,안전운전불이행,건조,맑음,교차로 - 교차로부근,승용,남,54세,상해없음,승용,여,54세,경상
2016071500100360,2016년 7월 15일 15시,금요일,충청남도 공주시 유구읍,경상사고,0,0,1,0,차대차 - 측면직각충돌,직진우회전진행방해,건조,맑음,교차로 - 교차로안,승용,여,43세,상해없음,이륜,남,64세,경상
2016071500100406,2016년 7월 15일 16시,금요일,충청남도 아산시 방축동,중상사고,0,1,0,0,차대차 - 기타,안전운전불이행,건조,맑음,기타 - 기타,승용,여,47세,상해없음,자전거,남,87세,중상
2016071500100448,2016년 7월 15일 17시,금요일,충청남도 태안군 남면,중상사고,0,1,1,0,차대차 - 측면충돌,중앙선침범,건조,맑음,단일로 - 기타,승용,남,45세,경상,승용,남,53세,중상
2016071500100482,2016년 7월 15일 18시,금요일,충청남도 아산시 도고면,중상사고,0,2,1,0,차대차 - 측면충돌,안전운전불이행,건조,맑음,단일로 - 기타,승용,여,33세,중상,승용,남,30세,경상
2016071500100618,2016년 7월 15일 21시,금요일,충청남도 서산시 석림동,중상사고,0,1,0,0,차대차 - 측면직각충돌,중앙선침범,습기,비,단일로 - 기타,승용,남,51세,상해없음,이륜,남,23세,중상
2016071500100619,2016년 7월 15일 21시,금요일,충청남도 천안시 서북구 두정동,경상사고,0,0,2,0,차대차 - 추돌,안전운전불이행,건조,흐림,교차로 - 교차로부근,승용,남,40세,상해없음,승용,남,43세,경상
2016071500100620,2016년 7월 15일 21시,금요일,충청남도 천안시 서북구 성환읍,경상사고,0,0,1,0,차대차 - 측면직각충돌,안전운전불이행,건조,맑음,교차로 - 교차로안,승용,남,24세,상해없음,화물,남,30세,경상
2016071500100621,2016년 7월 15일 21시,금요일,충청남도 아산시 온천동,중상사고,0,2,1,0,차대사람 - 보도통행중,기타,건조,맑음,단일로 - 횡단보도부근,승용,남,40세,상해없음,보행자,여,17세,중상
2016071500100622,2016년 7월 15일 21시,금요일,충청남도 당진시 송악읍,경상사고,0,0,2,0,차대차 - 측면직각충돌,안전운전불이행,건조,맑음,단일로 - 기타,승용,남,33세,경상,승용,여,37세,경상
2016071500100623,2016년 7월 15일 21시,금요일,충청남도 천안시 동남구 신부동,부상신고사고,0,0,0,1,차대차 - 측면충돌,중앙선침범,건조,맑음,교차로 - 교차로안,자전거,남,24세,부상신고,승합,남,65세,상해없음
2016071500100660,2016년 7월 15일 22시,금요일,충청남도 서천군 서면,중상사고,0,1,2,0,차대사람 - 차도통행중,안전운전불이행,습기,비,단일로 - 기타,원동기,남,57세,경상,보행자,남,34세,경상
2016071500100661,2016년 7월 15일 22시,금요일,충청남도 천안시 동남구 신방동,경상사고,0,0,1,0,차대차 - 측면충돌,신호위반,건조,맑음,교차로 - 교차로안,승용,남,35세,상해없음,승용,여,36세,상해없음
2016071500100699,2016년 7월 15일 23시,금요일,충청남도 서산시 예천동,중상사고,0,1,3,0,차대차 - 측면충돌,신호위반,습기,비,교차로 - 교차로안,승용,남,26세,상해없음,승용,남,41세,경상
2016071500100700,2016년 7월 15일 23시,금요일,충청남도 천안시 서북구 직산읍,부상신고사고,0,0,0,1,차대차 - 측면직각충돌,교차로운행방법위반,습기,비,교차로 - 교차로안,승용,여,31세,상해없음,승용,여,43세,부상신고
2016071500100701,2016년 7월 15일 23시,금요일,충청남도 보령시 내항동,부상신고사고,0,0,0,1,차대차 - 추돌,안전거리미확보,습기,비,단일로 - 기타,승용,남,47세,상해없음,화물,남,34세,부상신고
2016071500100702,2016년 7월 15일 23시,금요일,충청남도 천안시 동남구 신방동,경상사고,0,0,1,0,차대사람 - 횡단중,안전운전불이행,건조,맑음,단일로 - 기타,기타불명,기타불명,기타불명,기타불명,보행자,여,69세,경상
2016071600100107,2016년 7월 16일 04시,토요일,충청남도 공주시 우성면,중상사고,0,1,0,0,차대차 - 기타,안전운전불이행,습기,비,기타 - 기타,화물,남,33세,상해없음,화물,남,55세,중상
2016071600100178,2016년 7월 16일 08시,토요일,충청남도 당진시 송악읍,경상사고,0,0,3,0,차대차 - 측면충돌,안전운전불이행,건조,맑음,단일로 - 기타,화물,남,42세,경상,승합,남,47세,경상
2016071600100211,2016년 7월 16일 09시,토요일,충청남도 공주시 중동,중상사고,0,1,0,0,차대차 - 측면직각충돌,신호위반,습기,비,교차로 - 교차로부근,화물,남,59세,상해없음,자전거,남,19세,중상
2016071600100240,2016년 7월 16일 10시,토요일,충청남도 아산시 용화동,경상사고,0,0,1,0,차대차 - 측면충돌,신호위반,습기,비,교차로 - 교차로안,특수,남,34세,상해없음,승용,남,28세,경상
2016071600100241,2016년 7월 16일 10시,토요일,충청남도 아산시 용화동,경상사고,0,0,1,0,차대차 - 측면충돌,직진우회전진행방해,습기,비,교차로 - 교차로안,승용,남,37세,상해없음,승용,여,43세,경상
2016071600100295,2016년 7월 16일 12시,토요일,충청남도 논산시 가야곡면,중상사고,0,2,1,0,차대차 - 정면충돌,안전운전불이행,습기,비,단일로 - 기타,화물,여,51세,상해없음,승용,남,60세,경상
2016071600100299,2016년 7월 16일 12시,토요일,충청남도 당진시 신평면,중상사고,0,1,1,0,차대차 - 추돌,안전거리미확보,건조,맑음,단일로 - 기타,승용,남,20세,상해없음,승용,남,45세,경상
2016071600100332,2016년 7월 16일 13시,토요일,충청남도 태안군 이원면,중상사고,0,1,1,0,차대차 - 정면충돌,중앙선침범,건조,맑음,기타 - 기타,승용,남,27세,상해없음,화물,남,35세,중상
2016071600100333,2016년 7월 16일 13시,토요일,충청남도 부여군 양화면,중상사고,0,2,0,0,차대차 - 정면충돌,교차로운행방법위반,건조,흐림,교차로 - 교차로안,승용,남,64세,상해없음,화물,남,63세,중상
2016071600100362,2016년 7월 16일 14시,토요일,충청남도 천안시 동남구 대흥동,경상사고,0,0,1,0,차대차 - 기타,직진우회전진행방해,습기,비,교차로 - 교차로안,승용,여,55세,상해없음,원동기,남,74세,경상
2016071600100406,2016년 7월 16일 15시,토요일,충청남도 공주시 반포면,중상사고,0,1,0,0,차대차 - 추돌,안전운전불이행,건조,맑음,교차로 - 교차로부근,승용,여,47세,기타불명,승용,남,36세,중상
2016071600100407,2016년 7월 16일 15시,토요일,충청남도 금산군 추부면,경상사고,0,0,1,0,차대차 - 측면충돌,직진우회전진행방해,건조,맑음,교차로 - 교차로안,승용,여,64세,경상,화물,남,35세,상해없음
2016071600100442,2016년 7월 16일 16시,토요일,충청남도 금산군 진산면,중상사고,0,1,2,0,차대차 - 정면충돌,중앙선침범,건조,맑음,단일로 - 기타,승용,남,33세,경상,승용,남,36세,경상
2016071600100472,2016년 7월 16일 17시,토요일,충청남도 보령시 신흑동,중상사고,0,1,1,0,차대사람 - 횡단중,안전운전불이행,습기,비,단일로 - 횡단보도상,원동기,남,40세,상해없음,보행자,여,90세 이상,중상
2016071600100506,2016년 7월 16일 18시,토요일,충청남도 논산시 내동,경상사고,0,0,1,0,차대차 - 측면충돌,안전운전불이행,건조,맑음,단일로 - 기타,이륜,남,57세,경상,승용,남,23세,상해없음
2016071600100507,2016년 7월 16일 18시,토요일,충청남도 금산군 남이면,중상사고,0,1,0,0,차량단독 - 전도전복,안전운전불이행,습기,흐림,단일로 - 기타,이륜,남,79세,중상,,,,
2016071600100508,2016년 7월 16일 18시,토요일,충청남도 금산군 부리면,경상사고,0,0,3,0,차대차 - 정면충돌,중앙선침범,건조,맑음,단일로 - 기타,승용,남,37세,경상,승용,남,22세,경상
2016071600100533,2016년 7월 16일 19시,토요일,충청남도 아산시 방축동,중상사고,0,2,2,0,차대차 - 정면충돌,안전운전불이행,건조,흐림,교차로 - 교차로안,승용,여,39세,상해없음,승용,남,41세,중상
2016071600100570,2016년 7월 16일 20시,토요일,충청남도 천안시 서북구 쌍용동,경상사고,0,0,1,0,차대차 - 기타,안전운전불이행,건조,맑음,단일로 - 기타,승용,남,50세,상해없음,승용,남,64세,상해없음
2016071600100602,2016년 7월 16일 21시,토요일,충청남도 예산군 예산읍,중상사고,0,1,0,0,차대차 - 측면직각충돌,안전운전불이행,습기,비,교차로 - 교차로안,승합,남,46세,상해없음,이륜,남,16세,중상
2016071600100633,2016년 7월 16일 22시,토요일,충청남도 천안시 서북구 성환읍,중상사고,0,1,0,0,차대차 - 기타,안전운전불이행,건조,맑음,교차로 - 교차로부근,승용,남,38세,상해없음,이륜,남,45세,중상
2016071600100634,2016년 7월 16일 22시,토요일,충청남도 당진시 송악읍,중상사고,0,1,0,0,차대차 - 추돌,안전운전불이행,습기,흐림,교차로 - 교차로부근,승용,남,47세,상해없음,승용,남,54세,중상
2016071600100635,2016년 7월 16일 22시,토요일,충청남도 금산군 금성면,사망사고,1,0,1,0,차대차 - 정면충돌,신호위반,습기,흐림,교차로 - 교차로안,원동기,남,29세,사망,승용,남,26세,경상
2016071600100667,2016년 7월 16일 23시,토요일,충청남도 천안시 서북구 성정동,중상사고,0,1,2,0,차대차 - 추돌,안전운전불이행,건조,흐림,교차로 - 교차로부근,화물,남,46세,상해없음,승용,남,25세,경상
2016071600100668,2016년 7월 16일 23시,토요일,충청남도 천안시 서북구 두정동,경상사고,0,0,1,0,차대사람 - 기타,안전운전불이행,건조,맑음,단일로 - 기타,승용,남,32세,기타불명,보행자,남,19세,경상
2016071700100057,2016년 7월 17일 02시,일요일,충청남도 서산시 석림동,중상사고,0,2,0,0,차대차 - 정면충돌,교차로운행방법위반,건조,맑음,교차로 - 교차로안,승용,여,18세,중상,화물,남,28세,상해없음
2016071700100071,2016년 7월 17일 03시,일요일,충청남도 아산시 배방읍,경상사고,0,0,1,0,차대차 - 추돌,안전운전불이행,건조,맑음,단일로 - 기타,승용,남,38세,상해없음,승용,남,28세,경상
2016071700100109,2016년 7월 17일 07시,일요일,충청남도 논산시 부창동,경상사고,0,0,2,0,차대차 - 추돌,과속,건조,맑음,단일로 - 기타,승용,남,25세,상해없음,승용,여,47세,경상
2016071700100126,2016년 7월 17일 09시,일요일,충청남도 천안시 서북구 성정동,경상사고,0,0,1,0,차대차 - 기타,안전운전불이행,건조,흐림,교차로 - 교차로부근,승용,여,28세,상해없음,승용,여,42세,경상
2016071700100127,2016년 7월 17일 09시,일요일,충청남도 천안시 동남구 신부동,중상사고,0,1,3,0,차대차 - 측면충돌,안전운전불이행,건조,맑음,단일로 - 기타,승합,남,57세,기타불명,승용,여,55세,경상
2016071700100142,2016년 7월 17일 10시,일요일,충청남도 아산시 모종동,중상사고,0,1,0,0,차대차 - 측면직각충돌,신호위반,건조,맑음,교차로 - 교차로안,승용,남,56세,상해없음,승합,남,55세,중상
2016071700100143,2016년 7월 17일 10시,일요일,충청남도 청양군 청양읍,중상사고,0,1,0,0,차대차 - 측면직각충돌,직진우회전진행방해,건조,맑음,교차로 - 교차로안,이륜,남,56세,중상,승용,남,57세,상해없음
2016071700100144,2016년 7월 17일 10시,일요일,충청남도 천안시 동남구 신부동,경상사고,0,0,1,0,차대차 - 추돌,안전운전불이행,건조,맑음,단일로 - 기타,승용,여,26세,상해없음,승용,남,37세,경상
2016071700100188,2016년 7월 17일 12시,일요일,충청남도 아산시 탕정면,중상사고,0,1,0,0,차대차 - 측면충돌,안전운전불이행,건조,맑음,단일로 - 기타,승용,남,40세,상해없음,원동기,남,37세,중상
2016071700100218,2016년 7월 17일 13시,일요일,충청남도 서천군 판교면,경상사고,0,0,3,0,차대차 - 측면충돌,직진우회전진행방해,건조,맑음,교차로 - 교차로안,승용,남,30세,경상,화물,남,65세,경상
2016071700100274,2016년 7월 17일 15시,일요일,충청남도 보령시 궁촌동,중상사고,0,1,0,0,차대차 - 기타,안전운전불이행,건조,맑음,교차로 - 교차로안,화물,남,56세,상해없음,자전거,남,64세,중상
2016071700100346,2016년 7월 17일 17시,일요일,충청남도 홍성군 서부면,경상사고,0,0,2,0,차대차 - 추돌,안전운전불이행,건조,맑음,교차로 - 교차로안,화물,남,56세,상해없음,승용,남,34세,경상
2016071700100398,2016년 7월 17일 19시,일요일,충청남도 천안시 서북구 쌍용동,경상사고,0,0,1,0,차대사람 - 기타,안전운전불이행,건조,맑음,단일로 - 기타,승용,여,47세,상해없음,보행자,남,54세,경상
2016071700100423,2016년 7월 17일 20시,일요일,충청남도 아산시 온천동,경상사고,0,0,1,0,차대차 - 측면충돌,교차로운행방법위반,건조,맑음,교차로 - 교차로안,승용,남,32세,상해없음,원동기,남,16세,경상
2016071700100450,2016년 7월 17일 21시,일요일,충청남도 보령시 대천동,중상사고,0,1,3,0,차대차 - 측면직각충돌,직진우회전진행방해,건조,맑음,교차로 - 교차로안,승용,여,56세,경상,승용,남,46세,중상