사고번호,사고일시,요일,시군구,사고내용,사망자수,중상자수,경상자수,부상신고자수,사고유형,법규위반,노면상태,기상상태,도로형태,가해운전자 차종,가해운전자 성별,가해운전자 연령,가해운전자 상해정도,피해운전자 차종,피해운전자 성별,피해운전자 연령,피해운전자 상해정도
2016071700100451,2016년 7월 17일 21시,일요일,충청남도 당진시 송악읍,경상사고,0,0,1,0,차대사람 - 기타,안전운전불이행,건조,맑음,단일로 - 기타,승용,남,47세,상해없음,보행자,남,25세,경상
2016071700100452,2016년 7월 17일 21시,일요일,충청남도 천안시 동남구 신방동,경상사고,0,0,2,0,차대차 - 정면충돌,중앙선침범,건조,맑음,단일로 - 기타,화물,남,56세,상해없음,승합,남,47세,경상
2016071800100008,2016년 7월 18일 00시,월요일,충청남도 천안시 서북구 성거읍,중상사고,0,1,0,0,차대차 - 추돌,안전운전불이행,건조,흐림,단일로 - 기타,승용,남,31세,상해없음,승용,남,39세,중상
2016071800100017,2016년 7월 18일 01시,월요일,충청남도 아산시 탕정면,경상사고,0,0,2,0,차대차 - 측면충돌,신호위반,건조,맑음,교차로 - 교차로안,승용,남,24세,상해없음,승용,남,57세,경상
2016071800100024,2016년 7월 18일 02시,월요일,충청남도 서천군 비인면,사망사고,1,1,0,0,차대차 - 측면직각충돌,안전운전불이행,건조,맑음,단일로 - 기타,승용,남,25세,사망,건설기계,남,49세,중상
2016071800100049,2016년 7월 18일 06시,월요일,충청남도 천안시 서북구 성정동,중상사고,0,1,0,0,차대차 - 측면충돌,중앙선침범,건조,맑음,교차로 - 교차로안,승용,여,32세,상해없음,승용,남,45세,중상
2016071800100071,2016년 7월 18일 07시,월요일,충청남도 서천군 화양면,중상사고,0,1,0,0,차대차 - 추돌,안전거리미확보,건조,맑음,단일로 - 기타,특수,남,48세,상해없음,이륜,남,79세,중상
2016071800100072,2016년 7월 18일 07시,월요일,충청남도 공주시 중학동,중상사고,0,1,12,0,차대차 - 측면충돌,교차로운행방법위반,건조,맑음,교차로 - 교차로안,승합,남,59세,상해없음,화물,남,66세,경상
2016071800100073,2016년 7월 18일 07시,월요일,충청남도 예산군 오가면,사망사고,1,0,0,0,차대차 - 측면충돌,신호위반,건조,맑음,교차로 - 교차로안,승용,남,27세,상해없음,승용,여,56세,사망
2016071800100074,2016년 7월 18일 07시,월요일,충청남도 천안시 동남구 구성동,경상사고,0,0,1,0,차대사람 - 횡단중,보행자보호의무위반,건조,맑음,단일로 - 기타,화물,남,50세,상해없음,보행자,여,90세 이상,경상
2016071800100105,2016년 7월 18일 08시,월요일,충청남도 천안시 서북구 두정동,경상사고,0,0,1,0,차대차 - 기타,안전거리미확보,건조,맑음,단일로 - 기타,승용,여,45세,상해없음,승용,남,41세,상해없음
2016071800100106,2016년 7월 18일 08시,월요일,충청남도 금산군 추부면,경상사고,0,0,2,0,차대차 - 측면직각충돌,중앙선침범,건조,맑음,단일로 - 기타,승용,남,45세,경상,승용,여,48세,경상
2016071800100107,2016년 7월 18일 08시,월요일,충청남도 천안시 동남구 봉명동,경상사고,0,0,1,0,차대차 - 기타,안전거리미확보,건조,맑음,단일로 - 기타,승용,여,46세,상해없음,승용,여,59세,경상
2016071800100145,2016년 7월 18일 09시,월요일,충청남도 천안시 서북구 불당동,경상사고,0,0,4,1,차대차 - 측면충돌,교차로운행방법위반,건조,맑음,교차로 - 교차로안,승용,남,69세,상해없음,승용,여,45세,경상
2016071800100146,2016년 7월 18일 09시,월요일,충청남도 공주시 사곡면,경상사고,0,0,3,0,차대차 - 측면직각충돌,안전운전불이행,건조,맑음,단일로 - 기타,승용,여,45세,상해없음,농기계,남,69세,경상
2016071800100147,2016년 7월 18일 09시,월요일,충청남도 천안시 동남구 원성동,중상사고,0,1,0,0,차대차 - 측면충돌,직진우회전진행방해,건조,맑음,교차로 - 교차로안,승용,여,41세,상해없음,이륜,남,35세,중상
2016071800100200,2016년 7월 18일 11시,월요일,충청남도 천안시 서북구 쌍용동,중상사고,0,1,0,0,차대차 - 측면충돌,교차로운행방법위반,건조,맑음,교차로 - 교차로안,이륜,남,40세,기타불명,자전거,남,79세,중상
2016071800100301,2016년 7월 18일 14시,월요일,충청남도 천안시 서북구 두정동,경상사고,0,0,1,0,차대차 - 기타,안전운전불이행,건조,맑음,교차로 - 교차로부근,승용,남,27세,상해없음,승용,여,33세,경상
2016071800100302,2016년 7월 18일 14시,월요일,충청남도 홍성군 홍성읍,경상사고,0,0,1,0,차대차 - 측면충돌,교차로운행방법위반,건조,맑음,교차로 - 교차로안,승합,남,43세,상해없음,이륜,남,77세,경상
2016071800100329,2016년 7월 18일 15시,월요일,충청남도 서산시 동문동,경상사고,0,0,3,0,차대차 - 측면직각충돌,안전운전불이행,건조,맑음,교차로 - 교차로부근,승용,남,47세,상해없음,승용,여,33세,경상
2016071800100331,2016년 7월 18일 15시,월요일,충청남도 부여군 옥산면,중상사고,0,1,0,0,차대차 - 측면충돌,직진우회전진행방해,건조,맑음,교차로 - 교차로안,화물,남,39세,상해없음,이륜,남,56세,중상
2016071800100368,2016년 7월 18일 16시,월요일,충청남도 서산시 석림동,중상사고,0,2,0,0,차대사람 - 횡단중,보행자보호의무위반,건조,맑음,교차로 - 교차로부근,승용,남,33세,상해없음,보행자,여,9세,중상
2016071800100369,2016년 7월 18일 16시,월요일,충청남도 논산시 취암동,중상사고,0,3,3,0,차대차 - 측면직각충돌,교차로운행방법위반,건조,맑음,교차로 - 교차로안,승용,여,57세,경상,승합,남,48세,상해없음
2016071800100370,2016년 7월 18일 16시,월요일,충청남도 보령시 남곡동,경상사고,0,0,2,0,차대차 - 추돌,안전거리미확보,건조,맑음,단일로 - 기타,화물,여,43세,상해없음,승용,남,61세,경상
2016071800100371,2016년 7월 18일 16시,월요일,충청남도 보령시 대천동,중상사고,0,1,0,0,차대차 - 측면직각충돌,직진우회전진행방해,건조,맑음,교차로 - 교차로안,승용,여,43세,상해없음,자전거,남,77세,중상
2016071800100372,2016년 7월 18일 16시,월요일,충청남도 금산군 추부면,중상사고,0,1,0,0,차대차 - 정면충돌,교차로운행방법위반,건조,맑음,교차로 - 교차로안,승합,남,50세,상해없음,승용,남,42세,중상
2016071800100409,2016년 7월 18일 17시,월요일,충청남도 금산군 금성면,경상사고,0,0,1,0,차량단독 - 전도전복,안전운전불이행,건조,맑음,단일로 - 기타,승용,남,57세,경상,,,,
2016071800100452,2016년 7월 18일 18시,월요일,충청남도 천안시 서북구 차암동,중상사고,0,1,0,0,차대사람 - 횡단중,안전운전불이행,건조,맑음,단일로 - 기타,승용,남,36세,상해없음,보행자,여,78세,중상
2016071800100489,2016년 7월 18일 19시,월요일,충청남도 아산시 둔포면,경상사고,0,0,1,0,차대차 - 정면충돌,중앙선침범,건조,맑음,기타 - 기타,승용,남,52세,상해없음,승용,남,44세,경상
2016071800100548,2016년 7월 18일 21시,월요일,충청남도 서산시 동문동,경상사고,0,0,1,0,차대사람 - 횡단중,안전운전불이행,건조,맑음,단일로 - 기타,원동기,남,14세,경상,보행자,여,58세,상해없음
2016071800100549,2016년 7월 18일 21시,월요일,충청남도 천안시 동남구 목천읍,중상사고,0,1,0,0,차대차 - 추돌,안전거리미확보,건조,맑음,단일로 - 기타,화물,남,59세,상해없음,화물,남,54세,중상
2016071900100022,2016년 7월 19일 01시,화요일,충청남도 천안시 서북구 성성동,중상사고,0,1,0,0,차대차 - 기타,중앙선침범,건조,맑음,단일로 - 기타,승용,여,39세,상해없음,원동기,여,58세,중상
2016071900100057,2016년 7월 19일 05시,화요일,충청남도 천안시 동남구 신방동,중상사고,0,1,0,0,차대차 - 정면충돌,안전운전불이행,건조,맑음,단일로 - 기타,승용,남,71세,상해없음,승용,남,43세,중상
2016071900100058,2016년 7월 19일 05시,화요일,충청남도 천안시 동남구 신부동,경상사고,0,0,1,0,차대차 - 측면직각충돌,안전운전불이행,건조,맑음,교차로 - 교차로안,승용,여,61세,경상,승용,남,27세,상해없음
2016071900100092,2016년 7월 19일 07시,화요일,충청남도 아산시 좌부동,경상사고,0,0,1,0,차대사람 - 차도통행중,안전운전불이행,건조,맑음,기타 - 기타,승용,남,75세,상해없음,보행자,남,60세,경상
2016071900100127,2016년 7월 19일 08시,화요일,충청남도 서산시 동문동,경상사고,0,0,2,0,차대차 - 측면충돌,교차로운행방법위반,건조,맑음,교차로 - 교차로안,승용,여,51세,경상,승용,남,24세,경상
2016071900100128,2016년 7월 19일 08시,화요일,충청남도 천안시 서북구 두정동,중상사고,0,1,0,0,차대차 - 기타,안전운전불이행,건조,맑음,교차로 - 교차로안,승용,여,60세,상해없음,자전거,남,13세,중상
2016071900100199,2016년 7월 19일 10시,화요일,충청남도 공주시 정안면,경상사고,0,0,1,0,차대차 - 측면직각충돌,안전운전불이행,건조,맑음,단일로 - 기타,승용,남,57세,상해없음,원동기,남,19세,경상
2016071900100200,2016년 7월 19일 10시,화요일,충청남도 부여군 임천면,경상사고,0,0,1,0,차대차 - 정면충돌,교차로운행방법위반,건조,맑음,교차로 - 교차로안,화물,남,49세,상해없음,이륜,남,88세,경상
2016071900100236,2016년 7월 19일 11시,화요일,충청남도 아산시 온천동,경상사고,0,0,2,0,차대차 - 기타,안전운전불이행,건조,맑음,단일로 - 기타,승용,남,62세,상해없음,승용,여,45세,경상
2016071900100264,2016년 7월 19일 12시,화요일,충청남도 당진시 합덕읍,경상사고,0,0,1,0,차대사람 - 횡단중,안전운전불이행,건조,맑음,교차로 - 교차로부근,승용,여,46세,상해없음,보행자,여,50세,경상
2016071900100296,2016년 7월 19일 13시,화요일,충청남도 보령시 신흑동,중상사고,0,1,0,0,차대차 - 정면충돌,교차로운행방법위반,건조,맑음,교차로 - 교차로안,승용,여,47세,상해없음,이륜,남,46세,중상
2016071900100329,2016년 7월 19일 14시,화요일,충청남도 홍성군 홍성읍,경상사고,0,0,1,0,차대차 - 측면충돌,중앙선침범,건조,맑음,단일로 - 기타,승용,여,30세,상해없음,승용,남,26세,경상
2016071900100330,2016년 7월 19일 14시,화요일,충청남도 예산군 고덕면,경상사고,0,0,1,0,차대차 - 기타,중앙선침범,건조,맑음,단일로 - 기타,승용,남,55세,상해없음,이륜,남,80세,경상
2016071900100366,2016년 7월 19일 15시,화요일,충청남도 아산시 모종동,경상사고,0,0,1,0,차대차 - 기타,안전운전불이행,건조,맑음,단일로 - 기타,기타불명,기타불명,기타불명,기타불명,자전거,남,13세,경상
2016071900100367,2016년 7월 19일 15시,화요일,충청남도 부여군 부여읍,중상사고,0,1,0,0,차대차 - 측면직각충돌,안전운전불이행,건조,맑음,단일로 - 기타,승합,남,62세,상해없음,화물,남,31세,중상
2016071900100416,2016년 7월 19일 16시,화요일,충청남도 태안군 태안읍,경상사고,0,0,1,0,차대차 - 측면충돌,직진우회전진행방해,건조,맑음,교차로 - 교차로안,승합,남,59세,상해없음,화물,남,68세,경상
2016071900100417,2016년 7월 19일 16시,화요일,충청남도 홍성군 홍성읍,경상사고,0,0,1,0,차대차 - 기타,안전운전불이행,건조,맑음,교차로 - 교차로부근,승합,남,37세,상해없음,자전거,남,55세,경상
2016071900100421,2016년 7월 19일 16시,화요일,충청남도 홍성군 갈산면,중상사고,0,1,0,0,차량단독 - 전도전복,과속,건조,맑음,단일로 - 기타,승용,남,21세,상해없음,,,,
2016071900100463,2016년 7월 19일 17시,화요일,충청남도 홍성군 홍성읍,경상사고,0,0,1,0,차대사람 - 횡단중,보행자보호의무위반,건조,맑음,단일로 - 횡단보도상,농기계,여,79세,기타불명,보행자,여,16세,경상
2016071900100464,2016년 7월 19일 17시,화요일,충청남도 서천군 서천읍,경상사고,0,0,1,0,차대차 - 기타,중앙선침범,건조,맑음,단일로 - 기타,원동기,남,84세,경상,화물,남,24세,상해없음
2016071900100465,2016년 7월 19일 17시,화요일,충청남도 보령시 신흑동,중상사고,0,1,1,0,차대차 - 정면충돌,신호위반,건조,맑음,교차로 - 교차로안,승용,여,45세,경상,승용,남,20세,중상
2016071900100466,2016년 7월 19일 17시,화요일,충청남도 공주시 의당면,경상사고,0,0,1,0,차대차 - 추돌,안전운전불이행,건조,맑음,교차로 - 교차로안,승용,남,56세,상해없음,승용,여,42세,경상
2016071900100467,2016년 7월 19일 17시,화요일,충청남도 예산군 삽교읍,중상사고,0,1,0,0,차량단독 - 전도전복,안전운전불이행,건조,맑음,단일로 - 기타,이륜,남,66세,중상,,,,
2016071900100546,2016년 7월 19일 19시,화요일,충청남도 부여군 초촌면,중상사고,0,1,0,0,차대사람 - 길가장자리구역통행중,안전운전불이행,건조,맑음,단일로 - 교량,화물,남,63세,상해없음,보행자,여,79세,중상
2016071900100579,2016년 7월 19일 20시,화요일,충청남도 서산시 운산면,중상사고,0,1,0,0,차대사람 - 횡단중,안전운전불이행,건조,맑음,단일로 - 기타,승용,여,61세,상해없음,보행자,여,75세,중상
2016071900100580,2016년 7월 19일 20시,화요일,충청남도 공주시 금흥동,중상사고,0,1,1,0,차대차 - 측면직각충돌,안전운전불이행,건조,맑음,교차로 - 교차로안,화물,남,47세,상해없음,화물,남,71세,경상
2016071900100581,2016년 7월 19일 20시,화요일,충청남도 당진시 합덕읍,경상사고,0,0,1,0,차대차 - 정면충돌,중앙선침범,건조,맑음,단일로 - 기타,승용,여,53세,상해없음,화물,남,56세,경상
2016071900100583,2016년 7월 19일 20시,화요일,충청남도 서산시 운산면,사망사고,1,0,0,0,차대차 - 추돌,안전거리미확보,건조,맑음,단일로 - 기타,화물,남,41세,사망,화물,남,44세,상해없음
2016071900100649,2016년 7월 19일 22시,화요일,충청남도 서천군 서천읍,경상사고,0,0,2,0,차대차 - 측면직각충돌,직진우회전진행방해,건조,맑음,교차로 - 교차로안,승용,남,51세,경상,승용,여,41세,경상
2016072000100021,2016년 7월 20일 01시,수요일,충청남도 천안시 서북구 성거읍,중상사고,0,1,1,0,차대차 - 추돌,안전운전불이행,건조,맑음,단일로 - 기타,승용,남,20세,상해없음,승용,남,50세,경상
2016072000100051,2016년 7월 20일 04시,수요일,충청남도 서산시 대산읍,중상사고,0,1,0,0,차량단독 - 전도전복,안전운전불이행,건조,맑음,단일로 - 기타,이륜,남,23세,중상,,,,
2016072000100052,2016년 7월 20일 04시,수요일,충청남도 천안시 서북구 성거읍,경상사고,0,0,3,0,차대차 - 정면충돌,안전운전불이행,건조,맑음,단일로 - 기타,승용,남,26세,상해없음,승용,남,66세,경상
2016072000100082,2016년 7월 20일 07시,수요일,충청남도 홍성군 홍성읍,중상사고,0,1,2,0,차대차 - 측면충돌,안전운전불이행,건조,맑음,교차로 - 교차로부근,승용,남,61세,상해없음,승용,남,52세,중상
2016072000100116,2016년 7월 20일 08시,수요일,충청남도 서천군 서천읍,중상사고,0,1,0,0,차대차 - 추돌,안전운전불이행,건조,맑음,교차로 - 교차로부근,승용,여,56세,기타불명,승용,여,57세,중상
2016072000100117,2016년 7월 20일 08시,수요일,충청남도 공주시 신관동,경상사고,0,0,1,0,차대차 - 측면직각충돌,신호위반,건조,맑음,교차로 - 교차로안,승용,여,46세,상해없음,화물,남,55세,경상
2016072000100160,2016년 7월 20일 09시,수요일,충청남도 금산군 제원면,경상사고,0,0,1,0,차대차 - 측면직각충돌,안전운전불이행,습기,비,단일로 - 기타,승용,남,30세,경상,화물,남,50세,상해없음
2016072000100189,2016년 7월 20일 10시,수요일,충청남도 서산시 동문동,중상사고,0,1,0,0,차대사람 - 횡단중,안전운전불이행,건조,맑음,단일로 - 횡단보도상,승용,여,50세,상해없음,보행자,여,80세,중상
2016072000100215,2016년 7월 20일 11시,수요일,충청남도 아산시 방축동,경상사고,0,0,1,0,차량단독 - 전도전복,안전운전불이행,건조,맑음,단일로 - 기타,원동기,남,57세,경상,,,,
2016072000100216,2016년 7월 20일 11시,수요일,충청남도 아산시 읍내동,경상사고,0,0,1,0,차대사람 - 길가장자리구역통행중,안전운전불이행,건조,맑음,단일로 - 기타,승용,남,22세,상해없음,보행자,남,33세,경상
2016072000100217,2016년 7월 20일 11시,수요일,충청남도 아산시 온천동,경상사고,0,0,1,0,차대사람 - 횡단중,안전운전불이행,건조,맑음,교차로 - 교차로부근,자전거,남,13세,상해없음,보행자,여,61세,경상
2016072000100281,2016년 7월 20일 13시,수요일,충청남도 당진시 석문면,사망사고,1,0,0,0,차대차 - 측면충돌,교차로운행방법위반,건조,맑음,교차로 - 교차로안,화물,남,48세,상해없음,이륜,남,76세,사망
2016072000100282,2016년 7월 20일 13시,수요일,충청남도 천안시 동남구 봉명동,중상사고,0,1,0,0,차대차 - 측면직각충돌,안전거리미확보,건조,맑음,단일로 - 기타,승용,남,59세,상해없음,이륜,남,31세,중상
2016072000100312,2016년 7월 20일 14시,수요일,충청남도 논산시 연무읍,중상사고,0,1,0,0,차대차 - 정면충돌,교차로운행방법위반,건조,맑음,교차로 - 교차로안,승용,남,74세,상해없음,이륜,남,81세,중상
2016072000100313,2016년 7월 20일 14시,수요일,충청남도 홍성군 홍성읍,중상사고,0,1,0,0,차대사람 - 차도통행중,안전운전불이행,건조,맑음,단일로 - 기타,승용,남,81세,상해없음,보행자,남,90세 이상,중상
2016072000100394,2016년 7월 20일 16시,수요일,충청남도 논산시 성동면,중상사고,0,1,0,0,차대사람 - 기타,안전운전불이행,건조,맑음,기타 - 기타,화물,남,21세,상해없음,보행자,남,20세,중상
2016072000100438,2016년 7월 20일 17시,수요일,충청남도 아산시 탕정면,경상사고,0,0,1,0,차대차 - 정면충돌,안전운전불이행,건조,맑음,단일로 - 기타,승용,여,24세,상해없음,승용,남,43세,경상
2016072000100484,2016년 7월 20일 18시,수요일,충청남도 서산시 고북면,경상사고,0,0,1,0,차대사람 - 횡단중,안전운전불이행,건조,맑음,단일로 - 기타,화물,남,49세,상해없음,보행자,여,75세,경상
2016072000100485,2016년 7월 20일 18시,수요일,충청남도 천안시 서북구 성정동,중상사고,0,1,0,0,차대차 - 기타,직진우회전진행방해,건조,맑음,교차로 - 교차로부근,승용,남,36세,상해없음,원동기,남,34세,중상
2016072000100486,2016년 7월 20일 18시,수요일,충청남도 천안시 서북구 쌍용동,경상사고,0,0,1,0,차대차 - 기타,직진우회전진행방해,건조,맑음,교차로 - 교차로부근,승용,여,33세,상해없음,승용,여,27세,경상
2016072000100487,2016년 7월 20일 18시,수요일,충청남도 예산군 예산읍,중상사고,0,1,0,0,차대차 - 측면직각충돌,신호위반,건조,맑음,교차로 - 교차로안,승용,남,80세,상해없음,승용,남,22세,중상
2016072000100488,2016년 7월 20일 18시,수요일,충청남도 당진시 송산면,경상사고,0,0,1,0,차대차 - 측면충돌,신호위반,건조,맑음,교차로 - 교차로안,화물,남,66세,상해없음,화물,남,48세,경상
2016072000100489,2016년 7월 20일 18시,수요일,충청남도 천안시 동남구 삼룡동,경상사고,0,0,2,0,차대차 - 추돌,안전거리미확보,건조,맑음,단일로 - 기타,승용,남,47세,상해없음,승용,여,37세,경상
2016072000100490,2016년 7월 20일 18시,수요일,충청남도 천안시 동남구 오룡동,경상사고,0,0,1,0,차대사람 - 기타,안전운전불이행,건조,맑음,단일로 - 기타,기타불명,기타불명,기타불명,기타불명,보행자,여,17세,경상
2016072000100564,2016년 7월 20일 20시,수요일,충청남도 홍성군 광천읍,중상사고,0,1,0,0,차대사람 - 횡단중,안전운전불이행,건조,맑음,단일로 - 기타,승용,남,22세,상해없음,보행자,남,8세,중상
2016072000100565,2016년 7월 20일 20시,수요일,충청남도 아산시 신창면,경상사고,0,0,1,0,차대차 - 측면충돌,중앙선침범,건조,맑음,단일로 - 기타,승용,남,66세,기타불명,승용,남,51세,경상
2016072000100603,2016년 7월 20일 21시,수요일,충청남도 아산시 배방읍,경상사고,0,0,1,0,차대차 - 측면직각충돌,안전운전불이행,건조,맑음,교차로 - 교차로안,승용,남,24세,상해없음,이륜,남,45세,경상
2016072000100630,2016년 7월 20일 22시,수요일,충청남도 보령시 죽정동,경상사고,0,0,1,1,차대차 - 추돌,안전운전불이행,건조,맑음,교차로 - 교차로부근,승용,남,34세,상해없음,승합,남,35세,상해없음
2016072100100040,2016년 7월 21일 04시,목요일,충청남도 보령시 남포면,경상사고,0,0,1,0,차량단독 - 전도전복,안전운전불이행,건조,맑음,교차로 - 교차로부근,승용,남,21세,상해없음,,,,
2016072100100053,2016년 7월 21일 05시,목요일,충청남도 천안시 동남구 신방동,중상사고,0,1,2,0,차대차 - 측면충돌,신호위반,건조,맑음,교차로 - 교차로안,승용,남,47세,중상,승합,남,66세,경상
2016072100100061,2016년 7월 21일 06시,목요일,충청남도 천안시 서북구 성정동,사망사고,1,0,0,0,차대차 - 기타,중앙선침범,건조,맑음,교차로 - 교차로부근,이륜,남,31세,사망,건설기계,남,36세,상해없음
2016072100100077,2016년 7월 21일 07시,목요일,충청남도 천안시 동남구 안서동,경상사고,0,0,1,0,차대차 - 측면충돌,안전운전불이행,건조,맑음,단일로 - 기타,이륜,남,33세,경상,승용,남,26세,상해없음
2016072100100200,2016년 7월 21일 11시,목요일,충청남도 홍성군 홍성읍,경상사고,0,0,1,0,차대차 - 추돌,안전운전불이행,건조,맑음,단일로 - 기타,승용,남,35세,상해없음,승용,남,64세,경상
2016072100100237,2016년 7월 21일 12시,목요일,충청남도 청양군 장평면,중상사고,0,1,1,0,차량단독 - 공작물충돌,안전운전불이행,건조,맑음,단일로 - 기타,화물,남,75세,경상,,,,
2016072100100264,2016년 7월 21일 13시,목요일,충청남도 천안시 서북구 두정동,부상신고사고,0,0,0,1,차대차 - 측면직각충돌,안전운전불이행,건조,맑음,단일로 - 기타,승용,여,39세,상해없음,이륜,남,21세,부상신고
2016072100100265,2016년 7월 21일 13시,목요일,충청남도 서천군 비인면,중상사고,0,1,0,1,차량단독 - 공작물충돌,안전운전불이행,건조,맑음,단일로 - 기타,화물,남,58세,부상신고,,,,
2016072100100266,2016년 7월 21일 13시,목요일,충청남도 공주시 유구읍,중상사고,0,1,0,0,차대차 - 기타,기타,건조,맑음,단일로 - 기타,승용,남,56세,상해없음,이륜,여,58세,중상
2016072100100299,2016년 7월 21일 14시,목요일,충청남도 보령시 동대동,중상사고,0,1,0,0,차대사람 - 횡단중,안전운전불이행,건조,맑음,단일로 - 기타,승용,여,36세,상해없음,보행자,여,55세,중상
2016072100100300,2016년 7월 21일 14시,목요일,충청남도 부여군 부여읍,중상사고,0,1,0,0,차대차 - 측면충돌,안전운전불이행,건조,맑음,교차로 - 교차로부근,승용,여,39세,상해없음,자전거,남,73세,중상
2016072100100335,2016년 7월 21일 15시,목요일,충청남도 아산시 용화동,사망사고,1,0,0,0,차량단독 - 전도전복,신호위반,건조,맑음,교차로 - 교차로안,승용,남,58세,사망,,,,
2016072100100336,2016년 7월 21일 15시,목요일,충청남도 천안시 동남구 광덕면,중상사고,0,1,0,0,차대사람 - 기타,안전운전불이행,건조,맑음,기타 - 기타,화물,남,66세,상해없음,보행자,여,71세,중상
2016072100100373,2016년 7월 21일 16시,목요일,충청남도 서산시 동문동,중상사고,0,1,0,0,차대차 - 측면충돌,안전운전불이행,건조,맑음,교차로 - 교차로안,승용,여,39세,상해없음,이륜,남,76세,중상
2016072100100426,2016년 7월 21일 17시,목요일,충청남도 아산시 온천동,경상사고,0,0,1,0,차대차 - 기타,안전운전불이행,건조,맑음,교차로 - 교차로안,이륜,남,34세,경상,기타불명,기타불명,기타불명,기타불명
2016072100100427,2016년 7월 21일 17시,목요일,충청남도 보령시 남포면,중상사고,0,1,0,0,차대차 - 측면직각충돌,직진우회전진행방해,건조,맑음,단일로 - 기타,승용,남,53세,상해없음,이륜,남,66세,중상
2016072100100428,2016년 7월 21일 17시,목요일,충청남도 예산군 예산읍,경상사고,0,0,2,0,차대차 - 추돌,직진우회전진행방해,건조,맑음,교차로 - 교차로안,승용,남,43세,상해없음,화물,남,49세,경상
2016072100100429,2016년 7월 21일 17시,목요일,충청남도 공주시 정안면,경상사고,0,0,1,0,차대사람 - 기타,안전운전불이행,건조,맑음,기타 - 기타,기타불명,기타불명,기타불명,기타불명,보행자,남,77세,경상
2016072100100481,2016년 7월 21일 18시,목요일,충청남도 논산시 양촌면,경상사고,0,0,1,0,차대사람 - 차도통행중,안전운전불이행,건조,맑음,단일로 - 기타,이륜,여,55세,경상,보행자,여,79세,상해없음
2016072100100482,2016년 7월 21일 18시,목요일,충청남도 보령시 대천동,중상사고,0,1,0,0,차대차 - 측면직각충돌,안전운전불이행,건조,맑음,단일로 - 기타,승용,남,41세,상해없음,자전거,남,59세,중상
2016072100100483,2016년 7월 21일 18시,목요일,충청남도 당진시 신평면,경상사고,0,0,1,0,차대차 - 측면충돌,중앙선침범,건조,맑음,단일로 - 기타,화물,남,41세,상해없음,승합,여,39세,경상
2016072100100548,2016년 7월 21일 20시,목요일,충청남도 서산시 읍내동,중상사고,0,1,0,0,차대차 - 측면충돌,신호위반,건조,맑음,교차로 - 교차로안,승용,남,29세,상해없음,이륜,남,37세,중상
2016072100100549,2016년 7월 21일 20시,목요일,충청남도 천안시 서북구 쌍용동,경상사고,0,0,1,0,차대차 - 기타,안전운전불이행,건조,맑음,단일로 - 기타,승용,남,55세,기타불명,원동기,남,22세,경상
2016072100100594,2016년 7월 21일 21시,목요일,충청남도 보령시 주포면,경상사고,0,0,1,0,차대차 - 측면직각충돌,차로위반,건조,맑음,단일로 - 기타,승용,남,56세,상해없음,승용,남,51세,상해없음
2016072100100621,2016년 7월 21일 22시,목요일,충청남도 보령시 신흑동,중상사고,0,1,0,0,차대차 - 측면직각충돌,직진우회전진행방해,건조,맑음,교차로 - 교차로안,승용,남,37세,상해없음,원동기,남,17세,중상
2016072200100045,2016년 7월 22일 03시,금요일,충청남도 계룡시 엄사면,경상사고,0,0,1,0,차대차 - 측면직각충돌,신호위반,건조,맑음,교차로 - 교차로안,승합,남,20세,상해없음,화물,남,65세,경상
2016072200100077,2016년 7월 22일 07시,금요일,충청남도 논산시 채운면,중상사고,0,1,0,0,차대사람 - 기타,안전운전불이행,건조,맑음,기타 - 기타,화물,남,50세,상해없음,보행자,남,55세,중상
2016072200100078,2016년 7월 22일 07시,금요일,충청남도 청양군 정산면,경상사고,0,0,1,0,차대차 - 추돌,안전거리미확보,건조,맑음,교차로 - 교차로부근,이륜,남,61세,경상,화물,남,48세,상해없음
2016072200100107,2016년 7월 22일 08시,금요일,충청남도 계룡시 금암동,경상사고,0,0,1,0,차대차 - 기타,안전운전불이행,건조,맑음,기타 - 기타,승용,여,33세,경상,승용,여,43세,상해없음
2016072200100108,2016년 7월 22일 08시,금요일,충청남도 공주시 반포면,경상사고,0,0,2,0,차대차 - 추돌,중앙선침범,건조,맑음,단일로 - 기타,승용,여,44세,상해없음,승용,남,29세,상해없음
2016072200100144,2016년 7월 22일 09시,금요일,충청남도 서천군 마서면,중상사고,0,1,0,0,차대차 - 측면직각충돌,직진우회전진행방해,건조,맑음,교차로 - 교차로안,건설기계,남,56세,상해없음,승용,여,56세,중상
2016072200100145,2016년 7월 22일 09시,금요일,충청남도 천안시 동남구 삼룡동,중상사고,0,2,1,1,차대차 - 측면직각충돌,직진우회전진행방해,건조,맑음,교차로 - 교차로안,승용,남,78세,부상신고,승용,남,42세,중상
2016072200100214,2016년 7월 22일 11시,금요일,충청남도 보령시 대천동,중상사고,0,2,0,0,차대차 - 측면직각충돌,안전운전불이행,건조,맑음,단일로 - 기타,승용,남,67세,상해없음,승용,남,54세,상해없음
2016072200100245,2016년 7월 22일 12시,금요일,충청남도 공주시 금흥동,경상사고,0,0,1,0,차대차 - 추돌,안전운전불이행,건조,맑음,단일로 - 기타,이륜,남,34세,경상,승용,여,54세,상해없음
2016072200100346,2016년 7월 22일 15시,금요일,충청남도 아산시 온천동,중상사고,0,1,0,1,차대차 - 측면충돌,교차로운행방법위반,건조,맑음,교차로 - 교차로안,승용,남,43세,상해없음,이륜,남,74세,중상