사고번호,사고일시,요일,시군구,사고내용,사망자수,중상자수,경상자수,부상신고자수,사고유형,법규위반,노면상태,기상상태,도로형태,가해운전자 차종,가해운전자 성별,가해운전자 연령,가해운전자 상해정도,피해운전자 차종,피해운전자 성별,피해운전자 연령,피해운전자 상해정도
2016072200100347,2016년 7월 22일 15시,금요일,충청남도 보령시 웅천읍,중상사고,0,2,0,0,차대차 - 정면충돌,중앙선침범,건조,맑음,단일로 - 기타,승용,남,24세,중상,승합,여,70세,중상
2016072200100395,2016년 7월 22일 16시,금요일,충청남도 천안시 동남구 청당동,중상사고,0,1,2,0,차대차 - 추돌,안전거리미확보,건조,맑음,교차로 - 교차로부근,승합,남,47세,상해없음,승용,여,55세,중상
2016072200100448,2016년 7월 22일 17시,금요일,충청남도 천안시 서북구 성환읍,경상사고,0,0,3,0,차대차 - 추돌,안전운전불이행,건조,맑음,교차로 - 교차로안,승용,남,28세,상해없음,승용,여,36세,경상
2016072200100449,2016년 7월 22일 17시,금요일,충청남도 홍성군 금마면,중상사고,0,2,1,0,차대차 - 추돌,안전거리미확보,건조,맑음,교차로 - 교차로안,화물,남,41세,상해없음,승용,남,55세,상해없음
2016072200100450,2016년 7월 22일 17시,금요일,충청남도 부여군 임천면,경상사고,0,0,1,0,차대차 - 정면충돌,과속,건조,맑음,교차로 - 교차로안,화물,남,52세,상해없음,화물,남,57세,경상
2016072200100494,2016년 7월 22일 18시,금요일,충청남도 서천군 마서면,중상사고,0,1,3,0,차대차 - 기타,안전운전불이행,건조,맑음,단일로 - 기타,승용,남,75세,상해없음,승합,남,52세,상해없음
2016072200100495,2016년 7월 22일 18시,금요일,충청남도 보령시 동대동,중상사고,0,1,0,0,차대차 - 측면직각충돌,신호위반,건조,맑음,교차로 - 교차로안,승용,여,58세,상해없음,승용,남,72세,중상
2016072200100633,2016년 7월 22일 21시,금요일,충청남도 서산시 읍내동,중상사고,0,1,1,0,차대차 - 측면직각충돌,안전거리미확보,건조,맑음,단일로 - 기타,자전거,남,15세,경상,원동기,남,23세,중상
2016072200100634,2016년 7월 22일 21시,금요일,충청남도 천안시 서북구 성성동,경상사고,0,0,4,0,차대차 - 기타,안전운전불이행,건조,맑음,단일로 - 기타,화물,남,53세,기타불명,승용,남,34세,경상
2016072200100635,2016년 7월 22일 21시,금요일,충청남도 아산시 염치읍,경상사고,0,0,2,0,차대차 - 추돌,안전운전불이행,건조,맑음,교차로 - 교차로안,승용,남,64세,기타불명,승용,남,49세,경상
2016072200100636,2016년 7월 22일 21시,금요일,충청남도 당진시 신평면,경상사고,0,0,1,0,차량단독 - 공작물충돌,안전운전불이행,건조,맑음,단일로 - 기타,승용,남,53세,경상,,,,
2016072300100068,2016년 7월 23일 04시,토요일,충청남도 천안시 서북구 두정동,경상사고,0,0,1,0,차대차 - 추돌,직진우회전진행방해,건조,맑음,교차로 - 교차로안,승용,남,19세,상해없음,승용,남,64세,경상
2016072300100091,2016년 7월 23일 06시,토요일,충청남도 논산시 광석면,중상사고,0,2,0,0,차대차 - 측면직각충돌,안전운전불이행,건조,맑음,교차로 - 교차로안,승용,여,53세,상해없음,이륜,남,78세,중상
2016072300100112,2016년 7월 23일 07시,토요일,충청남도 아산시 배방읍,중상사고,0,1,0,0,차대차 - 추돌,직진우회전진행방해,건조,맑음,교차로 - 교차로안,승용,남,35세,상해없음,이륜,남,26세,중상
2016072300100133,2016년 7월 23일 08시,토요일,충청남도 아산시 권곡동,경상사고,0,0,1,0,차대차 - 측면충돌,안전운전불이행,건조,맑음,교차로 - 교차로안,승용,남,25세,상해없음,승용,남,61세,경상
2016072300100134,2016년 7월 23일 08시,토요일,충청남도 당진시 석문면,경상사고,0,0,4,0,차대차 - 측면직각충돌,교차로운행방법위반,건조,맑음,교차로 - 교차로안,승용,남,30세,경상,승용,남,38세,경상
2016072300100157,2016년 7월 23일 09시,토요일,충청남도 서천군 장항읍,중상사고,0,1,0,0,차대차 - 기타,안전운전불이행,건조,맑음,단일로 - 기타,화물,남,66세,상해없음,이륜,남,82세,중상
2016072300100190,2016년 7월 23일 10시,토요일,충청남도 보령시 신흑동,경상사고,0,0,1,0,차대차 - 측면직각충돌,직진우회전진행방해,건조,맑음,교차로 - 교차로안,원동기,남,51세,경상,승용,남,43세,상해없음
2016072300100235,2016년 7월 23일 11시,토요일,충청남도 서산시 성연면,경상사고,0,0,2,0,차대차 - 정면충돌,중앙선침범,건조,맑음,단일로 - 기타,화물,남,50세,상해없음,승용,남,47세,경상
2016072300100259,2016년 7월 23일 12시,토요일,충청남도 공주시 반죽동,경상사고,0,0,1,0,차대차 - 추돌,안전운전불이행,건조,맑음,교차로 - 교차로부근,승용,남,56세,상해없음,승용,여,31세,경상
2016072300100337,2016년 7월 23일 14시,토요일,충청남도 천안시 서북구 쌍용동,중상사고,0,1,0,0,차대차 - 기타,신호위반,건조,맑음,교차로 - 교차로부근,승용,여,58세,상해없음,원동기,남,32세,중상
2016072300100338,2016년 7월 23일 14시,토요일,충청남도 논산시 양촌면,중상사고,0,1,0,0,차대차 - 정면충돌,안전운전불이행,건조,맑음,단일로 - 기타,화물,남,68세,상해없음,화물,남,60세,상해없음
2016072300100339,2016년 7월 23일 14시,토요일,충청남도 아산시 음봉면,경상사고,0,0,1,0,차대차 - 측면직각충돌,신호위반,건조,맑음,교차로 - 교차로안,승용,남,52세,상해없음,원동기,남,22세,경상
2016072300100340,2016년 7월 23일 14시,토요일,충청남도 논산시 양촌면,경상사고,0,0,1,0,차대차 - 기타,안전운전불이행,건조,맑음,단일로 - 기타,승용,남,25세,상해없음,승용,남,53세,상해없음
2016072300100376,2016년 7월 23일 15시,토요일,충청남도 아산시 염치읍,중상사고,0,1,0,0,차대차 - 정면충돌,안전운전불이행,건조,맑음,단일로 - 기타,승용,남,30세,상해없음,원동기,남,72세,중상
2016072300100377,2016년 7월 23일 15시,토요일,충청남도 당진시 정미면,경상사고,0,0,1,0,차대차 - 측면직각충돌,교차로운행방법위반,건조,맑음,교차로 - 교차로안,승용,남,25세,상해없음,화물,남,61세,상해없음
2016072300100410,2016년 7월 23일 16시,토요일,충청남도 아산시 풍기동,중상사고,0,1,0,0,차대차 - 측면충돌,신호위반,건조,맑음,교차로 - 교차로안,승용,남,49세,상해없음,승용,남,30세,중상
2016072300100445,2016년 7월 23일 17시,토요일,충청남도 홍성군 홍성읍,경상사고,0,0,1,0,차대차 - 측면충돌,안전운전불이행,건조,맑음,교차로 - 교차로안,승용,여,58세,상해없음,승용,남,44세,경상
2016072300100446,2016년 7월 23일 17시,토요일,충청남도 보령시 대천동,중상사고,0,1,0,0,차량단독 - 전도전복,안전운전불이행,건조,맑음,단일로 - 기타,이륜,남,24세,중상,,,,
2016072300100489,2016년 7월 23일 18시,토요일,충청남도 서산시 지곡면,중상사고,0,1,4,0,차대차 - 추돌,안전운전불이행,건조,맑음,교차로 - 교차로부근,승용,남,39세,상해없음,승용,남,51세,중상
2016072300100490,2016년 7월 23일 18시,토요일,충청남도 천안시 서북구 업성동,경상사고,0,0,1,0,차대차 - 기타,안전운전불이행,건조,맑음,단일로 - 기타,승용,남,36세,상해없음,승용,남,26세,경상
2016072300100521,2016년 7월 23일 19시,토요일,충청남도 아산시 용화동,부상신고사고,0,0,0,1,차대차 - 측면충돌,안전운전불이행,건조,맑음,교차로 - 교차로부근,자전거,남,11세,부상신고,승용,여,57세,상해없음
2016072300100522,2016년 7월 23일 19시,토요일,충청남도 천안시 동남구 대흥동,부상신고사고,0,0,0,1,차대사람 - 횡단중,안전운전불이행,건조,맑음,단일로 - 기타,자전거,기타불명,기타불명,기타불명,보행자,남,41세,부상신고
2016072300100587,2016년 7월 23일 21시,토요일,충청남도 아산시 영인면,경상사고,0,0,2,0,차대차 - 추돌,안전운전불이행,건조,흐림,단일로 - 기타,승용,남,39세,상해없음,승용,남,57세,경상
2016072400100051,2016년 7월 24일 03시,일요일,충청남도 아산시 배방읍,중상사고,0,1,0,0,차대차 - 측면충돌,신호위반,건조,맑음,교차로 - 교차로안,승합,남,39세,상해없음,승용,남,38세,중상
2016072400100061,2016년 7월 24일 04시,일요일,충청남도 천안시 서북구 두정동,부상신고사고,0,0,0,1,차대사람 - 기타,안전운전불이행,건조,맑음,단일로 - 기타,승용,남,22세,상해없음,보행자,남,21세,부상신고
2016072400100062,2016년 7월 24일 04시,일요일,충청남도 홍성군 홍성읍,경상사고,0,0,1,0,차대사람 - 횡단중,기타,건조,맑음,단일로 - 기타,승용,남,33세,상해없음,보행자,남,35세,경상
2016072400100073,2016년 7월 24일 05시,일요일,충청남도 천안시 서북구 두정동,경상사고,0,0,1,0,차대사람 - 기타,안전운전불이행,건조,맑음,단일로 - 기타,승용,남,20세,상해없음,보행자,남,19세,경상
2016072400100074,2016년 7월 24일 05시,일요일,충청남도 천안시 동남구 성남면,사망사고,1,1,0,0,차량단독 - 전도전복,안전운전불이행,건조,맑음,교차로 - 교차로부근,이륜,남,18세,사망,,,,
2016072400100089,2016년 7월 24일 07시,일요일,충청남도 천안시 동남구 목천읍,중상사고,0,2,1,0,차량단독 - 전도전복,안전운전불이행,건조,맑음,단일로 - 기타,승용,남,40세,경상,,,,
2016072400100134,2016년 7월 24일 10시,일요일,충청남도 보령시 주산면,중상사고,0,1,0,0,차대차 - 측면직각충돌,중앙선침범,건조,맑음,단일로 - 기타,승용,남,73세,상해없음,원동기,남,77세,중상
2016072400100159,2016년 7월 24일 11시,일요일,충청남도 천안시 서북구 성거읍,경상사고,0,0,1,0,차대차 - 기타,안전운전불이행,건조,맑음,단일로 - 기타,승용,남,73세,상해없음,승용,여,64세,경상
2016072400100189,2016년 7월 24일 12시,일요일,충청남도 서산시 지곡면,경상사고,0,0,1,1,차대차 - 추돌,안전운전불이행,건조,맑음,단일로 - 기타,승용,남,62세,부상신고,이륜,남,33세,경상
2016072400100216,2016년 7월 24일 13시,일요일,충청남도 천안시 서북구 성정동,부상신고사고,0,0,0,1,차대차 - 측면충돌,중앙선침범,건조,맑음,단일로 - 기타,원동기,남,48세,부상신고,승용,남,34세,상해없음
2016072400100250,2016년 7월 24일 14시,일요일,충청남도 천안시 동남구 원성동,경상사고,0,0,1,0,차대차 - 측면충돌,신호위반,건조,맑음,단일로 - 횡단보도상,승용,여,60세,상해없음,이륜,남,76세,경상
2016072400100251,2016년 7월 24일 14시,일요일,충청남도 천안시 동남구 삼룡동,경상사고,0,0,1,0,차량단독 - 기타,안전운전불이행,건조,맑음,단일로 - 기타,이륜,남,60세,경상,,,,
2016072400100279,2016년 7월 24일 15시,일요일,충청남도 홍성군 홍성읍,중상사고,0,1,0,0,차대사람 - 횡단중,과속,건조,맑음,단일로 - 기타,특수,남,27세,상해없음,보행자,남,81세,중상
2016072400100280,2016년 7월 24일 15시,일요일,충청남도 아산시 염치읍,경상사고,0,0,3,0,차대사람 - 기타,안전운전불이행,건조,맑음,단일로 - 기타,승용,남,35세,상해없음,보행자,남,27세,경상
2016072400100309,2016년 7월 24일 16시,일요일,충청남도 보령시 내항동,중상사고,0,2,1,0,차대차 - 추돌,안전운전불이행,건조,맑음,단일로 - 기타,승용,남,47세,상해없음,승용,남,43세,중상
2016072400100334,2016년 7월 24일 17시,일요일,충청남도 천안시 서북구 성정동,경상사고,0,0,5,0,차대차 - 추돌,안전운전불이행,건조,맑음,단일로 - 기타,승용,남,37세,상해없음,승용,여,28세,경상
2016072400100385,2016년 7월 24일 19시,일요일,충청남도 공주시 반포면,중상사고,0,1,0,0,차대차 - 측면직각충돌,안전운전불이행,건조,맑음,단일로 - 기타,승용,남,35세,상해없음,자전거,남,18세,중상
2016072400100412,2016년 7월 24일 20시,일요일,충청남도 예산군 삽교읍,경상사고,0,0,1,0,차대차 - 추돌,안전거리미확보,건조,맑음,단일로 - 기타,승용,남,67세,상해없음,이륜,남,79세,경상
2016072400100475,2016년 7월 24일 23시,일요일,충청남도 천안시 서북구 두정동,경상사고,0,0,1,0,차대사람 - 기타,안전운전불이행,건조,맑음,기타 - 기타,승용,여,24세,상해없음,보행자,남,27세,경상
2016072400100476,2016년 7월 24일 23시,일요일,충청남도 논산시 가야곡면,중상사고,0,1,1,0,차량단독 - 전도전복,안전운전불이행,건조,맑음,교차로 - 교차로부근,승용,남,19세,상해없음,,,,
2016072500100013,2016년 7월 25일 01시,월요일,충청남도 천안시 서북구 두정동,경상사고,0,0,1,0,차대사람 - 기타,안전운전불이행,건조,맑음,기타 - 기타,승용,남,19세,상해없음,보행자,남,21세,경상
2016072500100014,2016년 7월 25일 01시,월요일,충청남도 논산시 벌곡면,중상사고,0,2,0,0,차량단독 - 전도전복,안전운전불이행,건조,맑음,단일로 - 기타,승용,여,55세,중상,,,,
2016072500100023,2016년 7월 25일 02시,월요일,충청남도 천안시 동남구 신부동,중상사고,0,1,0,0,차대차 - 기타,안전거리미확보,건조,맑음,단일로 - 기타,화물,남,35세,상해없음,이륜,남,22세,중상
2016072500100029,2016년 7월 25일 03시,월요일,충청남도 보령시 신흑동,중상사고,0,1,0,0,차대차 - 정면충돌,안전운전불이행,건조,맑음,단일로 - 기타,원동기,남,24세,중상,농기계,남,83세,기타불명
2016072500100033,2016년 7월 25일 04시,월요일,충청남도 홍성군 광천읍,중상사고,0,1,0,0,차대사람 - 차도통행중,안전운전불이행,건조,맑음,교차로 - 교차로안,승용,남,51세,상해없음,보행자,남,47세,중상
2016072500100034,2016년 7월 25일 04시,월요일,충청남도 예산군 대술면,중상사고,0,1,0,0,차대차 - 추돌,안전거리미확보,건조,맑음,단일로 - 교량,화물,남,68세,상해없음,농기계,남,84세,중상
2016072500100042,2016년 7월 25일 05시,월요일,충청남도 천안시 서북구 쌍용동,중상사고,0,1,0,0,차대사람 - 횡단중,안전운전불이행,건조,맑음,단일로 - 기타,승용,여,47세,상해없음,보행자,남,71세,중상
2016072500100067,2016년 7월 25일 07시,월요일,충청남도 논산시 취암동,중상사고,0,1,0,0,차대사람 - 횡단중,안전운전불이행,건조,맑음,단일로 - 기타,승용,남,55세,상해없음,보행자,남,21세,중상
2016072500100087,2016년 7월 25일 08시,월요일,충청남도 논산시 취암동,중상사고,0,3,0,0,차대차 - 측면충돌,직진우회전진행방해,건조,맑음,교차로 - 교차로안,승용,여,46세,상해없음,승용,남,77세,중상
2016072500100088,2016년 7월 25일 08시,월요일,충청남도 보령시 남포면,중상사고,0,1,0,0,차대차 - 측면직각충돌,신호위반,건조,맑음,교차로 - 교차로안,승용,남,28세,상해없음,화물,남,58세,중상
2016072500100126,2016년 7월 25일 09시,월요일,충청남도 서산시 대산읍,경상사고,0,0,1,0,차대사람 - 기타,안전운전불이행,건조,맑음,단일로 - 기타,승합,남,54세,상해없음,보행자,여,80세,경상
2016072500100127,2016년 7월 25일 09시,월요일,충청남도 천안시 서북구 두정동,경상사고,0,0,1,0,차대차 - 기타,안전운전불이행,건조,맑음,단일로 - 기타,기타불명,기타불명,기타불명,기타불명,이륜,남,45세,경상
2016072500100128,2016년 7월 25일 09시,월요일,충청남도 공주시 주미동,중상사고,0,2,0,0,차대차 - 측면직각충돌,안전운전불이행,건조,맑음,교차로 - 교차로안,승용,남,60세,상해없음,화물,남,62세,중상
2016072500100129,2016년 7월 25일 09시,월요일,충청남도 부여군 부여읍,경상사고,0,0,1,0,차대차 - 측면직각충돌,안전운전불이행,건조,맑음,단일로 - 기타,이륜,여,42세,경상,승합,남,57세,상해없음
2016072500100163,2016년 7월 25일 10시,월요일,충청남도 아산시 인주면,중상사고,0,1,0,0,차대차 - 측면직각충돌,중앙선침범,건조,흐림,교차로 - 교차로부근,승용,남,43세,상해없음,화물,남,66세,중상
2016072500100164,2016년 7월 25일 10시,월요일,충청남도 서천군 서천읍,경상사고,0,0,2,0,차대차 - 측면직각충돌,안전운전불이행,건조,맑음,단일로 - 기타,승용,여,57세,상해없음,원동기,남,72세,경상
2016072500100234,2016년 7월 25일 12시,월요일,충청남도 부여군 규암면,중상사고,0,1,0,0,차대차 - 측면직각충돌,중앙선침범,건조,맑음,단일로 - 기타,승용,남,61세,상해없음,이륜,남,49세,중상
2016072500100279,2016년 7월 25일 13시,월요일,충청남도 부여군 부여읍,부상신고사고,0,0,0,1,차대차 - 측면직각충돌,신호위반,건조,맑음,교차로 - 교차로안,화물,남,61세,부상신고,화물,남,41세,상해없음
2016072500100307,2016년 7월 25일 14시,월요일,충청남도 천안시 동남구 영성동,경상사고,0,0,2,0,차대차 - 정면충돌,안전운전불이행,건조,맑음,단일로 - 기타,승용,남,66세,상해없음,승용,여,45세,경상
2016072500100333,2016년 7월 25일 15시,월요일,충청남도 아산시 장존동,경상사고,0,0,1,0,차대차 - 측면직각충돌,안전운전불이행,건조,맑음,교차로 - 교차로안,승합,남,25세,상해없음,자전거,여,8세,경상
2016072500100378,2016년 7월 25일 16시,월요일,충청남도 천안시 서북구 성거읍,경상사고,0,0,7,0,차대차 - 정면충돌,신호위반,건조,맑음,단일로 - 기타,화물,남,42세,상해없음,승용,남,68세,경상
2016072500100424,2016년 7월 25일 17시,월요일,충청남도 태안군 남면,경상사고,0,0,1,0,차대차 - 정면충돌,중앙선침범,건조,맑음,단일로 - 기타,승용,여,37세,상해없음,화물,남,68세,경상
2016072500100425,2016년 7월 25일 17시,월요일,충청남도 서천군 서천읍,사망사고,2,2,1,0,차대차 - 측면직각충돌,안전운전불이행,건조,맑음,교차로 - 교차로안,승용,남,46세,경상,승용,남,49세,중상
2016072500100427,2016년 7월 25일 17시,월요일,충청남도 예산군 예산읍,경상사고,0,0,1,0,차량단독 - 도로외이탈 - 기타,안전운전불이행,건조,맑음,단일로 - 기타,이륜,남,67세,경상,,,,
2016072500100464,2016년 7월 25일 18시,월요일,충청남도 아산시 음봉면,경상사고,0,0,1,0,차대차 - 측면직각충돌,중앙선침범,건조,맑음,단일로 - 기타,승용,남,57세,상해없음,승용,여,26세,경상
2016072500100465,2016년 7월 25일 18시,월요일,충청남도 서천군 서천읍,경상사고,0,0,1,0,차대사람 - 차도통행중,안전운전불이행,건조,맑음,교차로 - 교차로부근,승용,남,53세,상해없음,보행자,여,63세,경상
2016072500100502,2016년 7월 25일 19시,월요일,충청남도 서산시 동문동,중상사고,0,1,0,0,차대사람 - 횡단중,안전운전불이행,건조,맑음,교차로 - 교차로부근,승용,여,24세,상해없음,보행자,남,63세,중상
2016072500100534,2016년 7월 25일 20시,월요일,충청남도 태안군 안면읍,중상사고,0,3,4,0,차대차 - 정면충돌,교차로운행방법위반,건조,맑음,교차로 - 교차로안,승용,남,44세,중상,승용,남,42세,경상
2016072500100536,2016년 7월 25일 20시,월요일,충청남도 아산시 온천동,중상사고,0,1,0,0,차대사람 - 횡단중,안전운전불이행,건조,맑음,단일로 - 횡단보도부근,승용,남,45세,상해없음,보행자,여,79세,중상
2016072500100560,2016년 7월 25일 21시,월요일,충청남도 서천군 장항읍,중상사고,0,3,0,0,차대차 - 측면충돌,안전운전불이행,건조,맑음,단일로 - 기타,승용,여,57세,중상,화물,남,74세,기타불명
2016072500100593,2016년 7월 25일 22시,월요일,충청남도 아산시 온천동,중상사고,0,1,0,0,차대사람 - 횡단중,안전운전불이행,건조,맑음,교차로 - 교차로안,승용,여,48세,상해없음,보행자,남,54세,중상
2016072500100610,2016년 7월 25일 23시,월요일,충청남도 태안군 태안읍,중상사고,0,1,0,0,차대사람 - 횡단중,안전운전불이행,건조,맑음,단일로 - 기타,승용,여,51세,상해없음,보행자,남,55세,중상
2016072600100088,2016년 7월 26일 07시,화요일,충청남도 보령시 천북면,경상사고,0,0,1,0,차대차 - 측면충돌,안전운전불이행,건조,맑음,단일로 - 기타,이륜,남,74세,경상,화물,남,34세,상해없음
2016072600100089,2016년 7월 26일 07시,화요일,충청남도 공주시 신관동,경상사고,0,0,1,0,차대차 - 측면직각충돌,신호위반,건조,맑음,교차로 - 교차로안,화물,남,63세,상해없음,승용,여,49세,경상
2016072600100090,2016년 7월 26일 07시,화요일,충청남도 공주시 교동,부상신고사고,0,0,0,1,차대차 - 추돌,안전운전불이행,건조,맑음,교차로 - 교차로부근,이륜,남,59세,부상신고,승용,남,39세,상해없음
2016072600100091,2016년 7월 26일 07시,화요일,충청남도 부여군 외산면,중상사고,0,4,0,0,차대차 - 측면직각충돌,직진우회전진행방해,건조,맑음,교차로 - 교차로안,건설기계,남,53세,상해없음,화물,남,68세,중상
2016072600100117,2016년 7월 26일 08시,화요일,충청남도 보령시 궁촌동,중상사고,0,1,2,0,차대차 - 추돌,안전운전불이행,건조,맑음,교차로 - 교차로부근,승용,남,35세,중상,화물,남,51세,경상
2016072600100147,2016년 7월 26일 09시,화요일,충청남도 천안시 서북구 백석동,경상사고,0,0,1,0,차대차 - 기타,안전거리미확보,건조,맑음,단일로 - 기타,승용,남,55세,상해없음,승용,남,36세,경상
2016072600100179,2016년 7월 26일 10시,화요일,충청남도 금산군 금산읍,경상사고,0,0,1,0,차대차 - 추돌,안전운전불이행,건조,맑음,단일로 - 기타,승용,남,54세,상해없음,승용,남,50세,경상
2016072600100212,2016년 7월 26일 11시,화요일,충청남도 태안군 안면읍,사망사고,1,1,1,0,차대차 - 측면직각충돌,직진우회전진행방해,건조,맑음,교차로 - 교차로안,승용,남,22세,경상,건설기계,남,52세,중상
2016072600100213,2016년 7월 26일 11시,화요일,충청남도 아산시 도고면,중상사고,0,1,2,0,차대차 - 측면충돌,신호위반,건조,맑음,교차로 - 교차로안,승용,남,57세,상해없음,화물,남,35세,중상
2016072600100242,2016년 7월 26일 12시,화요일,충청남도 천안시 서북구 백석동,경상사고,0,0,1,0,차대차 - 기타,안전운전불이행,건조,맑음,교차로 - 교차로안,화물,남,22세,상해없음,승용,여,47세,경상
2016072600100243,2016년 7월 26일 12시,화요일,충청남도 보령시 웅천읍,경상사고,0,0,1,0,차량단독 - 전도전복,안전운전불이행,건조,맑음,단일로 - 기타,승용,남,60세,경상,,,,
2016072600100244,2016년 7월 26일 12시,화요일,충청남도 예산군 오가면,중상사고,0,1,0,0,차대사람 - 기타,안전운전불이행,건조,맑음,단일로 - 기타,화물,남,78세,상해없음,보행자,남,66세,중상
2016072600100279,2016년 7월 26일 13시,화요일,충청남도 태안군 태안읍,중상사고,0,2,2,0,차대차 - 정면충돌,중앙선침범,건조,맑음,단일로 - 기타,승용,여,64세,경상,승용,여,33세,중상
2016072600100308,2016년 7월 26일 14시,화요일,충청남도 태안군 태안읍,중상사고,0,1,0,0,차대사람 - 횡단중,안전운전불이행,건조,맑음,단일로 - 기타,승용,여,27세,상해없음,보행자,여,9세,중상
2016072600100309,2016년 7월 26일 14시,화요일,충청남도 천안시 서북구 성정동,경상사고,0,0,1,0,차대차 - 기타,안전운전불이행,건조,맑음,교차로 - 교차로안,화물,남,41세,상해없음,원동기,남,39세,경상
2016072600100310,2016년 7월 26일 14시,화요일,충청남도 홍성군 홍성읍,경상사고,0,0,5,0,차대차 - 측면충돌,안전거리미확보,건조,맑음,단일로 - 기타,승용,남,79세,상해없음,승용,남,45세,경상
2016072600100370,2016년 7월 26일 16시,화요일,충청남도 서산시 동문동,중상사고,0,1,0,0,차대사람 - 횡단중,안전운전불이행,건조,맑음,교차로 - 교차로부근,화물,남,42세,상해없음,보행자,남,69세,중상
2016072600100371,2016년 7월 26일 16시,화요일,충청남도 천안시 서북구 성정동,경상사고,0,0,1,0,차대사람 - 기타,안전운전불이행,건조,맑음,교차로 - 교차로안,승용,남,56세,상해없음,보행자,남,54세,경상
2016072600100411,2016년 7월 26일 17시,화요일,충청남도 천안시 동남구 풍세면,경상사고,0,0,1,0,차대차 - 정면충돌,안전운전불이행,건조,맑음,단일로 - 기타,승용,남,55세,상해없음,화물,남,52세,경상
2016072600100451,2016년 7월 26일 18시,화요일,충청남도 서천군 서천읍,경상사고,0,0,1,0,차대사람 - 횡단중,보행자보호의무위반,건조,맑음,단일로 - 기타,승합,남,66세,상해없음,보행자,남,48세,경상
2016072600100452,2016년 7월 26일 18시,화요일,충청남도 예산군 고덕면,경상사고,0,0,1,0,차량단독 - 기타,안전운전불이행,건조,맑음,교차로 - 교차로안,승용,남,69세,경상,,,,
2016072600100525,2016년 7월 26일 20시,화요일,충청남도 천안시 서북구 성정동,경상사고,0,0,1,0,차대차 - 기타,안전거리미확보,건조,맑음,단일로 - 기타,기타불명,기타불명,기타불명,기타불명,승용,남,55세,상해없음
2016072600100526,2016년 7월 26일 20시,화요일,충청남도 아산시 온천동,중상사고,0,1,0,0,차대차 - 측면직각충돌,신호위반,건조,맑음,교차로 - 교차로부근,승용,여,46세,상해없음,승용,남,63세,중상
2016072600100527,2016년 7월 26일 20시,화요일,충청남도 부여군 부여읍,중상사고,0,2,0,0,차대사람 - 기타,안전운전불이행,건조,맑음,교차로 - 교차로부근,승용,여,50세,상해없음,보행자,남,57세,중상
2016072600100563,2016년 7월 26일 21시,화요일,충청남도 공주시 반포면,경상사고,0,0,5,0,차대차 - 추돌,안전운전불이행,건조,맑음,단일로 - 기타,승용,남,37세,상해없음,승용,여,35세,경상
2016072600100594,2016년 7월 26일 22시,화요일,충청남도 예산군 예산읍,중상사고,0,1,1,0,차대차 - 기타,안전운전불이행,건조,맑음,기타 - 기타,승용,남,50세,중상,승용,남,42세,기타불명
2016072700100036,2016년 7월 27일 03시,수요일,충청남도 천안시 서북구 두정동,경상사고,0,0,1,0,차대차 - 기타,안전운전불이행,건조,맑음,교차로 - 교차로부근,승용,남,21세,상해없음,승용,남,47세,경상
2016072700100045,2016년 7월 27일 04시,수요일,충청남도 보령시 신흑동,중상사고,0,1,1,0,차량단독 - 전도전복,안전운전불이행,건조,맑음,교차로 - 교차로부근,승용,남,18세,경상,,,,
2016072700100091,2016년 7월 27일 07시,수요일,충청남도 금산군 복수면,중상사고,0,1,0,0,차량단독 - 전도전복,안전운전불이행,건조,맑음,단일로 - 기타,이륜,남,47세,중상,,,,
2016072700100116,2016년 7월 27일 08시,수요일,충청남도 부여군 석성면,사망사고,1,0,0,0,차대차 - 기타,안전운전불이행,건조,맑음,교차로 - 교차로부근,건설기계,남,42세,상해없음,화물,남,64세,사망
2016072700100172,2016년 7월 27일 10시,수요일,충청남도 논산시 부창동,경상사고,0,0,1,0,차대차 - 정면충돌,중앙선침범,건조,맑음,단일로 - 기타,화물,여,67세,상해없음,승용,여,56세,경상
2016072700100265,2016년 7월 27일 13시,수요일,충청남도 서산시 동문동,경상사고,0,0,2,0,차대차 - 측면직각충돌,교차로운행방법위반,건조,맑음,교차로 - 교차로안,승용,남,78세,경상,승용,여,36세,경상
2016072700100266,2016년 7월 27일 13시,수요일,충청남도 천안시 서북구 불당동,중상사고,0,1,1,0,차대차 - 측면직각충돌,신호위반,건조,맑음,교차로 - 교차로안,승용,남,37세,상해없음,승용,여,37세,중상
2016072700100303,2016년 7월 27일 14시,수요일,충청남도 서산시 동문동,경상사고,0,0,1,0,차대사람 - 횡단중,안전운전불이행,건조,흐림,교차로 - 교차로안,승용,남,55세,상해없음,보행자,여,30세,경상
2016072700100341,2016년 7월 27일 15시,수요일,충청남도 아산시 용화동,중상사고,0,1,0,0,차대차 - 측면충돌,안전거리미확보,건조,맑음,교차로 - 교차로부근,이륜,남,76세,중상,승용,여,62세,상해없음
2016072700100342,2016년 7월 27일 15시,수요일,충청남도 천안시 동남구 성황동,경상사고,0,0,1,0,차대사람 - 횡단중,안전운전불이행,건조,맑음,교차로 - 교차로안,화물,남,37세,상해없음,보행자,남,62세,경상
2016072700100377,2016년 7월 27일 16시,수요일,충청남도 천안시 동남구 병천면,사망사고,1,0,0,0,차대차 - 측면충돌,중앙선침범,건조,맑음,단일로 - 기타,화물,남,60세,상해없음,원동기,여,61세,사망