사고번호,사고일시,요일,시군구,사고내용,사망자수,중상자수,경상자수,부상신고자수,사고유형,법규위반,노면상태,기상상태,도로형태,가해운전자 차종,가해운전자 성별,가해운전자 연령,가해운전자 상해정도,피해운전자 차종,피해운전자 성별,피해운전자 연령,피해운전자 상해정도
2016080100100119,2016년 8월 1일 09시,월요일,충청남도 논산시 성동면,사망사고,1,0,0,0,차량단독 - 전도전복,안전운전불이행,건조,맑음,단일로 - 기타,농기계,남,53세,사망,,,,
2016080100100120,2016년 8월 1일 09시,월요일,충청남도 아산시 방축동,중상사고,0,1,0,0,차대사람 - 기타,기타,건조,맑음,단일로 - 기타,승합,남,46세,상해없음,보행자,여,58세,중상
2016080100100194,2016년 8월 1일 11시,월요일,충청남도 홍성군 서부면,중상사고,0,1,0,0,차대사람 - 횡단중,안전운전불이행,건조,맑음,교차로 - 교차로안,건설기계,남,63세,상해없음,보행자,남,41세,중상
2016080100100195,2016년 8월 1일 11시,월요일,충청남도 보령시 명천동,중상사고,0,6,0,0,차대차 - 측면충돌,직진우회전진행방해,건조,맑음,교차로 - 교차로안,승용,여,36세,중상,승용,남,41세,중상
2016080100100226,2016년 8월 1일 12시,월요일,충청남도 서산시 석림동,경상사고,0,0,3,0,차대차 - 정면충돌,안전운전불이행,건조,맑음,교차로 - 교차로안,화물,남,41세,상해없음,승용,남,50세,경상
2016080100100227,2016년 8월 1일 12시,월요일,충청남도 부여군 외산면,경상사고,0,0,1,0,차대차 - 측면직각충돌,안전운전불이행,건조,맑음,교차로 - 교차로안,화물,남,59세,상해없음,승용,여,29세,경상
2016080100100259,2016년 8월 1일 13시,월요일,충청남도 논산시 양촌면,중상사고,0,1,0,0,차량단독 - 전도전복,안전운전불이행,건조,맑음,단일로 - 기타,승용,여,43세,상해없음,,,,
2016080100100260,2016년 8월 1일 13시,월요일,충청남도 서천군 장항읍,경상사고,0,0,2,0,차대차 - 측면충돌,안전운전불이행,건조,맑음,교차로 - 교차로안,승용,여,38세,상해없음,승용,남,34세,경상
2016080100100261,2016년 8월 1일 13시,월요일,충청남도 예산군 오가면,경상사고,0,0,3,0,차대차 - 추돌,안전운전불이행,건조,맑음,단일로 - 기타,승용,남,49세,상해없음,승용,남,27세,경상
2016080100100298,2016년 8월 1일 14시,월요일,충청남도 서산시 해미면,경상사고,0,0,2,0,차대차 - 정면충돌,안전운전불이행,건조,맑음,단일로 - 기타,승용,남,56세,상해없음,화물,남,75세,상해없음
2016080100100299,2016년 8월 1일 14시,월요일,충청남도 금산군 금산읍,중상사고,0,1,1,0,차대차 - 측면충돌,신호위반,건조,맑음,교차로 - 교차로안,화물,남,64세,경상,건설기계,남,55세,상해없음
2016080100100373,2016년 8월 1일 16시,월요일,충청남도 아산시 배방읍,경상사고,0,0,1,0,차대차 - 기타,안전거리미확보,건조,맑음,단일로 - 기타,승용,남,59세,기타불명,승용,남,45세,경상
2016080100100374,2016년 8월 1일 16시,월요일,충청남도 아산시 배방읍,경상사고,0,0,1,0,차대차 - 추돌,안전운전불이행,건조,맑음,단일로 - 기타,승용,남,46세,상해없음,승용,남,42세,경상
2016080100100417,2016년 8월 1일 17시,월요일,충청남도 천안시 서북구 성정동,경상사고,0,0,1,0,차대차 - 기타,안전운전불이행,건조,맑음,교차로 - 교차로부근,승용,남,40세,상해없음,자전거,남,20세,경상
2016080100100520,2016년 8월 1일 20시,월요일,충청남도 홍성군 광천읍,사망사고,1,1,2,0,차대차 - 측면충돌,중앙선침범,건조,흐림,단일로 - 기타,승용,남,47세,사망,승합,남,50세,경상
2016080100100521,2016년 8월 1일 20시,월요일,충청남도 보령시 신흑동,경상사고,0,0,1,0,차대사람 - 차도통행중,안전운전불이행,건조,맑음,기타 - 기타,승용,남,18세,상해없음,보행자,남,32세,경상
2016080100100560,2016년 8월 1일 21시,월요일,충청남도 천안시 동남구 목천읍,경상사고,0,0,1,0,차대차 - 측면직각충돌,중앙선침범,건조,맑음,단일로 - 기타,승용,여,49세,상해없음,이륜,남,20세,경상
2016080100100598,2016년 8월 1일 23시,월요일,충청남도 금산군 군북면,경상사고,0,0,2,0,차대차 - 정면충돌,중앙선침범,건조,맑음,교차로 - 교차로부근,승용,남,30세,경상,승용,여,53세,경상
2016080100100599,2016년 8월 1일 23시,월요일,충청남도 천안시 서북구 성거읍,경상사고,0,0,3,0,차대차 - 추돌,안전운전불이행,건조,맑음,단일로 - 기타,승용,남,34세,경상,승용,남,47세,경상
2016080200100075,2016년 8월 2일 07시,화요일,충청남도 천안시 서북구 입장면,중상사고,0,1,0,0,차대차 - 기타,중앙선침범,건조,맑음,단일로 - 기타,승용,여,48세,상해없음,원동기,남,75세,중상
2016080200100076,2016년 8월 2일 07시,화요일,충청남도 천안시 서북구 입장면,경상사고,0,0,1,0,차량단독 - 기타,기타,건조,맑음,단일로 - 기타,승합,남,33세,상해없음,,,,
2016080200100096,2016년 8월 2일 08시,화요일,충청남도 계룡시 엄사면,경상사고,0,0,1,0,차량단독 - 전도전복,안전운전불이행,건조,맑음,교차로 - 교차로안,승용,남,73세,경상,,,,
2016080200100151,2016년 8월 2일 10시,화요일,충청남도 서산시 석림동,사망사고,1,0,0,0,차대차 - 측면직각충돌,불법유턴,건조,맑음,단일로 - 기타,자전거,남,87세,사망,승용,남,68세,상해없음
2016080200100152,2016년 8월 2일 10시,화요일,충청남도 공주시 월미동,경상사고,0,0,1,0,차대차 - 측면직각충돌,안전운전불이행,건조,맑음,교차로 - 교차로부근,승용,남,62세,경상,승용,여,46세,상해없음
2016080200100213,2016년 8월 2일 12시,화요일,충청남도 아산시 음봉면,경상사고,0,0,1,0,차대차 - 측면충돌,안전운전불이행,건조,맑음,단일로 - 기타,승용,남,30세,상해없음,화물,남,53세,경상
2016080200100270,2016년 8월 2일 14시,화요일,충청남도 보령시 동대동,중상사고,0,1,0,0,차대차 - 측면직각충돌,직진우회전진행방해,건조,맑음,교차로 - 교차로안,승합,남,67세,상해없음,승용,여,31세,중상
2016080200100271,2016년 8월 2일 14시,화요일,충청남도 천안시 동남구 봉명동,중상사고,0,1,0,0,차대사람 - 횡단중,안전운전불이행,건조,맑음,단일로 - 기타,승용,여,44세,상해없음,보행자,남,46세,중상
2016080200100406,2016년 8월 2일 18시,화요일,충청남도 당진시 신평면,경상사고,0,0,1,0,차대차 - 측면충돌,신호위반,건조,맑음,교차로 - 교차로안,승용,여,57세,상해없음,승용,남,39세,경상
2016080200100449,2016년 8월 2일 19시,화요일,충청남도 당진시 송악읍,중상사고,0,1,0,0,차대사람 - 기타,안전운전불이행,건조,맑음,단일로 - 기타,승용,여,72세,상해없음,보행자,남,59세,중상
2016080200100526,2016년 8월 2일 22시,화요일,충청남도 아산시 배방읍,경상사고,0,0,4,0,차대차 - 추돌,안전운전불이행,습기,비,단일로 - 기타,승용,남,38세,상해없음,승용,남,36세,경상
2016080200100555,2016년 8월 2일 23시,화요일,충청남도 천안시 동남구 삼룡동,경상사고,0,0,1,0,차대차 - 추돌,안전운전불이행,습기,비,단일로 - 기타,화물,남,50세,상해없음,승용,남,33세,경상
2016080300100008,2016년 8월 3일 00시,수요일,충청남도 천안시 서북구 성정동,중상사고,0,2,1,0,차대차 - 추돌,안전운전불이행,습기,흐림,단일로 - 기타,승용,남,35세,상해없음,승용,남,30세,경상
2016080300100009,2016년 8월 3일 00시,수요일,충청남도 천안시 서북구 쌍용동,경상사고,0,0,1,0,차대차 - 정면충돌,안전운전불이행,습기,비,교차로 - 교차로안,승용,여,32세,상해없음,원동기,남,56세,경상
2016080300100036,2016년 8월 3일 02시,수요일,충청남도 보령시 남곡동,경상사고,0,0,5,0,차대차 - 측면직각충돌,안전운전불이행,건조,맑음,단일로 - 기타,승용,남,18세,경상,승용,남,56세,경상
2016080300100045,2016년 8월 3일 03시,수요일,충청남도 천안시 서북구 두정동,경상사고,0,0,1,0,차대사람 - 차도통행중,안전운전불이행,건조,맑음,단일로 - 기타,승용,남,28세,상해없음,보행자,남,31세,경상
2016080300100046,2016년 8월 3일 03시,수요일,충청남도 보령시 신흑동,중상사고,0,1,0,0,차량단독 - 기타,안전운전불이행,건조,맑음,단일로 - 기타,원동기,남,20세,중상,,,,
2016080300100066,2016년 8월 3일 06시,수요일,충청남도 천안시 동남구 원성동,경상사고,0,0,1,0,차대차 - 추돌,안전거리미확보,건조,맑음,단일로 - 기타,승용,남,23세,상해없음,승용,여,46세,경상
2016080300100118,2016년 8월 3일 08시,수요일,충청남도 태안군 태안읍,경상사고,0,0,1,0,차대사람 - 횡단중,보행자보호의무위반,건조,맑음,단일로 - 기타,승용,여,55세,상해없음,보행자,여,51세,경상
2016080300100119,2016년 8월 3일 08시,수요일,충청남도 서천군 기산면,중상사고,0,1,0,0,차량단독 - 공작물충돌,안전운전불이행,건조,맑음,단일로 - 기타,승용,남,41세,상해없음,,,,
2016080300100120,2016년 8월 3일 08시,수요일,충청남도 공주시 송선동,중상사고,0,1,1,0,차대차 - 추돌,안전거리미확보,건조,맑음,단일로 - 기타,승합,남,24세,상해없음,화물,남,45세,중상
2016080300100121,2016년 8월 3일 08시,수요일,충청남도 천안시 동남구 원성동,부상신고사고,0,0,0,1,차대차 - 측면직각충돌,신호위반,건조,맑음,교차로 - 교차로안,원동기,남,75세,부상신고,승합,남,41세,상해없음
2016080300100144,2016년 8월 3일 09시,수요일,충청남도 천안시 서북구 불당동,중상사고,0,1,0,0,차대사람 - 기타,보행자보호의무위반,건조,맑음,교차로 - 교차로부근,승용,여,33세,상해없음,보행자,여,68세,중상
2016080300100145,2016년 8월 3일 09시,수요일,충청남도 천안시 동남구 신부동,부상신고사고,0,0,0,1,차대차 - 측면직각충돌,직진우회전진행방해,건조,맑음,교차로 - 교차로안,원동기,남,68세,부상신고,승용,남,19세,상해없음
2016080300100197,2016년 8월 3일 11시,수요일,충청남도 공주시 우성면,경상사고,0,0,4,0,차대차 - 추돌,안전운전불이행,건조,맑음,단일로 - 횡단보도부근,화물,남,61세,상해없음,승용,남,37세,경상
2016080300100198,2016년 8월 3일 11시,수요일,충청남도 청양군 정산면,경상사고,0,0,2,0,차대차 - 추돌,안전거리미확보,건조,맑음,교차로 - 교차로안,화물,남,63세,상해없음,승용,여,39세,경상
2016080300100220,2016년 8월 3일 12시,수요일,충청남도 논산시 연무읍,중상사고,0,2,0,0,차대차 - 측면직각충돌,신호위반,건조,맑음,교차로 - 교차로안,승용,여,39세,중상,승용,남,30세,중상
2016080300100407,2016년 8월 3일 17시,수요일,충청남도 아산시 음봉면,경상사고,0,0,1,0,차대차 - 측면충돌,안전운전불이행,건조,맑음,단일로 - 기타,승용,남,27세,상해없음,이륜,남,37세,경상
2016080300100408,2016년 8월 3일 17시,수요일,충청남도 청양군 남양면,경상사고,0,0,3,0,차대차 - 측면직각충돌,중앙선침범,건조,맑음,단일로 - 기타,승용,남,51세,상해없음,승용,여,41세,경상
2016080300100453,2016년 8월 3일 18시,수요일,충청남도 천안시 서북구 직산읍,경상사고,0,0,1,0,차대차 - 측면직각충돌,직진우회전진행방해,건조,맑음,교차로 - 교차로안,승용,여,27세,상해없음,이륜,남,25세,경상
2016080300100510,2016년 8월 3일 20시,수요일,충청남도 천안시 서북구 두정동,경상사고,0,0,1,0,차대사람 - 보도통행중,기타,건조,맑음,단일로 - 기타,이륜,남,64세,상해없음,보행자,여,22세,경상
2016080300100511,2016년 8월 3일 20시,수요일,충청남도 아산시 탕정면,중상사고,0,1,0,0,차대차 - 기타,안전운전불이행,건조,맑음,교차로 - 교차로안,승합,남,43세,기타불명,원동기,남,34세,중상
2016080300100539,2016년 8월 3일 21시,수요일,충청남도 아산시 온천동,중상사고,0,1,0,0,차대사람 - 횡단중,안전운전불이행,건조,맑음,단일로 - 기타,승합,남,39세,상해없음,보행자,남,37세,중상
2016080300100540,2016년 8월 3일 21시,수요일,충청남도 금산군 금산읍,경상사고,0,0,1,0,차대차 - 측면직각충돌,교차로운행방법위반,건조,맑음,교차로 - 교차로안,승용,남,57세,상해없음,승용,여,40세,경상
2016080300100559,2016년 8월 3일 22시,수요일,충청남도 서산시 동문동,경상사고,0,0,1,0,차대차 - 정면충돌,교차로운행방법위반,건조,맑음,교차로 - 교차로안,승용,남,54세,상해없음,승용,남,52세,경상
2016080300100560,2016년 8월 3일 22시,수요일,충청남도 당진시 송산면,중상사고,0,1,0,0,차대차 - 추돌,안전운전불이행,건조,맑음,단일로 - 기타,승용,남,49세,상해없음,원동기,남,33세,중상
2016080300100574,2016년 8월 3일 23시,수요일,충청남도 아산시 배방읍,중상사고,0,2,0,1,차대차 - 추돌,안전운전불이행,건조,맑음,단일로 - 기타,승용,남,27세,상해없음,승용,남,61세,중상
2016080400100014,2016년 8월 4일 00시,목요일,충청남도 보령시 신흑동,중상사고,0,1,0,0,차대사람 - 횡단중,안전운전불이행,건조,맑음,단일로 - 기타,승용,남,20세,상해없음,보행자,여,18세,중상
2016080400100015,2016년 8월 4일 00시,목요일,충청남도 천안시 동남구 신방동,경상사고,0,0,1,0,차대차 - 측면직각충돌,직진우회전진행방해,건조,맑음,교차로 - 교차로안,승용,남,24세,상해없음,승용,남,50세,경상
2016080400100086,2016년 8월 4일 07시,목요일,충청남도 천안시 서북구 성정동,경상사고,0,0,5,0,차대차 - 기타,안전운전불이행,건조,맑음,교차로 - 교차로안,승합,남,39세,상해없음,승합,남,38세,상해없음
2016080400100087,2016년 8월 4일 07시,목요일,충청남도 서천군 장항읍,중상사고,0,1,0,0,차대사람 - 횡단중,안전운전불이행,건조,맑음,교차로 - 교차로부근,화물,남,45세,상해없음,보행자,여,73세,중상
2016080400100088,2016년 8월 4일 07시,목요일,충청남도 공주시 유구읍,경상사고,0,0,3,0,차대차 - 측면직각충돌,직진우회전진행방해,건조,맑음,교차로 - 교차로안,승용,여,53세,상해없음,승용,남,27세,경상
2016080400100200,2016년 8월 4일 11시,목요일,충청남도 아산시 배방읍,경상사고,0,0,1,0,차대차 - 측면직각충돌,안전운전불이행,건조,맑음,교차로 - 교차로안,승용,남,62세,상해없음,승용,남,38세,경상
2016080400100229,2016년 8월 4일 12시,목요일,충청남도 아산시 둔포면,경상사고,0,0,1,0,차대차 - 측면직각충돌,안전운전불이행,건조,맑음,교차로 - 교차로부근,화물,남,40세,상해없음,승용,여,50세,경상
2016080400100230,2016년 8월 4일 12시,목요일,충청남도 예산군 예산읍,경상사고,0,0,1,0,차대차 - 측면직각충돌,안전운전불이행,건조,맑음,교차로 - 교차로안,승용,남,46세,상해없음,승용,여,47세,경상
2016080400100231,2016년 8월 4일 12시,목요일,충청남도 당진시 원당리,경상사고,0,0,4,0,차대차 - 측면직각충돌,교차로운행방법위반,건조,맑음,교차로 - 교차로안,승용,남,39세,경상,승용,남,30세,경상
2016080400100232,2016년 8월 4일 12시,목요일,충청남도 천안시 동남구 광덕면,경상사고,0,0,1,0,차대차 - 정면충돌,안전운전불이행,건조,맑음,단일로 - 기타,승용,남,27세,상해없음,승용,여,57세,경상
2016080400100266,2016년 8월 4일 13시,목요일,충청남도 보령시 천북면,중상사고,0,3,1,0,차량단독 - 공작물충돌,안전운전불이행,건조,맑음,단일로 - 기타,승용,남,68세,중상,,,,
2016080400100301,2016년 8월 4일 14시,목요일,충청남도 당진시 송악읍,경상사고,0,0,1,0,차대차 - 측면직각충돌,신호위반,건조,맑음,교차로 - 교차로안,화물,남,49세,상해없음,화물,남,24세,경상
2016080400100330,2016년 8월 4일 15시,목요일,충청남도 아산시 배방읍,경상사고,0,0,2,0,차대차 - 추돌,안전거리미확보,건조,맑음,교차로 - 교차로부근,화물,남,53세,상해없음,화물,남,43세,경상
2016080400100361,2016년 8월 4일 16시,목요일,충청남도 보령시 신흑동,중상사고,0,1,0,0,차대사람 - 횡단중,안전운전불이행,건조,맑음,단일로 - 기타,이륜,남,17세,상해없음,보행자,여,55세,중상
2016080400100398,2016년 8월 4일 17시,목요일,충청남도 아산시 권곡동,경상사고,0,0,1,0,차량단독 - 도로외이탈 - 추락,안전운전불이행,건조,맑음,단일로 - 교량,승용,남,49세,경상,,,,
2016080400100431,2016년 8월 4일 18시,목요일,충청남도 아산시 읍내동,중상사고,0,1,0,0,차대차 - 측면충돌,안전운전불이행,건조,맑음,교차로 - 교차로안,화물,남,66세,상해없음,승용,여,68세,중상
2016080400100432,2016년 8월 4일 18시,목요일,충청남도 당진시 합덕읍,경상사고,0,0,1,0,차대차 - 측면직각충돌,교차로운행방법위반,건조,맑음,교차로 - 교차로안,승용,남,43세,상해없음,승용,남,64세,경상
2016080400100467,2016년 8월 4일 19시,목요일,충청남도 천안시 서북구 직산읍,경상사고,0,0,2,0,차대차 - 기타,중앙선침범,건조,맑음,단일로 - 기타,승용,남,61세,상해없음,승용,남,33세,경상
2016080500100026,2016년 8월 5일 01시,금요일,충청남도 천안시 서북구 성성동,경상사고,0,0,2,0,차대차 - 추돌,안전운전불이행,건조,맑음,미분류 - 미분류,승용,남,34세,상해없음,화물,남,43세,경상
2016080500100040,2016년 8월 5일 02시,금요일,충청남도 천안시 서북구 두정동,경상사고,0,0,1,0,차대차 - 기타,직진우회전진행방해,건조,맑음,교차로 - 교차로안,승용,남,23세,상해없음,원동기,남,36세,경상
2016080500100121,2016년 8월 5일 08시,금요일,충청남도 천안시 서북구 불당동,경상사고,0,0,5,0,차대차 - 추돌,안전운전불이행,건조,맑음,단일로 - 기타,승용,여,60세,상해없음,승용,여,39세,경상
2016080500100173,2016년 8월 5일 10시,금요일,충청남도 논산시 양촌면,중상사고,0,1,2,0,차대차 - 추돌,안전운전불이행,건조,맑음,교차로 - 교차로안,화물,여,53세,상해없음,화물,남,52세,중상
2016080500100174,2016년 8월 5일 10시,금요일,충청남도 논산시 양촌면,중상사고,0,1,3,0,차대차 - 측면직각충돌,교차로운행방법위반,건조,맑음,교차로 - 교차로안,승용,남,62세,기타불명,승합,남,37세,중상
2016080500100238,2016년 8월 5일 12시,금요일,충청남도 서산시 운산면,경상사고,0,0,1,0,차대사람 - 기타,안전운전불이행,건조,맑음,단일로 - 기타,승용,남,43세,상해없음,보행자,여,25세,경상
2016080500100239,2016년 8월 5일 12시,금요일,충청남도 서산시 예천동,중상사고,0,2,5,0,차대차 - 정면충돌,안전운전불이행,건조,맑음,교차로 - 교차로부근,화물,남,77세,경상,승용,여,41세,경상
2016080500100240,2016년 8월 5일 12시,금요일,충청남도 서천군 기산면,중상사고,0,1,0,0,차대차 - 측면직각충돌,교차로운행방법위반,건조,맑음,교차로 - 교차로안,승용,남,66세,상해없음,화물,남,40세,중상
2016080500100241,2016년 8월 5일 12시,금요일,충청남도 당진시 송악읍,경상사고,0,0,1,0,차대사람 - 횡단중,안전운전불이행,건조,맑음,단일로 - 기타,승용,여,42세,상해없음,보행자,여,87세,경상
2016080500100242,2016년 8월 5일 12시,금요일,충청남도 금산군 금산읍,경상사고,0,0,1,0,차대차 - 측면직각충돌,교차로운행방법위반,건조,맑음,교차로 - 교차로안,원동기,여,48세,경상,승용,여,34세,상해없음
2016080500100270,2016년 8월 5일 13시,금요일,충청남도 태안군 태안읍,중상사고,0,1,1,0,차대차 - 측면충돌,교차로운행방법위반,건조,맑음,교차로 - 교차로안,승용,남,57세,상해없음,화물,남,64세,중상
2016080500100298,2016년 8월 5일 14시,금요일,충청남도 천안시 동남구 광덕면,중상사고,0,1,0,0,차대차 - 측면충돌,직진우회전진행방해,건조,맑음,교차로 - 교차로안,화물,남,59세,상해없음,승용,남,72세,중상
2016080500100404,2016년 8월 5일 17시,금요일,충청남도 태안군 안면읍,사망사고,1,0,0,0,차대사람 - 횡단중,보행자보호의무위반,건조,맑음,교차로 - 교차로안,화물,남,52세,상해없음,보행자,남,80세,사망
2016080500100405,2016년 8월 5일 17시,금요일,충청남도 아산시 둔포면,경상사고,0,0,1,0,차대차 - 추돌,안전운전불이행,건조,맑음,교차로 - 교차로부근,승용,남,32세,상해없음,승용,남,26세,경상
2016080500100449,2016년 8월 5일 18시,금요일,충청남도 천안시 서북구 성환읍,중상사고,0,1,0,0,차대차 - 측면직각충돌,신호위반,건조,맑음,교차로 - 교차로안,승용,남,33세,상해없음,원동기,남,75세,중상
2016080500100450,2016년 8월 5일 18시,금요일,충청남도 보령시 남포면,중상사고,0,1,0,0,차대사람 - 횡단중,안전운전불이행,건조,맑음,단일로 - 기타,승용,여,18세,상해없음,보행자,남,8세,중상
2016080500100451,2016년 8월 5일 18시,금요일,충청남도 금산군 복수면,중상사고,0,1,0,0,차대차 - 정면충돌,중앙선침범,건조,맑음,단일로 - 기타,승용,남,29세,상해없음,원동기,남,63세,중상
2016080500100549,2016년 8월 5일 21시,금요일,충청남도 천안시 동남구 봉명동,중상사고,0,1,0,0,차대차 - 추돌,안전운전불이행,건조,맑음,교차로 - 교차로안,이륜,남,21세,중상,승용,남,42세,상해없음
2016080500100593,2016년 8월 5일 23시,금요일,충청남도 당진시 읍내리,중상사고,0,1,0,0,차대사람 - 기타,안전운전불이행,건조,맑음,단일로 - 기타,승용,남,27세,상해없음,보행자,남,30세,중상
2016080600100042,2016년 8월 6일 02시,토요일,충청남도 천안시 서북구 두정동,경상사고,0,0,1,0,차대사람 - 길가장자리구역통행중,안전운전불이행,건조,맑음,단일로 - 기타,승용,남,25세,상해없음,보행자,남,27세,경상
2016080600100054,2016년 8월 6일 03시,토요일,충청남도 공주시 신관동,경상사고,0,0,1,0,차대사람 - 횡단중,안전운전불이행,건조,맑음,단일로 - 기타,승용,남,20세,상해없음,보행자,남,35세,경상
2016080600100152,2016년 8월 6일 10시,토요일,충청남도 천안시 서북구 직산읍,경상사고,0,0,1,0,차대차 - 추돌,안전거리미확보,건조,맑음,단일로 - 기타,승용,여,42세,상해없음,승용,남,76세,상해없음
2016080600100153,2016년 8월 6일 10시,토요일,충청남도 서천군 서천읍,경상사고,0,0,1,0,차대차 - 측면직각충돌,불법유턴,건조,맑음,교차로 - 교차로안,원동기,남,72세,경상,승용,남,68세,상해없음
2016080600100154,2016년 8월 6일 10시,토요일,충청남도 천안시 동남구 원성동,경상사고,0,0,1,0,차대차 - 정면충돌,안전운전불이행,건조,맑음,단일로 - 기타,자전거,남,8세,경상,승용,여,54세,상해없음
2016080600100192,2016년 8월 6일 11시,토요일,충청남도 서천군 서천읍,경상사고,0,0,1,0,차대차 - 측면직각충돌,안전운전불이행,건조,맑음,교차로 - 교차로안,승용,남,38세,상해없음,승용,여,33세,경상
2016080600100193,2016년 8월 6일 11시,토요일,충청남도 금산군 금산읍,중상사고,0,1,2,0,차대차 - 측면충돌,직진우회전진행방해,건조,맑음,교차로 - 교차로안,승용,여,31세,상해없음,승용,남,21세,경상
2016080600100221,2016년 8월 6일 12시,토요일,충청남도 태안군 남면,중상사고,0,1,0,0,차대차 - 측면직각충돌,중앙선침범,건조,맑음,단일로 - 기타,화물,남,51세,상해없음,승용,남,50세,상해없음
2016080600100222,2016년 8월 6일 12시,토요일,충청남도 당진시 신평면,경상사고,0,0,1,0,차대차 - 정면충돌,교차로운행방법위반,건조,맑음,교차로 - 교차로안,승용,남,55세,상해없음,승용,남,44세,경상
2016080600100259,2016년 8월 6일 13시,토요일,충청남도 공주시 신관동,경상사고,0,0,2,0,차대사람 - 횡단중,보행자보호의무위반,건조,맑음,단일로 - 기타,건설기계,남,58세,상해없음,보행자,여,47세,경상
2016080600100260,2016년 8월 6일 13시,토요일,충청남도 예산군 덕산면,경상사고,0,0,1,0,차대차 - 기타,직진우회전진행방해,건조,맑음,교차로 - 교차로안,승용,남,27세,상해없음,이륜,남,74세,경상
2016080600100292,2016년 8월 6일 14시,토요일,충청남도 부여군 임천면,사망사고,1,1,0,1,차대차 - 측면충돌,중앙선침범,건조,맑음,단일로 - 기타,화물,남,56세,사망,화물,남,74세,부상신고
2016080600100293,2016년 8월 6일 14시,토요일,충청남도 천안시 서북구 성거읍,경상사고,0,0,1,3,차대차 - 기타,안전운전불이행,건조,맑음,단일로 - 기타,승용,남,20세,상해없음,승용,남,36세,상해없음
2016080600100359,2016년 8월 6일 16시,토요일,충청남도 천안시 동남구 풍세면,경상사고,0,0,1,0,차대차 - 정면충돌,안전운전불이행,건조,맑음,교차로 - 교차로안,화물,남,72세,경상,건설기계,남,37세,상해없음
2016080600100405,2016년 8월 6일 18시,토요일,충청남도 천안시 서북구 백석동,경상사고,0,0,2,0,차대차 - 추돌,안전운전불이행,건조,맑음,단일로 - 기타,승용,남,49세,상해없음,승용,여,38세,경상
2016080600100407,2016년 8월 6일 18시,토요일,충청남도 부여군 부여읍,중상사고,0,1,0,0,차대차 - 기타,안전운전불이행,건조,맑음,단일로 - 기타,자전거,남,52세,중상,화물,여,55세,상해없음
2016080600100506,2016년 8월 6일 21시,토요일,충청남도 논산시 연산면,중상사고,0,1,3,0,차대차 - 추돌,안전운전불이행,건조,맑음,단일로 - 기타,승용,남,56세,상해없음,승용,남,58세,경상
2016080600100507,2016년 8월 6일 21시,토요일,충청남도 아산시 탕정면,경상사고,0,0,1,0,차대차 - 추돌,중앙선침범,건조,맑음,교차로 - 교차로부근,승용,여,44세,상해없음,이륜,남,31세,경상
2016080600100529,2016년 8월 6일 22시,토요일,충청남도 논산시 부적면,중상사고,0,6,1,0,차대차 - 추돌,안전운전불이행,습기,흐림,교차로 - 교차로안,화물,남,43세,상해없음,승용,여,33세,중상
2016080600100548,2016년 8월 6일 23시,토요일,충청남도 천안시 서북구 성정동,경상사고,0,0,1,0,차대차 - 측면충돌,안전운전불이행,건조,맑음,단일로 - 기타,승용,여,45세,상해없음,원동기,남,50세,경상
2016080700100059,2016년 8월 7일 05시,일요일,충청남도 보령시 신흑동,경상사고,0,0,2,0,차대차 - 측면직각충돌,안전운전불이행,건조,맑음,교차로 - 교차로부근,승용,남,24세,상해없음,승용,남,36세,경상
2016080700100066,2016년 8월 7일 06시,일요일,충청남도 보령시 신흑동,중상사고,0,1,0,0,차대사람 - 기타,안전운전불이행,건조,맑음,단일로 - 기타,이륜,여,16세,상해없음,보행자,여,58세,중상
2016080700100077,2016년 8월 7일 07시,일요일,충청남도 보령시 주산면,경상사고,0,0,1,0,차량단독 - 전도전복,안전운전불이행,건조,맑음,단일로 - 기타,화물,남,24세,경상,,,,
2016080700100116,2016년 8월 7일 10시,일요일,충청남도 천안시 서북구 성거읍,사망사고,1,0,0,0,차대사람 - 횡단중,보행자보호의무위반,건조,맑음,단일로 - 횡단보도상,승용,남,40세,상해없음,보행자,남,82세,사망
2016080700100117,2016년 8월 7일 10시,일요일,충청남도 천안시 서북구 두정동,경상사고,0,0,1,0,차대차 - 기타,안전운전불이행,건조,맑음,단일로 - 기타,승용,남,70세,상해없음,승용,남,28세,경상
2016080700100118,2016년 8월 7일 10시,일요일,충청남도 천안시 서북구 불당동,경상사고,0,0,1,0,차대차 - 측면직각충돌,신호위반,건조,맑음,교차로 - 교차로안,승용,여,29세,상해없음,승용,남,41세,경상
2016080700100157,2016년 8월 7일 12시,일요일,충청남도 공주시 신관동,경상사고,0,0,1,0,차대차 - 추돌,안전거리미확보,건조,맑음,교차로 - 교차로안,승용,여,35세,상해없음,승용,남,45세,경상
2016080700100203,2016년 8월 7일 14시,일요일,충청남도 보령시 내항동,경상사고,0,0,2,0,차대차 - 추돌,안전거리미확보,건조,맑음,단일로 - 기타,승용,여,23세,상해없음,승용,여,33세,경상
2016080700100204,2016년 8월 7일 14시,일요일,충청남도 당진시 합덕읍,경상사고,0,0,3,0,차대차 - 측면직각충돌,교차로운행방법위반,건조,맑음,교차로 - 교차로안,화물,여,51세,경상,화물,남,59세,경상
2016080700100205,2016년 8월 7일 14시,일요일,충청남도 금산군 부리면,경상사고,0,0,1,0,차대사람 - 기타,안전운전불이행,건조,맑음,단일로 - 기타,승용,남,56세,상해없음,보행자,남,19세,경상