사고번호,사고일시,요일,시군구,사고내용,사망자수,중상자수,경상자수,부상신고자수,사고유형,법규위반,노면상태,기상상태,도로형태,가해운전자 차종,가해운전자 성별,가해운전자 연령,가해운전자 상해정도,피해운전자 차종,피해운전자 성별,피해운전자 연령,피해운전자 상해정도
2016081700100029,2016년 8월 17일 01시,수요일,충청남도 천안시 서북구 불당동,경상사고,0,0,1,0,차대차 - 측면충돌,직진우회전진행방해,건조,맑음,교차로 - 교차로안,승용,남,33세,상해없음,승용,여,50세,경상
2016081700100030,2016년 8월 17일 01시,수요일,충청남도 아산시 배방읍,경상사고,0,0,3,1,차대차 - 측면직각충돌,교차로운행방법위반,건조,맑음,교차로 - 교차로안,승용,남,55세,경상,승용,남,22세,경상
2016081700100114,2016년 8월 17일 08시,수요일,충청남도 태안군 태안읍,중상사고,0,1,0,0,차대차 - 정면충돌,안전운전불이행,건조,맑음,기타 - 기타,승용,여,56세,상해없음,승용,남,35세,중상
2016081700100115,2016년 8월 17일 08시,수요일,충청남도 부여군 충화면,중상사고,0,1,0,0,차대사람 - 횡단중,안전운전불이행,건조,맑음,단일로 - 기타,이륜,남,77세,상해없음,보행자,여,75세,중상
2016081700100116,2016년 8월 17일 08시,수요일,충청남도 당진시 합덕읍,경상사고,0,0,1,0,차대차 - 측면직각충돌,교차로운행방법위반,건조,맑음,단일로 - 기타,이륜,남,76세,경상,승용,남,40세,상해없음
2016081700100159,2016년 8월 17일 09시,수요일,충청남도 서천군 서천읍,경상사고,0,0,1,0,차대사람 - 기타,안전운전불이행,건조,맑음,교차로 - 교차로안,화물,여,49세,상해없음,보행자,여,55세,경상
2016081700100160,2016년 8월 17일 09시,수요일,충청남도 논산시 연무읍,경상사고,0,0,1,0,차대차 - 기타,안전운전불이행,건조,맑음,기타 - 기타,승용,남,32세,상해없음,화물,남,44세,경상
2016081700100203,2016년 8월 17일 10시,수요일,충청남도 서산시 인지면,중상사고,0,1,1,0,차대차 - 기타,안전운전불이행,건조,맑음,교차로 - 교차로안,승용,남,50세,상해없음,승용,여,40세,경상
2016081700100204,2016년 8월 17일 10시,수요일,충청남도 보령시 주교면,중상사고,0,1,0,0,차대사람 - 길가장자리구역통행중,안전운전불이행,건조,맑음,단일로 - 기타,화물,남,36세,상해없음,보행자,여,90세 이상,중상
2016081700100256,2016년 8월 17일 12시,수요일,충청남도 천안시 동남구 청당동,경상사고,0,0,3,0,차대차 - 측면직각충돌,안전운전불이행,건조,맑음,교차로 - 교차로안,승용,여,24세,경상,승용,남,68세,경상
2016081700100287,2016년 8월 17일 13시,수요일,충청남도 천안시 서북구 두정동,경상사고,0,0,1,0,차대차 - 기타,안전운전불이행,건조,맑음,단일로 - 기타,승합,남,42세,상해없음,승용,여,43세,경상
2016081700100325,2016년 8월 17일 14시,수요일,충청남도 천안시 서북구 성정동,경상사고,0,0,1,0,차대차 - 기타,안전운전불이행,건조,맑음,교차로 - 교차로안,승용,여,34세,상해없음,원동기,남,51세,경상
2016081700100327,2016년 8월 17일 14시,수요일,충청남도 금산군 남이면,중상사고,0,2,0,0,차량단독 - 전도전복,안전운전불이행,건조,맑음,단일로 - 기타,화물,남,62세,중상,,,,
2016081700100328,2016년 8월 17일 14시,수요일,충청남도 청양군 청양읍,중상사고,0,1,0,0,차대차 - 기타,기타,건조,맑음,교차로 - 교차로부근,화물,남,56세,상해없음,이륜,남,81세,중상
2016081700100373,2016년 8월 17일 15시,수요일,충청남도 천안시 서북구 성환읍,중상사고,0,1,0,0,차대차 - 측면충돌,안전운전불이행,건조,맑음,단일로 - 기타,승용,남,47세,상해없음,원동기,남,72세,중상
2016081700100403,2016년 8월 17일 16시,수요일,충청남도 천안시 서북구 성거읍,경상사고,0,0,1,0,차대차 - 추돌,안전운전불이행,건조,맑음,단일로 - 기타,화물,남,32세,상해없음,화물,남,41세,경상
2016081700100404,2016년 8월 17일 16시,수요일,충청남도 보령시 명천동,중상사고,0,1,0,0,차대차 - 측면직각충돌,불법유턴,건조,맑음,단일로 - 기타,승용,여,53세,상해없음,원동기,남,48세,중상
2016081700100441,2016년 8월 17일 17시,수요일,충청남도 아산시 온천동,경상사고,0,0,1,0,차대차 - 추돌,안전운전불이행,건조,맑음,교차로 - 교차로부근,승용,남,63세,상해없음,승용,남,37세,상해없음
2016081700100528,2016년 8월 17일 19시,수요일,충청남도 논산시 연무읍,중상사고,0,1,0,0,차대차 - 정면충돌,교차로운행방법위반,건조,맑음,교차로 - 교차로안,승용,남,62세,상해없음,승용,여,54세,상해없음
2016081700100557,2016년 8월 17일 20시,수요일,충청남도 논산시 강산동,중상사고,0,1,1,0,차대차 - 추돌,안전운전불이행,건조,맑음,교차로 - 교차로부근,승합,남,58세,상해없음,승합,남,63세,경상
2016081700100583,2016년 8월 17일 21시,수요일,충청남도 논산시 취암동,중상사고,0,1,0,0,차대차 - 정면충돌,안전운전불이행,건조,맑음,단일로 - 기타,자전거,기타불명,기타불명,기타불명,자전거,여,56세,중상
2016081700100584,2016년 8월 17일 21시,수요일,충청남도 천안시 동남구 신부동,중상사고,0,1,0,0,차대차 - 측면충돌,안전거리미확보,건조,맑음,단일로 - 기타,승용,남,23세,상해없음,이륜,남,17세,중상
2016081700100615,2016년 8월 17일 22시,수요일,충청남도 아산시 용화동,경상사고,0,0,2,0,차대차 - 기타,안전운전불이행,건조,맑음,단일로 - 기타,승용,여,21세,상해없음,승용,여,56세,경상
2016081800100064,2016년 8월 18일 06시,목요일,충청남도 홍성군 장곡면,사망사고,1,0,0,0,차량단독 - 전도전복,안전운전불이행,건조,맑음,단일로 - 기타,농기계,남,77세,사망,,,,
2016081800100083,2016년 8월 18일 07시,목요일,충청남도 논산시 부적면,경상사고,0,0,1,0,차대차 - 추돌,안전운전불이행,건조,맑음,교차로 - 교차로부근,화물,남,37세,상해없음,승용,남,50세,경상
2016081800100084,2016년 8월 18일 07시,목요일,충청남도 보령시 동대동,중상사고,0,1,0,0,차대차 - 추돌,안전거리미확보,건조,맑음,단일로 - 기타,승용,남,65세,상해없음,승합,남,58세,상해없음
2016081800100124,2016년 8월 18일 08시,목요일,충청남도 천안시 서북구 성정동,중상사고,0,1,0,0,차대차 - 측면직각충돌,중앙선침범,건조,맑음,교차로 - 교차로부근,자전거,여,27세,중상,승용,남,63세,상해없음
2016081800100125,2016년 8월 18일 08시,목요일,충청남도 계룡시 엄사면,경상사고,0,0,3,0,차대차 - 측면충돌,교차로운행방법위반,건조,맑음,교차로 - 교차로부근,승용,남,68세,상해없음,승용,남,53세,경상
2016081800100165,2016년 8월 18일 09시,목요일,충청남도 아산시 온천동,경상사고,0,0,1,0,차대사람 - 횡단중,안전운전불이행,건조,맑음,단일로 - 기타,승용,여,55세,상해없음,보행자,남,4세,경상
2016081800100192,2016년 8월 18일 10시,목요일,충청남도 당진시 신평면,경상사고,0,0,1,0,차대차 - 측면충돌,안전운전불이행,건조,맑음,단일로 - 기타,화물,남,56세,상해없음,건설기계,남,36세,경상
2016081800100220,2016년 8월 18일 11시,목요일,충청남도 보령시 주산면,경상사고,0,0,1,0,차대차 - 측면충돌,안전운전불이행,건조,맑음,교차로 - 교차로안,이륜,여,73세,경상,화물,남,41세,상해없음
2016081800100221,2016년 8월 18일 11시,목요일,충청남도 예산군 예산읍,중상사고,0,1,1,0,차대차 - 정면충돌,신호위반,건조,맑음,교차로 - 교차로안,화물,남,44세,경상,화물,남,51세,중상
2016081800100222,2016년 8월 18일 11시,목요일,충청남도 천안시 동남구 동면,중상사고,0,1,0,0,차대차 - 측면직각충돌,기타,건조,맑음,교차로 - 교차로안,원동기,여,38세,중상,승용,남,55세,상해없음
2016081800100250,2016년 8월 18일 12시,목요일,충청남도 아산시 인주면,중상사고,0,1,0,0,차대사람 - 기타,기타,건조,맑음,단일로 - 기타,승합,남,58세,상해없음,보행자,여,80세,중상
2016081800100276,2016년 8월 18일 13시,목요일,충청남도 천안시 서북구 쌍용동,경상사고,0,0,1,0,차대차 - 기타,안전운전불이행,건조,맑음,단일로 - 기타,승용,남,52세,상해없음,승용,남,54세,상해없음
2016081800100277,2016년 8월 18일 13시,목요일,충청남도 공주시 반포면,경상사고,0,0,7,0,차대차 - 추돌,안전운전불이행,건조,맑음,단일로 - 기타,승용,여,66세,경상,승용,남,31세,경상
2016081800100311,2016년 8월 18일 14시,목요일,충청남도 천안시 동남구 신방동,경상사고,0,0,4,0,차대차 - 추돌,안전운전불이행,건조,맑음,단일로 - 기타,승용,남,51세,상해없음,승용,남,53세,경상
2016081800100312,2016년 8월 18일 14시,목요일,충청남도 아산시 배방읍,경상사고,0,0,1,0,차대차 - 기타,안전운전불이행,건조,맑음,교차로 - 교차로안,승용,기타불명,기타불명,기타불명,자전거,남,13세,경상
2016081800100338,2016년 8월 18일 15시,목요일,충청남도 서산시 읍내동,중상사고,0,1,0,0,차대차 - 정면충돌,안전운전불이행,건조,맑음,교차로 - 교차로안,이륜,남,64세,중상,승용,남,58세,상해없음
2016081800100560,2016년 8월 18일 21시,목요일,충청남도 홍성군 홍성읍,경상사고,0,0,1,0,차대차 - 추돌,중앙선침범,건조,맑음,단일로 - 기타,승용,여,25세,상해없음,승용,남,58세,경상
2016081800100561,2016년 8월 18일 21시,목요일,충청남도 보령시 궁촌동,경상사고,0,0,1,0,차대차 - 측면직각충돌,신호위반,건조,맑음,교차로 - 교차로안,승용,여,56세,상해없음,승용,남,28세,경상
2016081800100562,2016년 8월 18일 21시,목요일,충청남도 천안시 동남구 구성동,경상사고,0,0,2,0,차대차 - 측면직각충돌,교차로운행방법위반,건조,맑음,교차로 - 교차로안,승용,여,47세,상해없음,승용,남,39세,경상
2016081800100589,2016년 8월 18일 22시,목요일,충청남도 보령시 궁촌동,경상사고,0,0,2,0,차대차 - 정면충돌,불법유턴,건조,맑음,교차로 - 교차로부근,승용,남,48세,상해없음,승용,여,26세,경상
2016081800100590,2016년 8월 18일 22시,목요일,충청남도 청양군 정산면,중상사고,0,1,2,0,차대차 - 측면직각충돌,신호위반,건조,맑음,교차로 - 교차로안,승용,남,31세,경상,화물,남,30세,경상
2016081800100614,2016년 8월 18일 23시,목요일,충청남도 논산시 취암동,중상사고,0,1,0,0,차대차 - 추돌,안전운전불이행,건조,맑음,단일로 - 기타,이륜,남,16세,상해없음,이륜,남,17세,중상
2016081800100615,2016년 8월 18일 23시,목요일,충청남도 홍성군 구항면,경상사고,0,0,2,0,차대차 - 측면충돌,교차로운행방법위반,건조,맑음,교차로 - 교차로안,승용,여,58세,경상,승용,남,28세,경상
2016081900100060,2016년 8월 19일 05시,금요일,충청남도 아산시 신창면,중상사고,0,1,1,0,차량단독 - 전도전복,안전운전불이행,건조,맑음,단일로 - 기타,이륜,남,22세,상해없음,,,,
2016081900100061,2016년 8월 19일 05시,금요일,충청남도 아산시 인주면,중상사고,0,1,0,0,차대사람 - 기타,안전운전불이행,건조,맑음,단일로 - 기타,승용,남,52세,상해없음,보행자,남,36세,중상
2016081900100074,2016년 8월 19일 06시,금요일,충청남도 서천군 마서면,중상사고,0,1,0,0,차대차 - 측면직각충돌,신호위반,건조,맑음,교차로 - 교차로안,화물,남,56세,상해없음,화물,남,54세,중상
2016081900100085,2016년 8월 19일 07시,금요일,충청남도 서산시 인지면,사망사고,1,0,0,0,차대차 - 정면충돌,중앙선침범,건조,맑음,단일로 - 교량,승용,남,68세,사망,건설기계,남,43세,상해없음
2016081900100086,2016년 8월 19일 07시,금요일,충청남도 아산시 도고면,중상사고,0,1,0,0,차대차 - 정면충돌,중앙선침범,건조,맑음,단일로 - 기타,승용,남,22세,기타불명,이륜,남,76세,중상
2016081900100112,2016년 8월 19일 08시,금요일,충청남도 보령시 남곡동,중상사고,0,1,0,0,차대차 - 추돌,안전운전불이행,건조,맑음,단일로 - 기타,승용,남,31세,상해없음,승합,여,55세,중상
2016081900100148,2016년 8월 19일 09시,금요일,충청남도 아산시 도고면,중상사고,0,3,0,0,차대차 - 추돌,안전운전불이행,건조,맑음,단일로 - 기타,승용,남,32세,기타불명,승용,여,47세,중상
2016081900100180,2016년 8월 19일 10시,금요일,충청남도 당진시 용연리,경상사고,0,0,3,0,차대차 - 추돌,안전운전불이행,건조,맑음,단일로 - 기타,승용,남,26세,상해없음,승용,여,33세,경상
2016081900100236,2016년 8월 19일 12시,금요일,충청남도 청양군 정산면,경상사고,0,0,4,0,차대차 - 추돌,안전운전불이행,건조,맑음,교차로 - 교차로부근,승용,남,62세,상해없음,승용,남,42세,경상
2016081900100268,2016년 8월 19일 13시,금요일,충청남도 천안시 서북구 쌍용동,경상사고,0,0,1,0,차대차 - 기타,기타,건조,맑음,단일로 - 횡단보도상,승용,남,31세,상해없음,자전거,남,12세,경상
2016081900100269,2016년 8월 19일 13시,금요일,충청남도 홍성군 서부면,경상사고,0,0,2,0,차대차 - 측면충돌,교차로운행방법위반,건조,맑음,교차로 - 교차로안,화물,남,69세,상해없음,농기계,남,83세,경상
2016081900100308,2016년 8월 19일 14시,금요일,충청남도 태안군 태안읍,중상사고,0,2,1,0,차대차 - 측면직각충돌,교차로운행방법위반,건조,맑음,교차로 - 교차로안,승용,남,43세,상해없음,승용,남,70세,중상
2016081900100337,2016년 8월 19일 15시,금요일,충청남도 태안군 남면,중상사고,0,1,0,0,차대차 - 추돌,안전운전불이행,건조,맑음,교차로 - 교차로안,승용,남,78세,상해없음,승용,남,78세,상해없음
2016081900100338,2016년 8월 19일 15시,금요일,충청남도 홍성군 광천읍,사망사고,1,0,0,0,차량단독 - 전도전복,안전운전불이행,건조,맑음,단일로 - 기타,승용,남,71세,사망,,,,
2016081900100340,2016년 8월 19일 15시,금요일,충청남도 천안시 동남구 신방동,경상사고,0,0,1,0,차대차 - 측면직각충돌,안전운전불이행,건조,맑음,교차로 - 교차로안,승용,여,39세,상해없음,자전거,남,57세,경상
2016081900100380,2016년 8월 19일 16시,금요일,충청남도 당진시 순성면,중상사고,0,1,0,0,차대차 - 측면충돌,중앙선침범,건조,맑음,단일로 - 기타,승용,여,54세,상해없음,승용,남,58세,중상
2016081900100408,2016년 8월 19일 17시,금요일,충청남도 서산시 동문동,경상사고,0,0,1,0,차대사람 - 횡단중,보행자보호의무위반,건조,맑음,교차로 - 교차로안,승용,남,47세,상해없음,보행자,남,56세,경상
2016081900100453,2016년 8월 19일 18시,금요일,충청남도 홍성군 홍성읍,중상사고,0,2,0,0,차대차 - 측면직각충돌,교차로운행방법위반,건조,맑음,교차로 - 교차로안,이륜,남,18세,중상,승용,여,25세,중상
2016081900100454,2016년 8월 19일 18시,금요일,충청남도 아산시 용화동,경상사고,0,0,1,0,차대사람 - 길가장자리구역통행중,안전운전불이행,건조,맑음,단일로 - 기타,승용,남,62세,상해없음,보행자,여,10세,경상
2016081900100496,2016년 8월 19일 19시,금요일,충청남도 보령시 신흑동,경상사고,0,0,1,0,차대사람 - 횡단중,안전운전불이행,건조,맑음,단일로 - 기타,승용,남,22세,상해없음,보행자,남,5세,경상
2016081900100497,2016년 8월 19일 19시,금요일,충청남도 당진시 읍내리,부상신고사고,0,0,0,1,차대사람 - 횡단중,보행자보호의무위반,건조,맑음,단일로 - 횡단보도상,승용,여,56세,상해없음,보행자,여,19세,부상신고
2016081900100530,2016년 8월 19일 20시,금요일,충청남도 아산시 둔포면,경상사고,0,0,3,0,차대차 - 측면충돌,안전운전불이행,건조,맑음,교차로 - 교차로안,승용,남,32세,상해없음,승용,남,49세,경상
2016081900100561,2016년 8월 19일 21시,금요일,충청남도 당진시 읍내리,경상사고,0,0,3,0,차대차 - 측면충돌,신호위반,건조,맑음,교차로 - 교차로안,승용,남,26세,상해없음,승용,여,45세,경상
2016081900100623,2016년 8월 19일 23시,금요일,충청남도 서산시 대산읍,경상사고,0,0,1,0,차대차 - 추돌,안전거리미확보,건조,맑음,단일로 - 기타,화물,남,32세,경상,화물,남,53세,상해없음
2016081900100624,2016년 8월 19일 23시,금요일,충청남도 아산시 탕정면,중상사고,0,1,0,0,차대차 - 정면충돌,안전운전불이행,건조,맑음,교차로 - 교차로안,승용,남,45세,상해없음,이륜,남,53세,중상
2016081900100625,2016년 8월 19일 23시,금요일,충청남도 논산시 연무읍,중상사고,0,1,10,0,차대차 - 기타,안전운전불이행,건조,맑음,교차로 - 교차로부근,승합,남,59세,경상,승용,남,44세,상해없음
2016082000100068,2016년 8월 20일 03시,토요일,충청남도 아산시 배미동,중상사고,0,1,0,0,차대차 - 추돌,안전운전불이행,건조,맑음,단일로 - 기타,승용,남,33세,중상,화물,남,49세,기타불명
2016082000100099,2016년 8월 20일 06시,토요일,충청남도 천안시 서북구 쌍용동,중상사고,0,2,0,0,차대차 - 측면직각충돌,안전운전불이행,건조,맑음,교차로 - 교차로부근,승용,남,64세,중상,승용,남,45세,중상
2016082000100134,2016년 8월 20일 08시,토요일,충청남도 서산시 읍내동,경상사고,0,0,1,0,차대사람 - 횡단중,보행자보호의무위반,건조,맑음,교차로 - 교차로안,승용,여,45세,상해없음,보행자,여,46세,경상
2016082000100135,2016년 8월 20일 08시,토요일,충청남도 당진시 시곡리,중상사고,0,1,0,0,차대차 - 측면직각충돌,교차로운행방법위반,건조,맑음,교차로 - 교차로안,화물,남,63세,상해없음,승합,여,49세,상해없음
2016082000100219,2016년 8월 20일 11시,토요일,충청남도 천안시 서북구 입장면,경상사고,0,0,1,0,차대차 - 측면직각충돌,안전운전불이행,건조,맑음,교차로 - 교차로안,승용,여,51세,상해없음,건설기계,남,48세,상해없음
2016082000100264,2016년 8월 20일 12시,토요일,충청남도 아산시 장존동,중상사고,0,1,3,0,차대차 - 측면충돌,신호위반,건조,맑음,교차로 - 교차로안,승용,남,22세,상해없음,승용,남,45세,중상
2016082000100265,2016년 8월 20일 12시,토요일,충청남도 보령시 내항동,경상사고,0,0,1,0,차대차 - 추돌,안전운전불이행,건조,맑음,단일로 - 기타,승용,남,59세,상해없음,승용,남,26세,경상
2016082000100290,2016년 8월 20일 13시,토요일,충청남도 태안군 안면읍,중상사고,0,1,0,0,차대차 - 정면충돌,교차로운행방법위반,건조,맑음,교차로 - 교차로안,원동기,남,48세,중상,승용,남,36세,상해없음
2016082000100291,2016년 8월 20일 13시,토요일,충청남도 계룡시 금암동,경상사고,0,0,1,0,차대차 - 정면충돌,안전운전불이행,건조,맑음,단일로 - 기타,승용,남,58세,상해없음,화물,남,35세,경상
2016082000100324,2016년 8월 20일 14시,토요일,충청남도 예산군 삽교읍,부상신고사고,0,0,0,1,차량단독 - 전도전복,안전운전불이행,건조,맑음,교차로 - 교차로부근,이륜,남,70세,부상신고,,,,
2016082000100361,2016년 8월 20일 15시,토요일,충청남도 논산시 내동,경상사고,0,0,3,0,차대차 - 측면충돌,중앙선침범,건조,맑음,단일로 - 기타,승용,남,54세,상해없음,승용,여,36세,경상
2016082000100432,2016년 8월 20일 17시,토요일,충청남도 천안시 서북구 성정동,경상사고,0,0,1,0,차대차 - 측면충돌,안전운전불이행,건조,맑음,단일로 - 기타,승용,여,41세,경상,승용,남,55세,기타불명
2016082000100434,2016년 8월 20일 17시,토요일,충청남도 예산군 예산읍,경상사고,0,0,1,0,차대사람 - 횡단중,안전운전불이행,건조,맑음,단일로 - 기타,승용,남,58세,상해없음,보행자,남,55세,경상
2016082000100435,2016년 8월 20일 17시,토요일,충청남도 천안시 동남구 원성동,중상사고,0,1,0,0,차대차 - 측면직각충돌,안전운전불이행,건조,맑음,교차로 - 교차로안,화물,남,50세,상해없음,이륜,남,32세,중상
2016082000100476,2016년 8월 20일 18시,토요일,충청남도 태안군 태안읍,경상사고,0,0,2,0,차대차 - 정면충돌,중앙선침범,건조,맑음,단일로 - 기타,화물,남,65세,상해없음,승용,남,61세,경상
2016082000100477,2016년 8월 20일 18시,토요일,충청남도 금산군 금산읍,중상사고,0,1,0,0,차대차 - 측면충돌,신호위반,건조,맑음,교차로 - 교차로안,승용,남,55세,상해없음,이륜,여,46세,중상
2016082000100478,2016년 8월 20일 18시,토요일,충청남도 청양군 운곡면,사망사고,1,0,0,0,차량단독 - 전도전복,안전운전불이행,건조,맑음,단일로 - 기타,이륜,여,74세,사망,,,,
2016082000100479,2016년 8월 20일 18시,토요일,충청남도 천안시 동남구 신부동,경상사고,0,0,1,0,차대사람 - 횡단중,안전운전불이행,건조,맑음,교차로 - 교차로부근,승용,여,28세,상해없음,보행자,남,15세,경상
2016082000100518,2016년 8월 20일 19시,토요일,충청남도 서산시 대산읍,경상사고,0,0,1,0,차대차 - 정면충돌,신호위반,건조,맑음,교차로 - 교차로안,승용,남,26세,상해없음,승용,남,40세,상해없음
2016082000100519,2016년 8월 20일 19시,토요일,충청남도 천안시 서북구 차암동,경상사고,0,0,1,0,차대차 - 기타,안전운전불이행,건조,맑음,교차로 - 교차로부근,화물,남,43세,경상,승용,남,27세,상해없음
2016082000100555,2016년 8월 20일 20시,토요일,충청남도 천안시 서북구 두정동,경상사고,0,0,1,0,차대차 - 정면충돌,안전운전불이행,건조,맑음,교차로 - 교차로안,화물,남,30세,기타불명,승용,남,27세,경상
2016082000100576,2016년 8월 20일 21시,토요일,충청남도 서산시 동문동,경상사고,0,0,1,0,차대사람 - 횡단중,불법유턴,건조,맑음,단일로 - 기타,승용,남,45세,상해없음,보행자,남,38세,경상
2016082000100626,2016년 8월 20일 23시,토요일,충청남도 공주시 산성동,경상사고,0,0,1,0,차대차 - 측면충돌,안전운전불이행,건조,맑음,교차로 - 교차로안,승용,남,26세,상해없음,승용,여,44세,경상
2016082100100028,2016년 8월 21일 01시,일요일,충청남도 예산군 덕산면,사망사고,1,1,0,0,차량단독 - 전도전복,안전운전불이행,건조,맑음,단일로 - 기타,승용,남,58세,사망,,,,
2016082100100062,2016년 8월 21일 03시,일요일,충청남도 당진시 합덕읍,중상사고,0,2,0,0,차량단독 - 공작물충돌,안전운전불이행,건조,맑음,교차로 - 교차로안,승용,여,23세,중상,,,,
2016082100100124,2016년 8월 21일 08시,일요일,충청남도 천안시 서북구 두정동,경상사고,0,0,1,0,차대차 - 기타,안전운전불이행,건조,맑음,교차로 - 교차로안,원동기,남,19세,경상,승용,남,57세,상해없음
2016082100100137,2016년 8월 21일 09시,일요일,충청남도 아산시 탕정면,중상사고,0,1,1,0,차대차 - 추돌,안전운전불이행,건조,맑음,교차로 - 교차로안,승용,남,45세,상해없음,승용,남,37세,경상
2016082100100138,2016년 8월 21일 09시,일요일,충청남도 부여군 내산면,경상사고,0,0,3,0,차대차 - 기타,기타,건조,맑음,교차로 - 교차로안,승용,남,61세,경상,승합,남,50세,경상
2016082100100165,2016년 8월 21일 10시,일요일,충청남도 논산시 벌곡면,경상사고,0,0,3,0,차대차 - 측면직각충돌,중앙선침범,건조,맑음,단일로 - 기타,승용,여,35세,상해없음,승용,남,53세,경상
2016082100100166,2016년 8월 21일 10시,일요일,충청남도 보령시 대천동,경상사고,0,0,3,0,차대차 - 측면충돌,직진우회전진행방해,건조,맑음,교차로 - 교차로안,승용,여,36세,경상,화물,남,52세,경상
2016082100100189,2016년 8월 21일 11시,일요일,충청남도 금산군 금산읍,중상사고,0,1,1,0,차대차 - 측면충돌,교차로운행방법위반,건조,맑음,교차로 - 교차로안,원동기,남,17세,경상,승용,남,57세,상해없음
2016082100100260,2016년 8월 21일 14시,일요일,충청남도 예산군 덕산면,사망사고,1,0,0,0,차량단독 - 전도전복,기타,건조,맑음,단일로 - 기타,승용,남,38세,사망,,,,
2016082100100282,2016년 8월 21일 15시,일요일,충청남도 당진시 채운동,부상신고사고,0,0,0,1,차대차 - 추돌,안전운전불이행,건조,맑음,교차로 - 교차로부근,화물,남,47세,상해없음,승용,남,44세,부상신고
2016082100100311,2016년 8월 21일 16시,일요일,충청남도 서천군 종천면,경상사고,0,0,1,0,차대차 - 측면직각충돌,기타,건조,맑음,교차로 - 교차로안,원동기,남,16세,경상,승용,여,45세,상해없음
2016082100100338,2016년 8월 21일 17시,일요일,충청남도 천안시 동남구 원성동,경상사고,0,0,1,0,차대사람 - 횡단중,안전운전불이행,건조,맑음,단일로 - 기타,화물,남,32세,상해없음,보행자,남,66세,경상
2016082100100375,2016년 8월 21일 18시,일요일,충청남도 논산시 연산면,중상사고,0,1,0,0,차대차 - 정면충돌,교차로운행방법위반,건조,맑음,교차로 - 교차로안,화물,여,49세,상해없음,승용,여,46세,중상
2016082100100409,2016년 8월 21일 19시,일요일,충청남도 태안군 근흥면,경상사고,0,0,1,0,차대차 - 정면충돌,안전운전불이행,건조,맑음,교차로 - 교차로부근,승용,남,65세,상해없음,승용,여,40세,경상
2016082100100438,2016년 8월 21일 20시,일요일,충청남도 아산시 모종동,경상사고,0,0,1,0,차대사람 - 횡단중,안전운전불이행,건조,맑음,교차로 - 교차로안,승합,남,39세,기타불명,보행자,남,34세,경상
2016082100100467,2016년 8월 21일 21시,일요일,충청남도 천안시 서북구 성거읍,경상사고,0,0,1,0,차대차 - 추돌,안전운전불이행,건조,맑음,단일로 - 기타,승용,남,41세,상해없음,승합,남,59세,경상
2016082200100012,2016년 8월 22일 00시,월요일,충청남도 당진시 사기소리,중상사고,0,1,2,0,차대차 - 추돌,안전운전불이행,건조,맑음,단일로 - 기타,승용,남,33세,상해없음,승용,남,36세,중상
2016082200100062,2016년 8월 22일 06시,월요일,충청남도 서산시 부석면,중상사고,0,1,0,0,차량단독 - 전도전복,안전운전불이행,건조,맑음,단일로 - 기타,승용,남,68세,중상,,,,
2016082200100063,2016년 8월 22일 06시,월요일,충청남도 서산시 음암면,중상사고,0,1,0,0,차대차 - 측면직각충돌,안전운전불이행,건조,맑음,교차로 - 교차로부근,승용,여,35세,중상,승용,남,48세,상해없음
2016082200100064,2016년 8월 22일 06시,월요일,충청남도 홍성군 홍북면,중상사고,0,1,0,0,차대차 - 측면직각충돌,신호위반,건조,맑음,교차로 - 교차로안,승용,남,47세,상해없음,승용,여,35세,중상
2016082200100140,2016년 8월 22일 08시,월요일,충청남도 홍성군 금마면,경상사고,0,0,1,0,차대차 - 추돌,안전운전불이행,건조,맑음,단일로 - 기타,승용,남,34세,기타불명,농기계,남,80세,경상
2016082200100141,2016년 8월 22일 08시,월요일,충청남도 아산시 권곡동,경상사고,0,0,1,0,차대사람 - 횡단중,안전운전불이행,건조,맑음,교차로 - 교차로부근,화물,남,35세,기타불명,보행자,남,17세,경상
2016082200100142,2016년 8월 22일 08시,월요일,충청남도 서천군 마서면,경상사고,0,0,2,0,차대차 - 추돌,안전운전불이행,건조,맑음,단일로 - 기타,승용,남,70세,상해없음,화물,남,45세,상해없음
2016082200100143,2016년 8월 22일 08시,월요일,충청남도 보령시 동대동,중상사고,0,1,0,0,차대사람 - 횡단중,안전운전불이행,건조,맑음,단일로 - 기타,승용,남,79세,상해없음,보행자,여,63세,중상
2016082200100191,2016년 8월 22일 09시,월요일,충청남도 홍성군 서부면,사망사고,1,0,0,0,차대차 - 정면충돌,중앙선침범,건조,맑음,단일로 - 기타,승용,남,57세,상해없음,화물,남,56세,사망
2016082200100228,2016년 8월 22일 10시,월요일,충청남도 천안시 서북구 입장면,경상사고,0,0,3,0,차대차 - 기타,안전운전불이행,건조,맑음,교차로 - 교차로안,승용,남,58세,경상,화물,여,61세,경상
2016082200100230,2016년 8월 22일 10시,월요일,충청남도 당진시 읍내리,중상사고,0,1,0,0,차대사람 - 기타,안전운전불이행,건조,맑음,단일로 - 기타,화물,남,59세,상해없음,보행자,남,60세,중상
2016082200100269,2016년 8월 22일 11시,월요일,충청남도 논산시 채운면,사망사고,1,0,0,0,차대사람 - 횡단중,안전운전불이행,건조,맑음,단일로 - 터널,승용,남,81세,상해없음,보행자,남,90세 이상,사망