사고번호,사고일시,요일,시군구,사고내용,사망자수,중상자수,경상자수,부상신고자수,사고유형,법규위반,노면상태,기상상태,도로형태,가해운전자 차종,가해운전자 성별,가해운전자 연령,가해운전자 상해정도,피해운전자 차종,피해운전자 성별,피해운전자 연령,피해운전자 상해정도
2016082200100270,2016년 8월 22일 11시,월요일,충청남도 공주시 정안면,경상사고,0,0,1,1,차대차 - 추돌,안전운전불이행,건조,맑음,교차로 - 교차로부근,화물,남,52세,기타불명,승용,남,34세,경상
2016082200100335,2016년 8월 22일 13시,월요일,충청남도 논산시 내동,중상사고,0,1,0,0,차대차 - 측면충돌,신호위반,건조,맑음,교차로 - 교차로안,승용,남,19세,상해없음,승용,남,27세,중상
2016082200100358,2016년 8월 22일 14시,월요일,충청남도 아산시 풍기동,중상사고,0,1,0,0,차대차 - 측면충돌,신호위반,건조,맑음,교차로 - 교차로안,승합,남,58세,상해없음,승용,남,45세,중상
2016082200100359,2016년 8월 22일 14시,월요일,충청남도 천안시 동남구 구성동,경상사고,0,0,2,0,차대차 - 측면직각충돌,안전운전불이행,건조,맑음,단일로 - 기타,승용,여,46세,상해없음,승용,여,43세,경상
2016082200100391,2016년 8월 22일 15시,월요일,충청남도 당진시 읍내리,경상사고,0,0,1,0,차대차 - 추돌,안전운전불이행,건조,맑음,교차로 - 교차로안,승용,여,19세,상해없음,승용,남,49세,경상
2016082200100441,2016년 8월 22일 16시,월요일,충청남도 예산군 예산읍,중상사고,0,1,0,0,차대차 - 측면충돌,직진우회전진행방해,건조,맑음,교차로 - 교차로안,화물,남,63세,상해없음,이륜,남,78세,중상
2016082200100490,2016년 8월 22일 17시,월요일,충청남도 천안시 서북구 신당동,경상사고,0,0,1,0,차대차 - 측면직각충돌,안전운전불이행,건조,맑음,단일로 - 기타,화물,남,58세,상해없음,승용,남,51세,경상
2016082200100491,2016년 8월 22일 17시,월요일,충청남도 천안시 서북구 두정동,경상사고,0,0,2,0,차대차 - 추돌,안전운전불이행,건조,맑음,교차로 - 교차로부근,승용,여,42세,상해없음,승용,여,27세,경상
2016082200100492,2016년 8월 22일 17시,월요일,충청남도 금산군 금산읍,경상사고,0,0,3,0,차대차 - 측면직각충돌,직진우회전진행방해,건조,맑음,교차로 - 교차로안,승용,남,36세,상해없음,승합,남,63세,경상
2016082200100493,2016년 8월 22일 17시,월요일,충청남도 천안시 동남구 삼룡동,사망사고,1,0,0,0,차대사람 - 횡단중,안전운전불이행,건조,맑음,단일로 - 횡단보도부근,승용,남,46세,상해없음,보행자,남,62세,사망
2016082200100525,2016년 8월 22일 18시,월요일,충청남도 천안시 서북구 성거읍,경상사고,0,0,1,0,차대차 - 측면직각충돌,중앙선침범,건조,맑음,교차로 - 교차로부근,승용,여,48세,상해없음,승용,남,29세,경상
2016082200100526,2016년 8월 22일 18시,월요일,충청남도 천안시 서북구 백석동,경상사고,0,0,3,0,차대차 - 측면직각충돌,안전거리미확보,건조,맑음,단일로 - 기타,승용,남,31세,상해없음,승용,남,29세,경상
2016082200100610,2016년 8월 22일 20시,월요일,충청남도 당진시 신평면,사망사고,1,0,0,0,차대사람 - 기타,안전운전불이행,건조,맑음,단일로 - 기타,승용,남,39세,상해없음,보행자,여,82세,사망
2016082200100611,2016년 8월 22일 20시,월요일,충청남도 천안시 동남구 다가동,경상사고,0,0,1,0,차대차 - 측면충돌,안전운전불이행,건조,맑음,단일로 - 기타,승용,남,65세,상해없음,이륜,남,27세,경상
2016082200100649,2016년 8월 22일 21시,월요일,충청남도 천안시 동남구 봉명동,중상사고,0,1,0,0,차대차 - 측면충돌,교차로운행방법위반,건조,맑음,단일로 - 기타,승용,남,29세,상해없음,승용,남,57세,상해없음
2016082300100007,2016년 8월 23일 00시,화요일,충청남도 천안시 서북구 쌍용동,경상사고,0,0,2,0,차대차 - 추돌,안전운전불이행,건조,맑음,교차로 - 교차로부근,승용,남,31세,상해없음,승용,남,46세,경상
2016082300100024,2016년 8월 23일 01시,화요일,충청남도 아산시 탕정면,중상사고,0,1,0,0,차대차 - 측면충돌,안전운전불이행,건조,맑음,단일로 - 교량,승용,여,30세,상해없음,자전거,여,28세,중상
2016082300100025,2016년 8월 23일 01시,화요일,충청남도 금산군 금산읍,중상사고,0,1,0,0,차량단독 - 전도전복,안전운전불이행,습기,비,교차로 - 교차로부근,승용,남,33세,상해없음,,,,
2016082300100077,2016년 8월 23일 07시,화요일,충청남도 아산시 영인면,중상사고,0,1,0,0,차대차 - 추돌,안전운전불이행,건조,맑음,단일로 - 기타,승용,여,26세,상해없음,원동기,남,79세,중상
2016082300100078,2016년 8월 23일 07시,화요일,충청남도 보령시 주교면,중상사고,0,1,0,0,차대차 - 기타,안전운전불이행,건조,맑음,단일로 - 기타,화물,남,57세,상해없음,원동기,남,78세,중상
2016082300100131,2016년 8월 23일 09시,화요일,충청남도 논산시 부적면,중상사고,0,1,3,0,차대차 - 추돌,안전운전불이행,건조,맑음,교차로 - 교차로안,승합,남,61세,상해없음,승용,남,42세,중상
2016082300100133,2016년 8월 23일 09시,화요일,충청남도 천안시 동남구 다가동,경상사고,0,0,1,0,차대사람 - 횡단중,보행자보호의무위반,건조,맑음,교차로 - 교차로부근,건설기계,남,46세,상해없음,보행자,남,58세,경상
2016082300100134,2016년 8월 23일 09시,화요일,충청남도 천안시 동남구 삼룡동,경상사고,0,0,2,0,차대차 - 기타,안전거리미확보,건조,맑음,단일로 - 기타,특수,남,34세,상해없음,승용,남,35세,경상
2016082300100161,2016년 8월 23일 10시,화요일,충청남도 서산시 석남동,부상신고사고,0,0,0,1,차량단독 - 기타,안전운전불이행,건조,맑음,단일로 - 기타,자전거,남,79세,부상신고,,,,
2016082300100194,2016년 8월 23일 11시,화요일,충청남도 서산시 대산읍,중상사고,0,1,0,0,차대사람 - 기타,안전운전불이행,건조,맑음,교차로 - 교차로안,화물,남,66세,상해없음,보행자,남,46세,중상
2016082300100220,2016년 8월 23일 12시,화요일,충청남도 서산시 해미면,경상사고,0,0,1,0,차대사람 - 길가장자리구역통행중,안전운전불이행,건조,맑음,단일로 - 기타,화물,남,59세,상해없음,보행자,남,71세,경상
2016082300100250,2016년 8월 23일 13시,화요일,충청남도 부여군 구룡면,중상사고,0,1,0,0,차대차 - 기타,안전운전불이행,건조,맑음,단일로 - 기타,승합,남,55세,상해없음,이륜,남,79세,중상
2016082300100280,2016년 8월 23일 14시,화요일,충청남도 부여군 규암면,중상사고,0,1,0,0,차대차 - 기타,안전운전불이행,건조,맑음,교차로 - 교차로안,화물,남,61세,상해없음,자전거,남,88세,중상
2016082300100311,2016년 8월 23일 15시,화요일,충청남도 서천군 기산면,경상사고,0,0,3,0,차대차 - 추돌,안전거리미확보,건조,맑음,교차로 - 교차로부근,화물,남,40세,상해없음,승용,여,52세,경상
2016082300100312,2016년 8월 23일 15시,화요일,충청남도 보령시 동대동,중상사고,0,1,0,0,차대사람 - 횡단중,안전운전불이행,건조,맑음,단일로 - 기타,승용,남,62세,상해없음,보행자,남,30세,중상
2016082300100421,2016년 8월 23일 18시,화요일,충청남도 공주시 계룡면,사망사고,1,0,0,0,차량단독 - 기타,안전운전불이행,건조,맑음,단일로 - 기타,이륜,남,60세,사망,,,,
2016082300100422,2016년 8월 23일 18시,화요일,충청남도 천안시 동남구 원성동,중상사고,0,1,3,2,차대차 - 추돌,안전거리미확보,건조,맑음,단일로 - 기타,화물,남,33세,중상,승용,여,23세,경상
2016082300100506,2016년 8월 23일 20시,화요일,충청남도 서산시 예천동,경상사고,0,0,1,0,차대차 - 측면직각충돌,중앙선침범,건조,맑음,단일로 - 기타,승용,남,58세,상해없음,원동기,남,18세,경상
2016082300100507,2016년 8월 23일 20시,화요일,충청남도 천안시 서북구 입장면,사망사고,1,0,0,0,차대차 - 추돌,안전운전불이행,건조,맑음,단일로 - 기타,승용,남,35세,사망,화물,남,47세,상해없음
2016082300100508,2016년 8월 23일 20시,화요일,충청남도 천안시 서북구 성성동,경상사고,0,0,1,0,차대차 - 추돌,안전운전불이행,건조,맑음,단일로 - 기타,승용,남,61세,상해없음,승용,남,46세,경상
2016082300100509,2016년 8월 23일 20시,화요일,충청남도 논산시 강산동,경상사고,0,0,1,0,차대차 - 측면직각충돌,안전거리미확보,건조,맑음,단일로 - 기타,화물,남,53세,상해없음,승용,남,26세,경상
2016082300100535,2016년 8월 23일 21시,화요일,충청남도 서산시 동문동,경상사고,0,0,6,0,차대차 - 추돌,안전운전불이행,건조,맑음,단일로 - 기타,화물,남,22세,상해없음,승용,여,26세,경상
2016082300100536,2016년 8월 23일 21시,화요일,충청남도 천안시 서북구 두정동,경상사고,0,0,1,0,차대사람 - 기타,안전운전불이행,건조,맑음,단일로 - 기타,승용,남,50세,상해없음,보행자,여,47세,경상
2016082300100537,2016년 8월 23일 21시,화요일,충청남도 천안시 동남구 신방동,중상사고,0,1,0,0,차대차 - 측면충돌,안전거리미확보,건조,맑음,단일로 - 기타,승용,남,43세,상해없음,이륜,남,18세,중상
2016082300100566,2016년 8월 23일 22시,화요일,충청남도 태안군 태안읍,중상사고,0,2,0,0,차대사람 - 기타,안전운전불이행,건조,맑음,교차로 - 교차로부근,승용,남,27세,상해없음,보행자,남,65세,중상
2016082300100568,2016년 8월 23일 22시,화요일,충청남도 당진시 송산면,경상사고,0,0,1,0,차량단독 - 전도전복,안전운전불이행,건조,기타,교차로 - 교차로부근,승용,남,34세,경상,,,,
2016082300100588,2016년 8월 23일 23시,화요일,충청남도 당진시 석문면,중상사고,0,1,0,0,차량단독 - 공작물충돌,안전운전불이행,건조,맑음,단일로 - 기타,화물,남,25세,중상,,,,
2016082400100006,2016년 8월 24일 00시,수요일,충청남도 당진시 채운동,경상사고,0,0,2,0,차대차 - 측면충돌,안전운전불이행,건조,맑음,교차로 - 교차로부근,승용,남,53세,상해없음,승용,남,42세,경상
2016082400100121,2016년 8월 24일 08시,수요일,충청남도 천안시 서북구 쌍용동,경상사고,0,0,1,0,차대차 - 측면충돌,안전운전불이행,건조,맑음,교차로 - 교차로안,승합,남,54세,상해없음,승용,여,40세,경상
2016082400100122,2016년 8월 24일 08시,수요일,충청남도 아산시 기산동,경상사고,0,0,1,0,차대차 - 기타,안전운전불이행,건조,맑음,교차로 - 교차로안,화물,남,68세,기타불명,승용,여,41세,경상
2016082400100164,2016년 8월 24일 09시,수요일,충청남도 아산시 온천동,경상사고,0,0,1,0,차대사람 - 횡단중,안전운전불이행,건조,맑음,단일로 - 기타,승용,남,58세,상해없음,보행자,여,52세,경상
2016082400100165,2016년 8월 24일 09시,수요일,충청남도 보령시 동대동,경상사고,0,0,1,0,차대차 - 측면직각충돌,안전운전불이행,건조,맑음,교차로 - 교차로부근,승용,남,68세,상해없음,자전거,여,54세,경상
2016082400100219,2016년 8월 24일 11시,수요일,충청남도 천안시 서북구 쌍용동,경상사고,0,0,1,0,차대차 - 기타,안전운전불이행,건조,맑음,단일로 - 기타,원동기,남,26세,경상,승용,남,32세,상해없음
2016082400100220,2016년 8월 24일 11시,수요일,충청남도 예산군 광시면,경상사고,0,0,1,0,차대차 - 기타,중앙선침범,건조,맑음,단일로 - 기타,승용,여,44세,상해없음,승용,남,26세,경상
2016082400100255,2016년 8월 24일 12시,수요일,충청남도 서산시 석남동,경상사고,0,0,1,0,차대차 - 측면직각충돌,불법유턴,건조,맑음,단일로 - 기타,승용,남,69세,상해없음,화물,남,43세,경상
2016082400100256,2016년 8월 24일 12시,수요일,충청남도 아산시 용화동,경상사고,0,0,1,0,차대사람 - 기타,안전운전불이행,건조,맑음,단일로 - 기타,승용,여,24세,상해없음,보행자,여,20세,경상
2016082400100297,2016년 8월 24일 13시,수요일,충청남도 서산시 고북면,경상사고,0,0,1,0,차대차 - 측면충돌,교차로운행방법위반,건조,맑음,교차로 - 교차로안,자전거,남,23세,경상,이륜,남,70세,상해없음
2016082400100331,2016년 8월 24일 14시,수요일,충청남도 태안군 태안읍,중상사고,0,1,0,0,차대차 - 추돌,안전운전불이행,건조,맑음,단일로 - 기타,승용,남,81세,상해없음,화물,남,31세,중상
2016082400100332,2016년 8월 24일 14시,수요일,충청남도 태안군 고남면,경상사고,0,0,2,0,차대차 - 추돌,안전운전불이행,건조,맑음,교차로 - 교차로부근,승용,여,36세,상해없음,승용,남,24세,경상
2016082400100333,2016년 8월 24일 14시,수요일,충청남도 천안시 서북구 두정동,경상사고,0,0,1,0,차대차 - 측면직각충돌,안전운전불이행,건조,맑음,교차로 - 교차로부근,승용,여,22세,상해없음,승용,여,36세,상해없음
2016082400100363,2016년 8월 24일 15시,수요일,충청남도 아산시 온천동,경상사고,0,0,1,0,차대차 - 기타,안전운전불이행,건조,맑음,교차로 - 교차로안,화물,남,56세,상해없음,자전거,여,70세,경상
2016082400100364,2016년 8월 24일 15시,수요일,충청남도 보령시 주산면,경상사고,0,0,1,0,차량단독 - 전도전복,안전운전불이행,건조,맑음,단일로 - 기타,이륜,남,69세,경상,,,,
2016082400100365,2016년 8월 24일 15시,수요일,충청남도 금산군 복수면,경상사고,0,0,1,0,차대사람 - 횡단중,보행자보호의무위반,건조,맑음,교차로 - 교차로부근,승용,남,69세,상해없음,보행자,남,90세 이상,경상
2016082400100439,2016년 8월 24일 17시,수요일,충청남도 아산시 신창면,중상사고,0,1,0,0,차대사람 - 횡단중,안전운전불이행,건조,맑음,기타 - 기타,자전거,여,6세,상해없음,보행자,여,80세,중상
2016082400100483,2016년 8월 24일 18시,수요일,충청남도 홍성군 홍성읍,경상사고,0,0,1,0,차대차 - 기타,교차로운행방법위반,건조,맑음,교차로 - 교차로안,승용,남,49세,상해없음,원동기,남,19세,경상
2016082400100515,2016년 8월 24일 19시,수요일,충청남도 부여군 남면,중상사고,0,1,0,0,차대차 - 추돌,안전운전불이행,건조,맑음,단일로 - 기타,화물,남,61세,상해없음,농기계,남,77세,중상
2016082400100556,2016년 8월 24일 20시,수요일,충청남도 천안시 동남구 신방동,중상사고,0,1,0,0,차대차 - 측면직각충돌,직진우회전진행방해,건조,맑음,교차로 - 교차로안,화물,남,43세,상해없음,원동기,남,45세,중상
2016082400100625,2016년 8월 24일 22시,수요일,충청남도 아산시 온천동,중상사고,0,2,0,0,차대차 - 정면충돌,신호위반,건조,맑음,교차로 - 교차로안,승용,남,46세,중상,승용,남,50세,중상
2016082500100013,2016년 8월 25일 00시,목요일,충청남도 예산군 봉산면,경상사고,0,0,1,0,차대차 - 기타,직진우회전진행방해,건조,맑음,교차로 - 교차로부근,승용,남,49세,상해없음,승용,남,49세,경상
2016082500100014,2016년 8월 25일 00시,목요일,충청남도 당진시 읍내리,중상사고,0,1,0,0,차대차 - 측면직각충돌,기타,건조,맑음,교차로 - 교차로안,승용,남,42세,상해없음,이륜,남,20세,중상
2016082500100038,2016년 8월 25일 02시,목요일,충청남도 청양군 정산면,중상사고,0,1,0,0,차량단독 - 공작물충돌,안전운전불이행,건조,맑음,교차로 - 교차로안,승용,남,38세,상해없음,,,,
2016082500100049,2016년 8월 25일 04시,목요일,충청남도 당진시 합덕읍,경상사고,0,0,1,0,차대차 - 측면충돌,중앙선침범,건조,맑음,단일로 - 기타,화물,남,54세,상해없음,화물,남,51세,경상
2016082500100054,2016년 8월 25일 05시,목요일,충청남도 논산시 양촌면,중상사고,0,3,0,0,차량단독 - 전도전복,안전운전불이행,건조,맑음,교차로 - 교차로부근,승용,남,70세,상해없음,,,,
2016082500100055,2016년 8월 25일 05시,목요일,충청남도 금산군 부리면,중상사고,0,1,0,0,차대사람 - 횡단중,안전운전불이행,건조,맑음,단일로 - 기타,승용,남,34세,상해없음,보행자,여,71세,중상
2016082500100067,2016년 8월 25일 06시,목요일,충청남도 예산군 오가면,중상사고,0,1,0,0,차대차 - 기타,차로위반,건조,맑음,교차로 - 교차로부근,원동기,여,74세,중상,화물,남,50세,상해없음
2016082500100090,2016년 8월 25일 07시,목요일,충청남도 논산시 연무읍,경상사고,0,0,1,0,차대차 - 측면직각충돌,교차로운행방법위반,건조,맑음,교차로 - 교차로안,승용,남,28세,상해없음,승용,남,61세,경상
2016082500100117,2016년 8월 25일 08시,목요일,충청남도 천안시 서북구 성환읍,중상사고,0,1,0,0,차대차 - 측면직각충돌,중앙선침범,건조,맑음,단일로 - 기타,승용,여,55세,상해없음,원동기,여,22세,중상
2016082500100215,2016년 8월 25일 11시,목요일,충청남도 천안시 동남구 용곡동,중상사고,0,1,0,0,차대차 - 측면충돌,교차로운행방법위반,건조,맑음,교차로 - 교차로안,화물,남,34세,상해없음,이륜,남,70세,중상
2016082500100304,2016년 8월 25일 14시,목요일,충청남도 홍성군 결성면,경상사고,0,0,1,0,차대차 - 측면충돌,안전운전불이행,건조,맑음,단일로 - 기타,화물,남,54세,상해없음,승용,여,47세,경상
2016082500100380,2016년 8월 25일 16시,목요일,충청남도 홍성군 홍성읍,경상사고,0,0,1,0,차대차 - 측면충돌,교차로운행방법위반,건조,맑음,교차로 - 교차로안,승용,여,26세,상해없음,이륜,남,81세,경상
2016082500100381,2016년 8월 25일 16시,목요일,충청남도 당진시 송악읍,경상사고,0,0,1,0,차대차 - 측면충돌,중앙선침범,건조,맑음,단일로 - 기타,화물,남,43세,상해없음,승용,남,48세,경상
2016082500100382,2016년 8월 25일 16시,목요일,충청남도 금산군 금성면,경상사고,0,0,1,0,차대차 - 정면충돌,중앙선침범,건조,맑음,단일로 - 기타,원동기,남,81세,경상,화물,남,31세,상해없음
2016082500100383,2016년 8월 25일 16시,목요일,충청남도 청양군 청양읍,중상사고,0,1,1,0,차대차 - 측면직각충돌,안전거리미확보,건조,맑음,교차로 - 교차로부근,승용,여,63세,경상,승용,여,31세,중상
2016082500100411,2016년 8월 25일 17시,목요일,충청남도 천안시 서북구 백석동,중상사고,0,2,1,0,차대차 - 기타,직진우회전진행방해,건조,맑음,교차로 - 교차로부근,승용,남,41세,상해없음,원동기,남,17세,경상
2016082500100454,2016년 8월 25일 18시,목요일,충청남도 논산시 취암동,경상사고,0,0,1,0,차대사람 - 횡단중,보행자보호의무위반,건조,맑음,교차로 - 교차로부근,승용,남,50세,상해없음,보행자,남,58세,경상
2016082500100571,2016년 8월 25일 21시,목요일,충청남도 예산군 오가면,사망사고,1,0,0,0,차대사람 - 횡단중,안전운전불이행,건조,맑음,단일로 - 기타,승용,남,50세,상해없음,보행자,남,57세,사망
2016082500100606,2016년 8월 25일 22시,목요일,충청남도 천안시 동남구 신방동,경상사고,0,0,1,0,차대사람 - 횡단중,안전운전불이행,건조,맑음,단일로 - 기타,기타불명,기타불명,기타불명,기타불명,보행자,남,26세,경상
2016082500100629,2016년 8월 25일 23시,목요일,충청남도 천안시 동남구 구성동,경상사고,0,0,1,0,차대차 - 측면충돌,안전운전불이행,건조,맑음,단일로 - 기타,승용,남,19세,상해없음,자전거,남,54세,경상
2016082600100059,2016년 8월 26일 02시,금요일,충청남도 천안시 서북구 두정동,경상사고,0,0,1,0,차대사람 - 기타,안전운전불이행,건조,맑음,교차로 - 교차로안,승용,여,23세,상해없음,보행자,여,23세,경상
2016082600100060,2016년 8월 26일 02시,금요일,충청남도 보령시 신흑동,부상신고사고,0,0,0,1,차량단독 - 전도전복,안전운전불이행,습기,비,단일로 - 기타,승용,여,42세,부상신고,,,,
2016082600100082,2016년 8월 26일 03시,금요일,충청남도 천안시 동남구 신방동,경상사고,0,0,1,0,차대차 - 측면직각충돌,차로위반,건조,맑음,단일로 - 기타,승용,남,49세,상해없음,승용,남,32세,경상
2016082600100114,2016년 8월 26일 05시,금요일,충청남도 공주시 신관동,경상사고,0,0,1,0,차량단독 - 전도전복,안전운전불이행,습기,비,교차로 - 교차로안,이륜,남,16세,경상,,,,
2016082600100133,2016년 8월 26일 06시,금요일,충청남도 아산시 음봉면,중상사고,0,1,0,0,차대사람 - 횡단중,안전운전불이행,습기,비,교차로 - 교차로안,승용,남,37세,기타불명,보행자,여,77세,중상
2016082600100161,2016년 8월 26일 07시,금요일,충청남도 서산시 대산읍,경상사고,0,0,1,0,차대차 - 정면충돌,안전운전불이행,건조,맑음,단일로 - 기타,승합,남,42세,상해없음,승용,여,47세,경상
2016082600100187,2016년 8월 26일 08시,금요일,충청남도 태안군 태안읍,중상사고,0,1,0,0,차대차 - 정면충돌,안전운전불이행,습기,비,교차로 - 교차로부근,승용,여,38세,상해없음,이륜,남,76세,중상
2016082600100188,2016년 8월 26일 08시,금요일,충청남도 서산시 잠홍동,경상사고,0,0,1,0,차대차 - 추돌,안전운전불이행,습기,비,단일로 - 기타,승용,여,48세,상해없음,승용,여,23세,경상
2016082600100255,2016년 8월 26일 10시,금요일,충청남도 서산시 지곡면,사망사고,1,0,1,0,차대차 - 정면충돌,신호위반,건조,맑음,교차로 - 교차로안,특수,남,66세,상해없음,승용,여,64세,사망
2016082600100284,2016년 8월 26일 11시,금요일,충청남도 서산시 동문동,경상사고,0,0,1,0,차대차 - 정면충돌,안전운전불이행,건조,맑음,단일로 - 기타,승용,남,34세,상해없음,이륜,남,38세,경상
2016082600100313,2016년 8월 26일 12시,금요일,충청남도 서천군 서천읍,중상사고,0,1,0,0,차대차 - 측면직각충돌,신호위반,건조,맑음,교차로 - 교차로안,승용,여,43세,상해없음,승용,남,28세,중상
2016082600100339,2016년 8월 26일 13시,금요일,충청남도 서천군 서천읍,중상사고,0,1,0,0,차량단독 - 전도전복,안전운전불이행,건조,맑음,단일로 - 기타,화물,남,59세,상해없음,,,,
2016082600100377,2016년 8월 26일 14시,금요일,충청남도 서산시 읍내동,중상사고,0,1,0,0,차대차 - 정면충돌,안전운전불이행,건조,맑음,교차로 - 교차로부근,승용,여,44세,상해없음,이륜,남,81세,중상
2016082600100378,2016년 8월 26일 14시,금요일,충청남도 아산시 음봉면,중상사고,0,1,0,0,차대사람 - 횡단중,안전운전불이행,건조,맑음,단일로 - 기타,승용,여,26세,상해없음,보행자,남,79세,중상
2016082600100379,2016년 8월 26일 14시,금요일,충청남도 청양군 청양읍,경상사고,0,0,1,0,차량단독 - 공작물충돌,안전운전불이행,건조,맑음,단일로 - 기타,승용,여,28세,경상,,,,
2016082600100417,2016년 8월 26일 15시,금요일,충청남도 논산시 연산면,경상사고,0,0,2,0,차대차 - 정면충돌,중앙선침범,건조,맑음,단일로 - 기타,승용,여,38세,상해없음,승용,남,51세,경상
2016082600100462,2016년 8월 26일 16시,금요일,충청남도 태안군 태안읍,중상사고,0,2,0,0,차량단독 - 전도전복,안전운전불이행,건조,맑음,단일로 - 기타,승용,남,68세,중상,,,,
2016082600100463,2016년 8월 26일 16시,금요일,충청남도 천안시 서북구 쌍용동,경상사고,0,0,3,0,차대차 - 기타,안전운전불이행,건조,맑음,기타 - 기타,화물,남,50세,상해없음,승용,남,35세,경상
2016082600100562,2016년 8월 26일 18시,금요일,충청남도 천안시 서북구 쌍용동,부상신고사고,0,0,0,1,차대차 - 기타,안전운전불이행,건조,맑음,교차로 - 교차로부근,승용,여,42세,상해없음,승용,여,49세,부상신고
2016082600100563,2016년 8월 26일 18시,금요일,충청남도 천안시 서북구 직산읍,경상사고,0,0,4,0,차대차 - 기타,안전운전불이행,건조,맑음,단일로 - 기타,승용,여,44세,상해없음,승합,남,59세,경상
2016082600100565,2016년 8월 26일 18시,금요일,충청남도 청양군 청양읍,중상사고,0,1,0,0,차대사람 - 횡단중,안전운전불이행,건조,맑음,단일로 - 기타,승용,여,63세,상해없음,보행자,여,61세,중상
2016082600100657,2016년 8월 26일 20시,금요일,충청남도 천안시 서북구 성정동,부상신고사고,0,0,0,1,차대차 - 기타,안전운전불이행,건조,맑음,단일로 - 기타,승용,남,62세,상해없음,승용,남,34세,부상신고
2016082600100658,2016년 8월 26일 20시,금요일,충청남도 논산시 강경읍,사망사고,1,0,0,0,차대사람 - 횡단중,안전운전불이행,건조,맑음,교차로 - 교차로안,화물,남,61세,상해없음,보행자,여,82세,사망
2016082600100659,2016년 8월 26일 20시,금요일,충청남도 천안시 동남구 봉명동,중상사고,0,1,0,0,차대차 - 측면충돌,중앙선침범,건조,맑음,교차로 - 교차로안,화물,남,57세,상해없음,원동기,남,34세,중상
2016082600100696,2016년 8월 26일 21시,금요일,충청남도 태안군 소원면,경상사고,0,0,1,0,차대차 - 정면충돌,안전운전불이행,건조,맑음,교차로 - 교차로안,화물,남,62세,상해없음,승용,남,64세,상해없음
2016082600100697,2016년 8월 26일 21시,금요일,충청남도 천안시 서북구 쌍용동,경상사고,0,0,2,0,차대차 - 기타,안전운전불이행,건조,맑음,교차로 - 교차로부근,승용,남,52세,상해없음,승용,여,41세,경상
2016082600100698,2016년 8월 26일 21시,금요일,충청남도 천안시 동남구 대흥동,경상사고,0,0,1,0,차대사람 - 횡단중,안전운전불이행,건조,맑음,단일로 - 기타,승합,남,41세,상해없음,보행자,여,60세,경상
2016082700100010,2016년 8월 27일 00시,토요일,충청남도 보령시 대천동,사망사고,1,0,0,0,차대차 - 측면직각충돌,안전운전불이행,건조,맑음,단일로 - 기타,승용,남,42세,상해없음,자전거,여,49세,사망
2016082700100012,2016년 8월 27일 00시,토요일,충청남도 당진시 읍내리,경상사고,0,0,1,0,차대사람 - 횡단중,안전운전불이행,건조,맑음,단일로 - 기타,승용,남,26세,상해없음,보행자,남,69세,경상
2016082700100028,2016년 8월 27일 01시,토요일,충청남도 천안시 서북구 성환읍,부상신고사고,0,0,0,1,차량단독 - 기타,안전운전불이행,건조,맑음,단일로 - 기타,원동기,남,22세,부상신고,,,,
2016082700100052,2016년 8월 27일 02시,토요일,충청남도 논산시 부적면,중상사고,0,1,0,0,차대차 - 측면직각충돌,중앙선침범,건조,맑음,단일로 - 기타,승용,남,22세,상해없음,승용,남,55세,중상
2016082700100081,2016년 8월 27일 04시,토요일,충청남도 아산시 용화동,사망사고,1,0,0,0,차대차 - 추돌,안전운전불이행,건조,맑음,교차로 - 교차로부근,원동기,남,62세,사망,화물,남,59세,기타불명
2016082700100136,2016년 8월 27일 07시,토요일,충청남도 아산시 송악면,중상사고,0,1,0,0,차대차 - 측면충돌,안전운전불이행,건조,맑음,교차로 - 교차로안,승용,남,54세,상해없음,승용,남,47세,중상
2016082700100155,2016년 8월 27일 08시,토요일,충청남도 홍성군 홍성읍,경상사고,0,0,3,0,차대차 - 추돌,안전운전불이행,건조,맑음,단일로 - 기타,승용,여,35세,경상,승용,남,48세,경상
2016082700100156,2016년 8월 27일 08시,토요일,충청남도 아산시 영인면,경상사고,0,0,2,0,차대차 - 추돌,안전운전불이행,건조,맑음,단일로 - 기타,승용,남,59세,상해없음,승용,여,44세,경상
2016082700100234,2016년 8월 27일 10시,토요일,충청남도 보령시 신흑동,경상사고,0,0,1,0,차대차 - 측면직각충돌,직진우회전진행방해,건조,맑음,교차로 - 교차로안,승용,남,66세,상해없음,승용,남,50세,상해없음
2016082700100309,2016년 8월 27일 12시,토요일,충청남도 서산시 부석면,중상사고,0,1,0,0,차대차 - 정면충돌,중앙선침범,건조,맑음,단일로 - 기타,원동기,남,76세,중상,승합,남,43세,상해없음
2016082700100310,2016년 8월 27일 12시,토요일,충청남도 천안시 동남구 다가동,중상사고,0,1,0,0,차대사람 - 횡단중,안전운전불이행,건조,맑음,교차로 - 교차로안,승용,남,48세,상해없음,보행자,여,76세,중상
2016082700100351,2016년 8월 27일 13시,토요일,충청남도 서천군 비인면,경상사고,0,0,2,0,차대차 - 측면직각충돌,안전운전불이행,건조,맑음,단일로 - 기타,승용,여,46세,상해없음,승용,남,41세,경상
2016082700100352,2016년 8월 27일 13시,토요일,충청남도 천안시 동남구 원성동,중상사고,0,1,0,0,차대차 - 측면직각충돌,교차로운행방법위반,건조,맑음,교차로 - 교차로안,승용,남,43세,상해없음,이륜,남,26세,중상