사고번호,사고일시,요일,시군구,사고내용,사망자수,중상자수,경상자수,부상신고자수,사고유형,법규위반,노면상태,기상상태,도로형태,가해운전자 차종,가해운전자 성별,가해운전자 연령,가해운전자 상해정도,피해운전자 차종,피해운전자 성별,피해운전자 연령,피해운전자 상해정도
2016090100100195,2016년 9월 1일 10시,목요일,충청남도 천안시 동남구 구성동,경상사고,0,0,1,0,차대차 - 추돌,안전거리미확보,건조,맑음,교차로 - 교차로부근,승합,남,49세,상해없음,승용,여,36세,상해없음
2016090100100221,2016년 9월 1일 11시,목요일,충청남도 아산시 방축동,경상사고,0,0,1,0,차대차 - 측면충돌,안전운전불이행,건조,맑음,단일로 - 횡단보도상,승용,여,49세,상해없음,자전거,남,80세,경상
2016090100100269,2016년 9월 1일 13시,목요일,충청남도 아산시 모종동,중상사고,0,1,0,0,차대사람 - 횡단중,중앙선침범,건조,맑음,단일로 - 횡단보도상,승용,남,64세,상해없음,보행자,남,40세,중상
2016090100100270,2016년 9월 1일 13시,목요일,충청남도 금산군 복수면,중상사고,0,1,0,0,차대차 - 정면충돌,중앙선침범,건조,맑음,단일로 - 기타,화물,남,59세,상해없음,화물,남,60세,중상
2016090100100299,2016년 9월 1일 14시,목요일,충청남도 서산시 읍내동,중상사고,0,2,0,0,차대차 - 측면직각충돌,교차로운행방법위반,건조,맑음,교차로 - 교차로안,승용,남,57세,상해없음,화물,남,58세,중상
2016090100100336,2016년 9월 1일 15시,목요일,충청남도 태안군 태안읍,중상사고,0,1,0,0,차대차 - 측면충돌,신호위반,건조,맑음,교차로 - 교차로안,승용,남,22세,상해없음,승용,남,35세,중상
2016090100100338,2016년 9월 1일 15시,목요일,충청남도 천안시 동남구 병천면,경상사고,0,0,1,0,차대차 - 기타,안전운전불이행,건조,맑음,단일로 - 기타,승용,남,63세,상해없음,승용,남,34세,경상
2016090100100376,2016년 9월 1일 16시,목요일,충청남도 당진시 원당리,경상사고,0,0,1,0,차대차 - 측면충돌,안전거리미확보,건조,맑음,단일로 - 기타,이륜,남,75세,경상,승용,여,59세,상해없음
2016090100100413,2016년 9월 1일 17시,목요일,충청남도 당진시 수청리,중상사고,0,1,0,0,차대사람 - 기타,안전운전불이행,건조,맑음,단일로 - 기타,화물,남,56세,상해없음,보행자,여,84세,중상
2016090100100414,2016년 9월 1일 17시,목요일,충청남도 천안시 동남구 다가동,경상사고,0,0,1,0,차대차 - 정면충돌,안전운전불이행,건조,맑음,기타 - 기타,승용,남,78세,상해없음,승용,여,45세,경상
2016090100100415,2016년 9월 1일 17시,목요일,충청남도 천안시 동남구 광덕면,중상사고,0,1,0,0,차대차 - 추돌,안전운전불이행,건조,맑음,단일로 - 기타,이륜,여,27세,중상,화물,남,54세,상해없음
2016090100100496,2016년 9월 1일 19시,목요일,충청남도 논산시 연산면,경상사고,0,0,2,0,차대차 - 측면충돌,교차로운행방법위반,건조,맑음,교차로 - 교차로안,원동기,여,60세,경상,승용,여,58세,경상
2016090100100497,2016년 9월 1일 19시,목요일,충청남도 서천군 서천읍,중상사고,0,1,0,0,차대차 - 추돌,안전거리미확보,건조,맑음,교차로 - 교차로부근,승용,남,20세,상해없음,승용,여,61세,중상
2016090100100498,2016년 9월 1일 19시,목요일,충청남도 공주시 정안면,중상사고,0,1,0,0,차대사람 - 기타,안전운전불이행,건조,맑음,단일로 - 기타,승용,여,43세,기타불명,보행자,남,75세,중상
2016090100100523,2016년 9월 1일 20시,목요일,충청남도 아산시 모종동,중상사고,0,3,0,0,차대차 - 정면충돌,신호위반,건조,맑음,교차로 - 교차로안,승합,남,44세,상해없음,승용,여,61세,중상
2016090100100524,2016년 9월 1일 20시,목요일,충청남도 천안시 동남구 쌍용동,중상사고,0,1,0,0,차대차 - 측면충돌,안전운전불이행,건조,맑음,교차로 - 교차로부근,승용,여,21세,상해없음,이륜,남,33세,중상
2016090100100558,2016년 9월 1일 21시,목요일,충청남도 아산시 음봉면,중상사고,0,1,0,0,차량단독 - 전도전복,안전운전불이행,건조,맑음,기타 - 기타,승용,남,28세,상해없음,,,,
2016090100100559,2016년 9월 1일 21시,목요일,충청남도 아산시 인주면,경상사고,0,0,2,0,차대차 - 측면충돌,신호위반,건조,맑음,교차로 - 교차로안,승용,남,46세,상해없음,승용,남,25세,경상
2016090100100560,2016년 9월 1일 21시,목요일,충청남도 보령시 동대동,경상사고,0,0,1,0,차대차 - 추돌,안전운전불이행,건조,맑음,교차로 - 교차로안,승용,여,45세,상해없음,승용,여,43세,경상
2016090100100561,2016년 9월 1일 21시,목요일,충청남도 예산군 덕산면,경상사고,0,0,1,0,차대차 - 기타,중앙선침범,건조,맑음,교차로 - 교차로부근,승용,남,41세,상해없음,이륜,여,61세,경상
2016090100100562,2016년 9월 1일 21시,목요일,충청남도 부여군 초촌면,중상사고,0,1,0,0,차대차 - 정면충돌,안전운전불이행,건조,맑음,교차로 - 교차로안,승용,남,55세,상해없음,화물,남,51세,중상
2016090100100596,2016년 9월 1일 22시,목요일,충청남도 홍성군 홍성읍,중상사고,0,1,0,0,차대차 - 측면충돌,기타,습기,맑음,교차로 - 교차로안,승합,남,29세,상해없음,원동기,남,16세,중상
2016090100100597,2016년 9월 1일 22시,목요일,충청남도 당진시 송악읍,경상사고,0,0,2,0,차대차 - 측면충돌,교차로운행방법위반,건조,맑음,교차로 - 교차로안,승용,남,31세,상해없음,승용,남,27세,경상
2016090100100619,2016년 9월 1일 23시,목요일,충청남도 천안시 서북구 두정동,중상사고,0,1,0,0,차대차 - 측면직각충돌,안전운전불이행,건조,맑음,단일로 - 기타,이륜,남,21세,중상,화물,남,45세,상해없음
2016090100100620,2016년 9월 1일 23시,목요일,충청남도 당진시 송산면,경상사고,0,0,1,0,차대사람 - 길가장자리구역통행중,중앙선침범,건조,맑음,단일로 - 기타,승용,남,35세,상해없음,보행자,여,77세,경상
2016090200100029,2016년 9월 2일 01시,금요일,충청남도 천안시 서북구 두정동,경상사고,0,0,2,0,차대차 - 기타,안전운전불이행,습기,비,교차로 - 교차로부근,승용,남,35세,상해없음,승용,여,43세,경상
2016090200100063,2016년 9월 2일 04시,금요일,충청남도 부여군 부여읍,중상사고,0,1,0,0,차대사람 - 횡단중,안전운전불이행,건조,맑음,단일로 - 기타,승용,남,53세,상해없음,보행자,여,83세,중상
2016090200100153,2016년 9월 2일 08시,금요일,충청남도 서산시 읍내동,중상사고,0,1,0,1,차대차 - 측면직각충돌,교차로운행방법위반,건조,맑음,교차로 - 교차로안,이륜,남,78세,중상,승용,남,80세,상해없음
2016090200100154,2016년 9월 2일 08시,금요일,충청남도 보령시 궁촌동,경상사고,0,0,1,0,차대차 - 측면직각충돌,직진우회전진행방해,건조,맑음,교차로 - 교차로안,이륜,남,72세,경상,승용,남,35세,상해없음
2016090200100155,2016년 9월 2일 08시,금요일,충청남도 청양군 정산면,경상사고,0,0,1,0,차대차 - 기타,중앙선침범,건조,맑음,단일로 - 기타,이륜,남,73세,경상,특수,남,54세,상해없음
2016090200100213,2016년 9월 2일 10시,금요일,충청남도 천안시 서북구 성환읍,중상사고,0,1,1,0,차대차 - 측면직각충돌,안전운전불이행,건조,맑음,단일로 - 기타,화물,남,57세,상해없음,원동기,남,63세,경상
2016090200100214,2016년 9월 2일 10시,금요일,충청남도 아산시 탕정면,경상사고,0,0,1,0,차대차 - 기타,교차로운행방법위반,건조,맑음,교차로 - 교차로안,승용,남,42세,상해없음,승용,여,33세,경상
2016090200100237,2016년 9월 2일 11시,금요일,충청남도 천안시 서북구 쌍용동,중상사고,0,1,0,0,차대사람 - 횡단중,안전운전불이행,건조,맑음,단일로 - 기타,승합,남,50세,상해없음,보행자,남,57세,중상
2016090200100238,2016년 9월 2일 11시,금요일,충청남도 당진시 대덕리,경상사고,0,0,1,0,차대차 - 측면충돌,교차로운행방법위반,건조,맑음,교차로 - 교차로안,승용,남,67세,상해없음,승용,남,23세,경상
2016090200100272,2016년 9월 2일 12시,금요일,충청남도 서천군 서천읍,경상사고,0,0,1,0,차대차 - 추돌,안전거리미확보,건조,맑음,단일로 - 기타,화물,남,33세,상해없음,승용,남,45세,경상
2016090200100273,2016년 9월 2일 12시,금요일,충청남도 천안시 동남구 목천읍,경상사고,0,0,1,0,차대차 - 정면충돌,안전운전불이행,건조,맑음,교차로 - 교차로안,승용,여,38세,상해없음,승용,남,76세,경상
2016090200100304,2016년 9월 2일 13시,금요일,충청남도 천안시 동남구 안서동,경상사고,0,0,1,0,차대사람 - 차도통행중,안전운전불이행,건조,맑음,단일로 - 기타,원동기,남,24세,상해없음,보행자,남,23세,경상
2016090200100333,2016년 9월 2일 14시,금요일,충청남도 천안시 동남구 봉명동,경상사고,0,0,1,0,차대차 - 정면충돌,중앙선침범,건조,맑음,단일로 - 기타,자전거,남,56세,경상,승용,여,42세,상해없음
2016090200100362,2016년 9월 2일 15시,금요일,충청남도 서산시 예천동,중상사고,0,1,0,1,차대차 - 측면직각충돌,교차로운행방법위반,건조,맑음,교차로 - 교차로안,승용,여,58세,부상신고,승용,여,35세,중상
2016090200100363,2016년 9월 2일 15시,금요일,충청남도 서산시 지곡면,부상신고사고,0,0,0,1,차대차 - 정면충돌,안전거리미확보,건조,맑음,교차로 - 교차로안,이륜,남,76세,부상신고,승용,남,45세,상해없음
2016090200100364,2016년 9월 2일 15시,금요일,충청남도 보령시 대천동,중상사고,0,1,0,0,차대사람 - 기타,안전운전불이행,건조,맑음,단일로 - 기타,승용,남,22세,상해없음,보행자,여,59세,중상
2016090200100393,2016년 9월 2일 16시,금요일,충청남도 천안시 동남구 청당동,경상사고,0,0,1,0,차대차 - 기타,안전운전불이행,건조,맑음,단일로 - 기타,승용,남,40세,상해없음,승용,여,44세,경상
2016090200100438,2016년 9월 2일 17시,금요일,충청남도 서천군 서천읍,경상사고,0,0,1,0,차량단독 - 전도전복,안전운전불이행,건조,맑음,단일로 - 기타,이륜,남,75세,경상,,,,
2016090200100485,2016년 9월 2일 18시,금요일,충청남도 태안군 태안읍,중상사고,0,1,0,0,차대차 - 정면충돌,안전운전불이행,건조,맑음,단일로 - 기타,승용,여,42세,상해없음,이륜,남,48세,중상
2016090200100486,2016년 9월 2일 18시,금요일,충청남도 계룡시 신도안면,경상사고,0,0,2,0,차대차 - 측면충돌,교차로운행방법위반,건조,맑음,교차로 - 교차로안,승용,여,44세,상해없음,승용,여,65세,경상
2016090200100487,2016년 9월 2일 18시,금요일,충청남도 천안시 동남구 신부동,경상사고,0,0,1,0,차대사람 - 기타,안전운전불이행,건조,맑음,단일로 - 기타,자전거,남,18세,상해없음,보행자,여,52세,경상
2016090200100528,2016년 9월 2일 19시,금요일,충청남도 서천군 장항읍,경상사고,0,0,1,0,차대차 - 측면직각충돌,직진우회전진행방해,건조,맑음,교차로 - 교차로안,승합,여,41세,상해없음,자전거,남,85세,경상
2016090200100569,2016년 9월 2일 20시,금요일,충청남도 논산시 강경읍,중상사고,0,1,0,0,차대사람 - 횡단중,보행자보호의무위반,건조,맑음,단일로 - 횡단보도상,이륜,남,64세,기타불명,보행자,여,18세,중상
2016090200100570,2016년 9월 2일 20시,금요일,충청남도 천안시 동남구 삼룡동,중상사고,0,2,0,0,차대차 - 추돌,안전운전불이행,건조,맑음,교차로 - 교차로부근,화물,남,56세,상해없음,승용,남,36세,중상
2016090200100608,2016년 9월 2일 21시,금요일,충청남도 천안시 서북구 신당동,중상사고,0,1,0,0,차대차 - 추돌,안전거리미확보,건조,맑음,단일로 - 기타,원동기,남,17세,중상,건설기계,남,43세,상해없음
2016090200100694,2016년 9월 2일 23시,금요일,충청남도 논산시 강경읍,경상사고,0,0,1,0,차대차 - 측면직각충돌,직진우회전진행방해,건조,맑음,교차로 - 교차로안,승용,남,34세,상해없음,승용,남,30세,경상
2016090300100041,2016년 9월 3일 01시,토요일,충청남도 보령시 신흑동,경상사고,0,0,2,0,차대차 - 측면직각충돌,신호위반,건조,맑음,교차로 - 교차로안,승용,여,55세,상해없음,승용,남,20세,경상
2016090300100068,2016년 9월 3일 02시,토요일,충청남도 천안시 동남구 신부동,경상사고,0,0,1,0,차대차 - 측면직각충돌,신호위반,건조,맑음,교차로 - 교차로안,화물,남,25세,상해없음,승용,남,38세,경상
2016090300100079,2016년 9월 3일 03시,토요일,충청남도 공주시 신관동,경상사고,0,0,1,0,차대사람 - 차도통행중,안전운전불이행,건조,맑음,단일로 - 기타,승용,여,44세,상해없음,보행자,남,30세,경상
2016090300100165,2016년 9월 3일 08시,토요일,충청남도 태안군 태안읍,경상사고,0,0,1,0,차대차 - 정면충돌,안전운전불이행,건조,맑음,교차로 - 교차로안,이륜,여,66세,경상,승용,여,63세,상해없음
2016090300100166,2016년 9월 3일 08시,토요일,충청남도 논산시 덕지동,경상사고,0,0,1,0,차대차 - 측면직각충돌,안전운전불이행,건조,맑음,교차로 - 교차로안,이륜,남,82세,경상,승용,남,41세,상해없음
2016090300100192,2016년 9월 3일 09시,토요일,충청남도 천안시 서북구 두정동,경상사고,0,0,1,0,차대차 - 추돌,안전운전불이행,건조,맑음,단일로 - 기타,승용,남,28세,상해없음,승용,남,59세,경상
2016090300100193,2016년 9월 3일 09시,토요일,충청남도 서천군 기산면,중상사고,0,1,0,0,차대차 - 측면충돌,직진우회전진행방해,건조,맑음,교차로 - 교차로안,승용,남,52세,상해없음,원동기,남,69세,중상
2016090300100252,2016년 9월 3일 11시,토요일,충청남도 천안시 서북구 백석동,경상사고,0,0,5,0,차대차 - 기타,불법유턴,건조,맑음,단일로 - 기타,승용,남,45세,상해없음,승용,남,27세,경상
2016090300100253,2016년 9월 3일 11시,토요일,충청남도 공주시 사곡면,부상신고사고,0,0,0,1,차대사람 - 횡단중,안전운전불이행,건조,맑음,단일로 - 기타,자전거,남,35세,상해없음,보행자,여,39세,부상신고
2016090300100296,2016년 9월 3일 12시,토요일,충청남도 보령시 미산면,중상사고,0,1,0,0,차대사람 - 기타,안전운전불이행,건조,맑음,교차로 - 교차로안,화물,남,58세,상해없음,보행자,남,10세,중상
2016090300100326,2016년 9월 3일 13시,토요일,충청남도 아산시 송악면,중상사고,0,1,0,0,차량단독 - 공작물충돌,안전운전불이행,건조,맑음,단일로 - 기타,화물,남,61세,중상,,,,
2016090300100368,2016년 9월 3일 14시,토요일,충청남도 천안시 서북구 직산읍,경상사고,0,0,1,0,차대차 - 추돌,안전운전불이행,건조,맑음,단일로 - 기타,승용,남,63세,상해없음,승용,남,31세,경상
2016090300100369,2016년 9월 3일 14시,토요일,충청남도 논산시 지산동,중상사고,0,1,1,0,차대차 - 측면충돌,직진우회전진행방해,건조,맑음,교차로 - 교차로안,이륜,남,16세,경상,승합,남,38세,상해없음
2016090300100370,2016년 9월 3일 14시,토요일,충청남도 공주시 동현동,중상사고,0,1,1,0,차대차 - 측면직각충돌,안전거리미확보,건조,맑음,단일로 - 기타,건설기계,남,61세,상해없음,승용,여,55세,중상
2016090300100412,2016년 9월 3일 15시,토요일,충청남도 아산시 둔포면,중상사고,0,1,0,0,차대차 - 정면충돌,안전운전불이행,건조,맑음,단일로 - 기타,승용,남,29세,상해없음,승용,여,61세,중상
2016090300100413,2016년 9월 3일 15시,토요일,충청남도 공주시 탄천면,사망사고,1,2,0,0,차량단독 - 공작물충돌,안전운전불이행,건조,맑음,교차로 - 교차로안,화물,남,69세,중상,,,,
2016090300100451,2016년 9월 3일 16시,토요일,충청남도 아산시 영인면,중상사고,0,1,1,0,차대차 - 정면충돌,중앙선침범,건조,맑음,단일로 - 기타,승용,남,52세,상해없음,승용,남,41세,중상
2016090300100452,2016년 9월 3일 16시,토요일,충청남도 공주시 정안면,경상사고,0,0,2,0,차대차 - 기타,차로위반,건조,맑음,단일로 - 기타,승용,남,46세,상해없음,승용,남,41세,경상
2016090300100491,2016년 9월 3일 17시,토요일,충청남도 아산시 탕정면,중상사고,0,2,1,0,차대차 - 정면충돌,중앙선침범,건조,맑음,단일로 - 횡단보도부근,화물,남,67세,중상,승용,남,63세,중상
2016090300100539,2016년 9월 3일 18시,토요일,충청남도 보령시 대천동,중상사고,0,1,0,0,차대사람 - 기타,안전운전불이행,건조,맑음,단일로 - 기타,승용,남,44세,상해없음,보행자,여,28세,중상
2016090300100540,2016년 9월 3일 18시,토요일,충청남도 공주시 신관동,중상사고,0,1,0,0,차대차 - 측면충돌,불법유턴,건조,맑음,교차로 - 교차로안,자전거,남,13세,중상,승용,여,42세,상해없음
2016090300100541,2016년 9월 3일 18시,토요일,충청남도 천안시 동남구 신방동,경상사고,0,0,1,0,차대차 - 추돌,안전운전불이행,건조,맑음,단일로 - 기타,승용,남,24세,상해없음,승용,여,36세,상해없음
2016090300100567,2016년 9월 3일 19시,토요일,충청남도 천안시 동남구 성황동,경상사고,0,0,1,0,차대사람 - 기타,안전운전불이행,건조,맑음,단일로 - 기타,승용,남,48세,상해없음,보행자,남,53세,경상
2016090300100631,2016년 9월 3일 21시,토요일,충청남도 공주시 신관동,경상사고,0,0,1,0,차대사람 - 횡단중,보행자보호의무위반,건조,맑음,교차로 - 교차로안,이륜,남,19세,상해없음,보행자,여,48세,경상
2016090300100633,2016년 9월 3일 21시,토요일,충청남도 천안시 동남구 원성동,경상사고,0,0,1,0,차대차 - 측면충돌,안전운전불이행,건조,맑음,단일로 - 기타,승용,남,45세,상해없음,이륜,남,28세,경상
2016090300100656,2016년 9월 3일 22시,토요일,충청남도 태안군 태안읍,중상사고,0,1,1,0,차대사람 - 횡단중,안전운전불이행,건조,맑음,교차로 - 교차로부근,승용,남,36세,기타불명,보행자,남,50세,중상
2016090300100681,2016년 9월 3일 23시,토요일,충청남도 아산시 인주면,중상사고,0,1,1,0,차대차 - 기타,안전운전불이행,건조,맑음,단일로 - 기타,승용,남,29세,경상,승용,남,35세,중상
2016090400100007,2016년 9월 4일 00시,일요일,충청남도 홍성군 홍성읍,경상사고,0,0,1,0,차대차 - 정면충돌,안전운전불이행,건조,맑음,교차로 - 교차로안,이륜,남,56세,경상,승용,남,33세,상해없음
2016090400100008,2016년 9월 4일 00시,일요일,충청남도 공주시 반포면,경상사고,0,0,1,0,차대사람 - 길가장자리구역통행중,안전운전불이행,건조,맑음,단일로 - 기타,기타불명,기타불명,기타불명,기타불명,보행자,남,40세,경상
2016090400100026,2016년 9월 4일 01시,일요일,충청남도 천안시 동남구 신부동,경상사고,0,0,4,0,차대차 - 추돌,안전운전불이행,건조,맑음,교차로 - 교차로부근,승용,남,40세,상해없음,승용,여,36세,경상
2016090400100032,2016년 9월 4일 02시,일요일,충청남도 천안시 동남구 광덕면,부상신고사고,0,0,0,1,차대사람 - 횡단중,안전운전불이행,건조,맑음,단일로 - 기타,기타불명,기타불명,기타불명,기타불명,보행자,남,25세,부상신고
2016090400100047,2016년 9월 4일 04시,일요일,충청남도 아산시 방축동,경상사고,0,0,1,0,차대차 - 추돌,안전운전불이행,건조,맑음,교차로 - 교차로부근,승합,남,24세,상해없음,승용,남,48세,경상
2016090400100048,2016년 9월 4일 04시,일요일,충청남도 보령시 웅천읍,사망사고,1,0,0,0,차대사람 - 기타,안전운전불이행,건조,맑음,단일로 - 기타,승용,남,36세,상해없음,보행자,남,53세,사망
2016090400100082,2016년 9월 4일 07시,일요일,충청남도 천안시 서북구 입장면,부상신고사고,0,0,0,1,차대차 - 측면직각충돌,교차로운행방법위반,건조,맑음,교차로 - 교차로안,승용,남,45세,상해없음,승용,남,40세,부상신고
2016090400100113,2016년 9월 4일 09시,일요일,충청남도 당진시 송악읍,경상사고,0,0,4,0,차대차 - 추돌,안전운전불이행,건조,맑음,단일로 - 기타,승용,남,24세,상해없음,승용,남,42세,경상
2016090400100137,2016년 9월 4일 10시,일요일,충청남도 서천군 판교면,중상사고,0,1,3,0,차대차 - 측면직각충돌,안전운전불이행,건조,맑음,교차로 - 교차로안,승용,남,56세,상해없음,승용,여,34세,경상
2016090400100160,2016년 9월 4일 11시,일요일,충청남도 서산시 해미면,경상사고,0,0,1,0,차대차 - 정면충돌,교차로운행방법위반,건조,맑음,교차로 - 교차로안,승용,남,45세,상해없음,승용,여,54세,경상
2016090400100161,2016년 9월 4일 11시,일요일,충청남도 논산시 가야곡면,중상사고,0,2,0,0,차대차 - 측면직각충돌,안전운전불이행,건조,맑음,단일로 - 기타,이륜,남,71세,중상,화물,남,42세,상해없음
2016090400100162,2016년 9월 4일 11시,일요일,충청남도 공주시 교동,중상사고,0,1,2,0,차대차 - 추돌,안전거리미확보,건조,맑음,단일로 - 기타,승용,여,46세,상해없음,승용,남,62세,중상
2016090400100187,2016년 9월 4일 12시,일요일,충청남도 아산시 온천동,부상신고사고,0,0,0,1,차대차 - 측면충돌,안전운전불이행,건조,맑음,교차로 - 교차로안,이륜,남,79세,부상신고,승용,여,41세,상해없음
2016090400100188,2016년 9월 4일 12시,일요일,충청남도 아산시 신창면,사망사고,1,0,0,0,차량단독 - 도로외이탈 - 기타,안전운전불이행,건조,맑음,단일로 - 기타,이륜,남,73세,사망,,,,
2016090400100189,2016년 9월 4일 12시,일요일,충청남도 당진시 신평면,경상사고,0,0,3,0,차대차 - 측면직각충돌,교차로운행방법위반,건조,맑음,교차로 - 교차로안,승용,남,25세,상해없음,승용,남,45세,경상
2016090400100217,2016년 9월 4일 13시,일요일,충청남도 금산군 금산읍,중상사고,0,1,0,0,차대사람 - 횡단중,보행자보호의무위반,건조,맑음,단일로 - 횡단보도상,승용,남,52세,상해없음,보행자,여,57세,중상
2016090400100251,2016년 9월 4일 14시,일요일,충청남도 서천군 서천읍,경상사고,0,0,1,0,차대차 - 추돌,안전거리미확보,건조,맑음,단일로 - 기타,승용,남,36세,상해없음,승용,여,55세,경상
2016090400100282,2016년 9월 4일 15시,일요일,충청남도 논산시 양촌면,경상사고,0,0,1,0,차량단독 - 도로외이탈 - 기타,안전운전불이행,건조,맑음,단일로 - 기타,이륜,남,42세,경상,,,,
2016090400100283,2016년 9월 4일 15시,일요일,충청남도 아산시 염치읍,사망사고,3,1,2,0,차대차 - 정면충돌,중앙선침범,건조,맑음,단일로 - 기타,승용,여,53세,사망,승합,남,52세,중상
2016090400100284,2016년 9월 4일 15시,일요일,충청남도 아산시 도고면,경상사고,0,0,3,0,차대차 - 추돌,안전운전불이행,건조,맑음,단일로 - 기타,승용,남,56세,상해없음,승용,남,56세,경상
2016090400100310,2016년 9월 4일 16시,일요일,충청남도 청양군 운곡면,경상사고,0,0,1,0,차량단독 - 전도전복,안전운전불이행,건조,맑음,교차로 - 교차로부근,특수,남,37세,경상,,,,
2016090400100334,2016년 9월 4일 17시,일요일,충청남도 태안군 안면읍,사망사고,1,0,0,0,차량단독 - 도로외이탈 - 추락,안전운전불이행,건조,맑음,단일로 - 기타,이륜,남,17세,상해없음,,,,
2016090400100335,2016년 9월 4일 17시,일요일,충청남도 천안시 서북구 불당동,중상사고,0,1,0,0,차대사람 - 횡단중,신호위반,건조,맑음,교차로 - 교차로안,승용,여,45세,상해없음,보행자,남,28세,중상
2016090400100336,2016년 9월 4일 17시,일요일,충청남도 천안시 서북구 불당동,경상사고,0,0,1,0,차대차 - 측면직각충돌,신호위반,건조,맑음,교차로 - 교차로안,승용,남,61세,상해없음,승용,남,27세,경상
2016090400100427,2016년 9월 4일 20시,일요일,충청남도 보령시 청라면,중상사고,0,1,0,0,차대차 - 측면직각충돌,불법유턴,건조,맑음,단일로 - 기타,승용,남,44세,상해없음,승용,남,43세,중상
2016090400100456,2016년 9월 4일 21시,일요일,충청남도 예산군 예산읍,중상사고,0,4,0,0,차대차 - 정면충돌,신호위반,건조,맑음,교차로 - 교차로안,승용,여,62세,중상,승용,남,34세,중상
2016090400100477,2016년 9월 4일 22시,일요일,충청남도 천안시 서북구 성정동,중상사고,0,1,0,0,차대사람 - 횡단중,안전운전불이행,건조,맑음,단일로 - 기타,승용,남,30세,상해없음,보행자,여,44세,중상
2016090500100106,2016년 9월 5일 08시,월요일,충청남도 부여군 임천면,중상사고,0,1,0,0,차대차 - 측면직각충돌,안전운전불이행,건조,맑음,단일로 - 기타,승용,남,79세,상해없음,화물,남,65세,중상
2016090500100107,2016년 9월 5일 08시,월요일,충청남도 부여군 부여읍,경상사고,0,0,1,0,차대사람 - 횡단중,안전운전불이행,건조,맑음,단일로 - 기타,화물,남,64세,상해없음,보행자,남,82세,경상
2016090500100181,2016년 9월 5일 10시,월요일,충청남도 아산시 배방읍,중상사고,0,1,0,0,차대차 - 추돌,안전거리미확보,건조,맑음,교차로 - 교차로안,승용,여,38세,상해없음,이륜,남,50세,중상
2016090500100182,2016년 9월 5일 10시,월요일,충청남도 당진시 읍내리,경상사고,0,0,1,0,차대차 - 측면직각충돌,교차로운행방법위반,건조,맑음,교차로 - 교차로안,승용,남,78세,경상,승용,남,70세,상해없음
2016090500100206,2016년 9월 5일 11시,월요일,충청남도 서천군 문산면,경상사고,0,0,1,0,차량단독 - 전도전복,안전운전불이행,건조,맑음,단일로 - 기타,화물,남,64세,경상,,,,
2016090500100207,2016년 9월 5일 11시,월요일,충청남도 천안시 동남구 청당동,경상사고,0,0,1,0,차량단독 - 전도전복,안전운전불이행,건조,맑음,기타 - 기타,승용,남,37세,경상,,,,
2016090500100292,2016년 9월 5일 14시,월요일,충청남도 서산시 팔봉면,사망사고,1,0,0,0,차량단독 - 전도전복,안전운전불이행,건조,맑음,단일로 - 기타,이륜,남,75세,사망,,,,
2016090500100293,2016년 9월 5일 14시,월요일,충청남도 천안시 서북구 입장면,경상사고,0,0,1,0,차대차 - 측면직각충돌,교차로운행방법위반,건조,맑음,교차로 - 교차로안,승용,여,53세,상해없음,원동기,남,83세,경상
2016090500100318,2016년 9월 5일 15시,월요일,충청남도 부여군 규암면,중상사고,0,1,0,0,차대차 - 기타,안전운전불이행,건조,맑음,단일로 - 기타,승용,여,76세,상해없음,자전거,남,41세,중상
2016090500100319,2016년 9월 5일 15시,월요일,충청남도 당진시 송악읍,중상사고,0,1,0,0,차대사람 - 기타,안전운전불이행,건조,맑음,단일로 - 기타,승용,남,26세,상해없음,보행자,남,53세,중상
2016090500100320,2016년 9월 5일 15시,월요일,충청남도 당진시 송악읍,중상사고,0,2,0,0,차대차 - 측면충돌,안전운전불이행,건조,맑음,교차로 - 교차로부근,승합,남,36세,상해없음,승용,여,55세,중상
2016090500100359,2016년 9월 5일 16시,월요일,충청남도 홍성군 홍북면,중상사고,0,2,0,0,차대사람 - 횡단중,보행자보호의무위반,건조,맑음,단일로 - 횡단보도상,승용,여,29세,상해없음,보행자,여,37세,중상
2016090500100360,2016년 9월 5일 16시,월요일,충청남도 아산시 배방읍,중상사고,0,1,0,0,차대차 - 측면충돌,안전운전불이행,건조,맑음,교차로 - 교차로안,화물,남,37세,상해없음,이륜,남,55세,중상
2016090500100362,2016년 9월 5일 16시,월요일,충청남도 당진시 신평면,경상사고,0,0,1,0,차대사람 - 기타,안전운전불이행,건조,맑음,단일로 - 기타,화물,남,44세,상해없음,보행자,여,48세,경상
2016090500100400,2016년 9월 5일 17시,월요일,충청남도 논산시 취암동,중상사고,0,3,2,0,차대차 - 측면충돌,신호위반,건조,맑음,교차로 - 교차로안,승용,여,48세,상해없음,승용,남,59세,경상
2016090500100448,2016년 9월 5일 18시,월요일,충청남도 홍성군 홍성읍,경상사고,0,0,1,0,차대차 - 추돌,안전운전불이행,건조,맑음,교차로 - 교차로부근,승용,여,48세,상해없음,승용,여,36세,경상
2016090500100449,2016년 9월 5일 18시,월요일,충청남도 아산시 풍기동,경상사고,0,0,1,0,차대사람 - 기타,안전운전불이행,건조,맑음,단일로 - 기타,승용,남,42세,상해없음,보행자,남,35세,경상
2016090500100450,2016년 9월 5일 18시,월요일,충청남도 청양군 청양읍,경상사고,0,0,2,0,차대차 - 정면충돌,중앙선침범,건조,맑음,단일로 - 기타,승용,남,52세,상해없음,승용,여,48세,경상
2016090500100484,2016년 9월 5일 19시,월요일,충청남도 당진시 신평면,경상사고,0,0,1,0,차대사람 - 횡단중,안전운전불이행,건조,맑음,교차로 - 교차로안,승용,여,33세,상해없음,보행자,남,34세,경상