사고번호,사고일시,요일,시군구,사고내용,사망자수,중상자수,경상자수,부상신고자수,사고유형,법규위반,노면상태,기상상태,도로형태,가해운전자 차종,가해운전자 성별,가해운전자 연령,가해운전자 상해정도,피해운전자 차종,피해운전자 성별,피해운전자 연령,피해운전자 상해정도
2016090500100530,2016년 9월 5일 20시,월요일,충청남도 천안시 서북구 두정동,경상사고,0,0,1,0,차대사람 - 횡단중,보행자보호의무위반,건조,맑음,단일로 - 횡단보도상,승용,여,48세,상해없음,보행자,남,50세,경상
2016090500100564,2016년 9월 5일 21시,월요일,충청남도 논산시 양촌면,중상사고,0,1,0,0,차량단독 - 전도전복,안전운전불이행,건조,맑음,단일로 - 기타,화물,남,46세,중상,,,,
2016090500100565,2016년 9월 5일 21시,월요일,충청남도 당진시 석문면,중상사고,0,1,0,0,차대사람 - 기타,중앙선침범,건조,맑음,단일로 - 기타,승용,남,29세,상해없음,보행자,남,39세,중상
2016090500100618,2016년 9월 5일 23시,월요일,충청남도 홍성군 은하면,중상사고,0,1,0,0,차대차 - 추돌,안전운전불이행,건조,맑음,단일로 - 기타,승용,남,40세,상해없음,승용,남,69세,중상
2016090600100060,2016년 9월 6일 04시,화요일,충청남도 아산시 권곡동,경상사고,0,0,2,0,차대차 - 측면충돌,안전운전불이행,건조,맑음,교차로 - 교차로부근,승용,남,58세,상해없음,승용,남,49세,경상
2016090600100081,2016년 9월 6일 06시,화요일,충청남도 서산시 성연면,중상사고,0,1,1,0,차대차 - 측면충돌,신호위반,건조,맑음,교차로 - 교차로안,화물,남,56세,상해없음,승용,남,29세,경상
2016090600100100,2016년 9월 6일 07시,화요일,충청남도 청양군 청양읍,경상사고,0,0,1,0,차대차 - 추돌,안전거리미확보,건조,맑음,단일로 - 기타,승용,남,43세,상해없음,승용,남,56세,경상
2016090600100129,2016년 9월 6일 08시,화요일,충청남도 천안시 서북구 성정동,중상사고,0,1,0,0,차대차 - 측면직각충돌,안전운전불이행,건조,맑음,교차로 - 교차로안,승용,남,36세,상해없음,원동기,남,73세,중상
2016090600100130,2016년 9월 6일 08시,화요일,충청남도 홍성군 홍북면,중상사고,0,1,0,0,차대사람 - 횡단중,보행자보호의무위반,건조,맑음,교차로 - 교차로안,승용,여,36세,상해없음,보행자,여,39세,중상
2016090600100131,2016년 9월 6일 08시,화요일,충청남도 아산시 도고면,경상사고,0,0,1,0,차대차 - 추돌,안전운전불이행,건조,맑음,단일로 - 기타,승용,남,39세,상해없음,원동기,남,53세,상해없음
2016090600100132,2016년 9월 6일 08시,화요일,충청남도 예산군 광시면,경상사고,0,0,1,0,차대차 - 기타,직진우회전진행방해,건조,맑음,교차로 - 교차로부근,원동기,남,85세,경상,승용,여,46세,상해없음
2016090600100133,2016년 9월 6일 08시,화요일,충청남도 천안시 동남구 구성동,경상사고,0,0,1,0,차대사람 - 횡단중,신호위반,건조,맑음,단일로 - 횡단보도부근,승용,여,58세,상해없음,보행자,남,9세,경상
2016090600100134,2016년 9월 6일 08시,화요일,충청남도 천안시 동남구 삼룡동,경상사고,0,0,1,0,차대차 - 추돌,안전운전불이행,건조,맑음,단일로 - 기타,화물,남,65세,상해없음,승용,남,38세,경상
2016090600100180,2016년 9월 6일 10시,화요일,충청남도 서산시 지곡면,부상신고사고,0,0,0,1,차대차 - 정면충돌,안전거리미확보,건조,맑음,단일로 - 기타,승용,남,39세,상해없음,승합,남,55세,상해없음
2016090600100181,2016년 9월 6일 10시,화요일,충청남도 논산시 덕지동,경상사고,0,0,1,0,차대차 - 측면충돌,안전운전불이행,건조,맑음,교차로 - 교차로안,이륜,남,79세,경상,승용,남,77세,상해없음
2016090600100183,2016년 9월 6일 10시,화요일,충청남도 천안시 동남구 풍세면,중상사고,0,1,0,0,차대사람 - 차도통행중,안전운전불이행,건조,맑음,단일로 - 기타,특수,남,35세,기타불명,보행자,남,61세,중상
2016090600100204,2016년 9월 6일 11시,화요일,충청남도 아산시 방축동,중상사고,0,1,0,0,차대차 - 추돌,안전운전불이행,건조,맑음,교차로 - 교차로부근,승용,여,49세,상해없음,원동기,남,69세,중상
2016090600100205,2016년 9월 6일 11시,화요일,충청남도 보령시 청소면,경상사고,0,0,1,0,차대차 - 정면충돌,신호위반,건조,맑음,교차로 - 교차로안,승용,여,41세,상해없음,화물,남,60세,경상
2016090600100324,2016년 9월 6일 15시,화요일,충청남도 천안시 서북구 성정동,경상사고,0,0,2,0,차대차 - 기타,안전운전불이행,건조,맑음,교차로 - 교차로부근,자전거,여,39세,경상,승용,여,53세,상해없음
2016090600100355,2016년 9월 6일 16시,화요일,충청남도 홍성군 홍성읍,경상사고,0,0,1,0,차대차 - 측면충돌,교차로운행방법위반,건조,맑음,교차로 - 교차로안,승합,남,60세,상해없음,승용,남,52세,경상
2016090600100387,2016년 9월 6일 17시,화요일,충청남도 천안시 서북구 성환읍,중상사고,0,1,0,0,차대차 - 기타,직진우회전진행방해,건조,맑음,교차로 - 교차로안,승용,여,29세,상해없음,원동기,남,78세,중상
2016090600100388,2016년 9월 6일 17시,화요일,충청남도 홍성군 홍동면,경상사고,0,0,1,0,차대차 - 측면직각충돌,교차로운행방법위반,건조,맑음,단일로 - 기타,승합,남,46세,상해없음,건설기계,남,53세,상해없음
2016090600100424,2016년 9월 6일 18시,화요일,충청남도 당진시 원당리,경상사고,0,0,1,0,차대차 - 측면충돌,중앙선침범,건조,맑음,교차로 - 교차로안,승용,남,37세,상해없음,승용,남,46세,경상
2016090600100425,2016년 9월 6일 18시,화요일,충청남도 당진시 구룡리,중상사고,0,1,0,0,차대차 - 기타,안전운전불이행,건조,맑음,기타 - 기타,기타불명,기타불명,기타불명,기타불명,자전거,남,36세,중상
2016090600100426,2016년 9월 6일 18시,화요일,충청남도 천안시 동남구 봉명동,중상사고,0,1,0,0,차대사람 - 차도통행중,안전운전불이행,건조,맑음,단일로 - 기타,승용,여,28세,상해없음,보행자,남,55세,중상
2016090600100461,2016년 9월 6일 19시,화요일,충청남도 보령시 대천동,중상사고,0,1,0,0,차대사람 - 횡단중,보행자보호의무위반,건조,맑음,단일로 - 횡단보도상,이륜,남,59세,상해없음,보행자,여,23세,중상
2016090600100462,2016년 9월 6일 19시,화요일,충청남도 금산군 금성면,중상사고,0,1,1,0,차대차 - 추돌,안전운전불이행,건조,맑음,단일로 - 기타,승용,여,54세,중상,화물,남,59세,경상
2016090600100541,2016년 9월 6일 22시,화요일,충청남도 보령시 내항동,중상사고,0,1,3,0,차대차 - 측면충돌,신호위반,건조,맑음,교차로 - 교차로안,승용,여,55세,경상,승용,남,33세,경상
2016090700100009,2016년 9월 7일 00시,수요일,충청남도 아산시 탕정면,경상사고,0,0,1,0,차대사람 - 차도통행중,안전운전불이행,건조,맑음,기타 - 기타,승용,남,30세,상해없음,보행자,남,41세,경상
2016090700100045,2016년 9월 7일 04시,수요일,충청남도 천안시 동남구 성남면,사망사고,1,0,1,0,차량단독 - 공작물충돌,안전운전불이행,건조,맑음,단일로 - 교량,승용,남,50세,사망,,,,
2016090700100076,2016년 9월 7일 07시,수요일,충청남도 논산시 연무읍,중상사고,0,1,0,0,차대차 - 정면충돌,중앙선침범,건조,맑음,단일로 - 기타,승용,남,53세,상해없음,이륜,여,55세,중상
2016090700100110,2016년 9월 7일 08시,수요일,충청남도 논산시 연무읍,경상사고,0,0,1,0,차대사람 - 차도통행중,안전운전불이행,건조,맑음,교차로 - 교차로안,기타불명,기타불명,기타불명,기타불명,보행자,여,14세,경상
2016090700100111,2016년 9월 7일 08시,수요일,충청남도 예산군 응봉면,경상사고,0,0,2,0,차대차 - 정면충돌,중앙선침범,건조,맑음,단일로 - 기타,화물,남,60세,경상,화물,남,61세,경상
2016090700100204,2016년 9월 7일 11시,수요일,충청남도 당진시 송산면,중상사고,0,1,0,0,차대차 - 추돌,안전운전불이행,건조,맑음,단일로 - 기타,화물,남,41세,상해없음,이륜,남,43세,중상
2016090700100236,2016년 9월 7일 12시,수요일,충청남도 천안시 동남구 유량동,중상사고,0,2,1,0,차대차 - 정면충돌,안전운전불이행,건조,맑음,단일로 - 기타,승용,남,22세,상해없음,승용,여,38세,중상
2016090700100264,2016년 9월 7일 13시,수요일,충청남도 논산시 강산동,경상사고,0,0,2,0,차대차 - 측면충돌,안전운전불이행,건조,맑음,교차로 - 교차로부근,승용,여,65세,경상,승용,여,50세,경상
2016090700100324,2016년 9월 7일 15시,수요일,충청남도 예산군 예산읍,중상사고,0,1,0,0,차대차 - 추돌,직진우회전진행방해,건조,맑음,교차로 - 교차로안,이륜,여,66세,중상,승용,남,45세,상해없음
2016090700100363,2016년 9월 7일 16시,수요일,충청남도 천안시 서북구 백석동,경상사고,0,0,1,0,차대사람 - 횡단중,안전운전불이행,건조,맑음,교차로 - 교차로안,승용,남,26세,상해없음,보행자,남,6세,경상
2016090700100364,2016년 9월 7일 16시,수요일,충청남도 천안시 동남구 신방동,경상사고,0,0,1,0,차대차 - 정면충돌,안전운전불이행,건조,맑음,단일로 - 기타,기타불명,기타불명,기타불명,기타불명,이륜,남,31세,경상
2016090700100477,2016년 9월 7일 19시,수요일,충청남도 천안시 서북구 백석동,경상사고,0,0,1,0,차대차 - 기타,안전운전불이행,건조,맑음,단일로 - 기타,승용,여,54세,상해없음,승용,남,35세,경상
2016090700100524,2016년 9월 7일 20시,수요일,충청남도 공주시 교동,경상사고,0,0,1,0,차대차 - 측면직각충돌,안전운전불이행,건조,맑음,교차로 - 교차로안,승용,여,50세,상해없음,이륜,남,18세,경상
2016090700100557,2016년 9월 7일 21시,수요일,충청남도 천안시 서북구 성환읍,경상사고,0,0,1,0,차대차 - 기타,안전운전불이행,건조,맑음,단일로 - 기타,승용,남,72세,상해없음,승용,남,35세,경상
2016090700100599,2016년 9월 7일 23시,수요일,충청남도 보령시 동대동,중상사고,0,3,2,0,차대차 - 측면직각충돌,신호위반,건조,맑음,교차로 - 교차로안,승용,남,32세,상해없음,승용,남,51세,중상
2016090800100047,2016년 9월 8일 04시,목요일,충청남도 논산시 내동,경상사고,0,0,1,0,차대차 - 측면직각충돌,안전운전불이행,건조,맑음,단일로 - 기타,이륜,남,16세,경상,승용,여,44세,기타불명
2016090800100098,2016년 9월 8일 07시,목요일,충청남도 천안시 서북구 쌍용동,경상사고,0,0,1,0,차대차 - 기타,안전거리미확보,건조,맑음,단일로 - 기타,승합,남,64세,기타불명,화물,남,54세,경상
2016090800100139,2016년 9월 8일 08시,목요일,충청남도 서산시 수석동,중상사고,0,1,0,1,차대차 - 측면직각충돌,안전운전불이행,건조,맑음,교차로 - 교차로안,승용,여,45세,부상신고,화물,남,45세,중상
2016090800100140,2016년 9월 8일 08시,목요일,충청남도 부여군 부여읍,중상사고,0,1,0,0,차대차 - 측면직각충돌,교차로운행방법위반,건조,맑음,교차로 - 교차로안,승용,여,43세,상해없음,이륜,남,64세,중상
2016090800100141,2016년 9월 8일 08시,목요일,충청남도 당진시 고대면,경상사고,0,0,1,0,차대차 - 정면충돌,안전운전불이행,건조,맑음,단일로 - 기타,승용,여,59세,상해없음,승용,여,31세,경상
2016090800100181,2016년 9월 8일 09시,목요일,충청남도 공주시 우성면,사망사고,1,0,0,0,차대사람 - 횡단중,안전운전불이행,건조,맑음,단일로 - 기타,승용,남,27세,상해없음,보행자,남,79세,사망
2016090800100252,2016년 9월 8일 11시,목요일,충청남도 예산군 삽교읍,중상사고,0,1,0,0,차대차 - 측면직각충돌,안전운전불이행,건조,맑음,교차로 - 교차로안,승용,여,58세,상해없음,승용,여,38세,중상
2016090800100253,2016년 9월 8일 11시,목요일,충청남도 천안시 서북구 성거읍,경상사고,0,0,1,0,차대차 - 측면직각충돌,차로위반,건조,맑음,단일로 - 기타,승용,여,45세,상해없음,승용,여,42세,경상
2016090800100365,2016년 9월 8일 14시,목요일,충청남도 공주시 웅진동,중상사고,0,1,2,0,차대차 - 정면충돌,안전운전불이행,건조,맑음,교차로 - 교차로안,승용,여,51세,경상,화물,남,37세,경상
2016090800100401,2016년 9월 8일 15시,목요일,충청남도 서산시 지곡면,중상사고,0,2,0,0,차대차 - 추돌,안전운전불이행,건조,맑음,교차로 - 교차로부근,승용,여,44세,상해없음,승용,남,38세,중상
2016090800100402,2016년 9월 8일 15시,목요일,충청남도 홍성군 홍성읍,경상사고,0,0,1,0,차량단독 - 전도전복,안전운전불이행,건조,맑음,교차로 - 교차로안,이륜,남,19세,상해없음,,,,
2016090800100436,2016년 9월 8일 16시,목요일,충청남도 당진시 정미면,부상신고사고,0,0,0,1,차대사람 - 길가장자리구역통행중,안전운전불이행,습기,비,단일로 - 기타,승용,남,23세,상해없음,보행자,여,17세,부상신고
2016090800100517,2016년 9월 8일 18시,목요일,충청남도 금산군 금산읍,중상사고,0,1,0,0,차대사람 - 차도통행중,안전운전불이행,건조,맑음,교차로 - 교차로안,승용,여,50세,상해없음,보행자,여,11세,중상
2016090800100518,2016년 9월 8일 18시,목요일,충청남도 청양군 청양읍,경상사고,0,0,1,0,차대사람 - 기타,안전운전불이행,건조,맑음,단일로 - 기타,승용,여,26세,상해없음,보행자,남,9세,경상
2016090800100560,2016년 9월 8일 19시,목요일,충청남도 서산시 성연면,경상사고,0,0,1,0,차대사람 - 횡단중,안전운전불이행,건조,맑음,단일로 - 기타,승용,여,27세,상해없음,보행자,남,60세,경상
2016090800100561,2016년 9월 8일 19시,목요일,충청남도 아산시 둔포면,중상사고,0,1,0,0,차대차 - 측면충돌,안전운전불이행,건조,맑음,교차로 - 교차로안,승용,남,39세,상해없음,자전거,남,47세,중상
2016090800100562,2016년 9월 8일 19시,목요일,충청남도 천안시 동남구 원성동,중상사고,0,1,0,0,차대차 - 측면직각충돌,안전운전불이행,건조,맑음,단일로 - 기타,원동기,남,16세,중상,승용,남,20세,상해없음
2016090800100614,2016년 9월 8일 20시,목요일,충청남도 논산시 내동,경상사고,0,0,1,0,차대사람 - 횡단중,보행자보호의무위반,건조,맑음,교차로 - 교차로부근,승용,여,54세,상해없음,보행자,여,15세,경상
2016090800100643,2016년 9월 8일 21시,목요일,충청남도 아산시 배방읍,중상사고,0,1,0,0,차대사람 - 횡단중,안전운전불이행,건조,맑음,단일로 - 기타,승용,남,68세,상해없음,보행자,여,49세,중상
2016090800100644,2016년 9월 8일 21시,목요일,충청남도 아산시 탕정면,경상사고,0,0,2,0,차대차 - 정면충돌,안전운전불이행,건조,맑음,교차로 - 교차로안,승용,남,26세,경상,승용,남,42세,경상
2016090800100681,2016년 9월 8일 22시,목요일,충청남도 서산시 음암면,중상사고,0,1,1,0,차대차 - 추돌,안전운전불이행,건조,맑음,단일로 - 기타,승용,남,32세,상해없음,승용,여,51세,경상
2016090800100720,2016년 9월 8일 23시,목요일,충청남도 아산시 배방읍,경상사고,0,0,1,0,차대차 - 정면충돌,중앙선침범,건조,맑음,단일로 - 기타,승용,남,36세,상해없음,원동기,남,20세,경상
2016090900100010,2016년 9월 9일 00시,금요일,충청남도 서산시 갈산동,사망사고,1,0,0,0,차대차 - 추돌,안전운전불이행,건조,맑음,단일로 - 기타,승용,남,28세,상해없음,자전거,남,45세,사망
2016090900100011,2016년 9월 9일 00시,금요일,충청남도 아산시 신창면,중상사고,0,1,0,0,차대사람 - 횡단중,안전운전불이행,건조,맑음,교차로 - 교차로부근,승용,남,43세,상해없음,보행자,남,34세,중상
2016090900100042,2016년 9월 9일 02시,금요일,충청남도 천안시 동남구 신방동,경상사고,0,0,1,0,차대차 - 정면충돌,신호위반,건조,맑음,교차로 - 교차로안,승합,남,52세,상해없음,승용,남,40세,경상
2016090900100060,2016년 9월 9일 05시,금요일,충청남도 아산시 풍기동,경상사고,0,0,2,0,차대차 - 추돌,안전운전불이행,건조,맑음,교차로 - 교차로부근,이륜,남,52세,상해없음,승용,남,31세,경상
2016090900100061,2016년 9월 9일 05시,금요일,충청남도 보령시 동대동,경상사고,0,0,1,0,차대차 - 측면직각충돌,안전운전불이행,습기,흐림,교차로 - 교차로부근,승용,남,54세,상해없음,승용,남,34세,경상
2016090900100072,2016년 9월 9일 06시,금요일,충청남도 당진시 송악읍,중상사고,0,1,1,0,차대차 - 측면직각충돌,신호위반,건조,맑음,교차로 - 교차로안,승용,남,25세,중상,승용,남,39세,경상
2016090900100135,2016년 9월 9일 08시,금요일,충청남도 천안시 서북구 쌍용동,경상사고,0,0,1,0,차대차 - 정면충돌,중앙선침범,건조,맑음,단일로 - 기타,승용,남,69세,상해없음,승용,여,50세,경상
2016090900100256,2016년 9월 9일 12시,금요일,충청남도 당진시 송산면,중상사고,0,1,1,1,차대차 - 측면충돌,차로위반,건조,맑음,교차로 - 교차로부근,특수,남,48세,상해없음,승용,남,53세,경상
2016090900100291,2016년 9월 9일 13시,금요일,충청남도 태안군 근흥면,중상사고,0,1,2,0,차대차 - 정면충돌,중앙선침범,건조,맑음,기타 - 기타,승용,남,50세,중상,승용,남,44세,경상
2016090900100330,2016년 9월 9일 14시,금요일,충청남도 예산군 신양면,중상사고,0,1,0,0,차대사람 - 기타,안전운전불이행,건조,맑음,단일로 - 기타,화물,남,56세,상해없음,보행자,남,38세,중상
2016090900100371,2016년 9월 9일 15시,금요일,충청남도 천안시 서북구 성정동,경상사고,0,0,1,0,차대차 - 기타,안전운전불이행,건조,맑음,교차로 - 교차로부근,화물,남,28세,상해없음,승용,남,52세,경상
2016090900100372,2016년 9월 9일 15시,금요일,충청남도 공주시 사곡면,중상사고,0,1,0,0,차량단독 - 기타,안전운전불이행,건조,맑음,단일로 - 기타,승합,남,49세,상해없음,,,,
2016090900100419,2016년 9월 9일 16시,금요일,충청남도 천안시 서북구 입장면,중상사고,0,1,0,0,차대차 - 기타,안전운전불이행,건조,맑음,단일로 - 기타,화물,남,73세,상해없음,승용,여,39세,중상
2016090900100420,2016년 9월 9일 16시,금요일,충청남도 홍성군 홍성읍,경상사고,0,0,1,0,차대차 - 측면직각충돌,중앙선침범,건조,맑음,단일로 - 기타,승용,남,40세,상해없음,승용,남,33세,경상
2016090900100421,2016년 9월 9일 16시,금요일,충청남도 금산군 금산읍,중상사고,0,1,0,0,차대차 - 추돌,교차로운행방법위반,건조,맑음,교차로 - 교차로부근,화물,남,67세,상해없음,이륜,남,83세,중상
2016090900100517,2016년 9월 9일 18시,금요일,충청남도 서산시 예천동,경상사고,0,0,1,0,차대차 - 측면충돌,기타,건조,맑음,단일로 - 횡단보도상,승용,여,32세,상해없음,자전거,남,9세,경상
2016090900100518,2016년 9월 9일 18시,금요일,충청남도 천안시 서북구 직산읍,경상사고,0,0,1,0,차대차 - 기타,교차로운행방법위반,건조,맑음,교차로 - 교차로안,승용,남,43세,상해없음,승용,여,32세,경상
2016090900100519,2016년 9월 9일 18시,금요일,충청남도 아산시 온천동,중상사고,0,1,0,0,차대사람 - 기타,안전운전불이행,건조,맑음,단일로 - 기타,승용,여,56세,상해없음,보행자,남,66세,중상
2016090900100522,2016년 9월 9일 18시,금요일,충청남도 천안시 동남구 원성동,중상사고,0,1,0,0,차대차 - 정면충돌,신호위반,건조,맑음,단일로 - 기타,승용,남,65세,상해없음,이륜,남,36세,중상
2016090900100579,2016년 9월 9일 19시,금요일,충청남도 천안시 서북구 백석동,경상사고,0,0,2,0,차대차 - 기타,안전운전불이행,건조,맑음,단일로 - 기타,승용,남,27세,상해없음,승용,남,24세,경상
2016090900100580,2016년 9월 9일 19시,금요일,충청남도 천안시 서북구 성정동,경상사고,0,0,2,0,차대차 - 측면직각충돌,교차로운행방법위반,건조,맑음,교차로 - 교차로안,원동기,남,34세,경상,승용,남,27세,경상
2016090900100581,2016년 9월 9일 19시,금요일,충청남도 논산시 취암동,경상사고,0,0,1,0,차대차 - 측면충돌,안전운전불이행,건조,맑음,교차로 - 교차로안,이륜,남,19세,상해없음,자전거,남,13세,경상
2016090900100626,2016년 9월 9일 20시,금요일,충청남도 공주시 신관동,중상사고,0,1,0,0,차대차 - 추돌,신호위반,건조,흐림,교차로 - 교차로안,승용,남,20세,상해없음,승용,여,40세,중상
2016090900100627,2016년 9월 9일 20시,금요일,충청남도 금산군 금산읍,경상사고,0,0,1,0,차대사람 - 횡단중,안전운전불이행,건조,맑음,교차로 - 교차로안,승용,여,43세,상해없음,보행자,여,77세,경상
2016090900100628,2016년 9월 9일 20시,금요일,충청남도 천안시 동남구 용곡동,경상사고,0,0,1,0,차대차 - 정면충돌,안전운전불이행,건조,맑음,교차로 - 교차로안,이륜,남,50세,경상,승용,여,43세,상해없음
2016090900100707,2016년 9월 9일 22시,금요일,충청남도 천안시 서북구 입장면,중상사고,0,1,0,0,차량단독 - 전도전복,안전운전불이행,건조,맑음,단일로 - 기타,화물,남,60세,상해없음,,,,
2016090900100708,2016년 9월 9일 22시,금요일,충청남도 공주시 신관동,중상사고,0,1,1,0,차대사람 - 횡단중,안전운전불이행,건조,맑음,교차로 - 교차로안,승용,여,34세,상해없음,보행자,여,50세,중상
2016090900100709,2016년 9월 9일 22시,금요일,충청남도 천안시 동남구 신방동,경상사고,0,0,1,0,차대차 - 측면직각충돌,안전운전불이행,건조,맑음,교차로 - 교차로안,승용,여,44세,상해없음,승용,남,56세,경상
2016090900100746,2016년 9월 9일 23시,금요일,충청남도 천안시 서북구 쌍용동,경상사고,0,0,1,0,차대차 - 추돌,안전운전불이행,건조,맑음,단일로 - 기타,승용,남,23세,상해없음,승용,남,39세,경상
2016091000100034,2016년 9월 10일 01시,토요일,충청남도 천안시 서북구 성환읍,중상사고,0,1,0,0,차량단독 - 기타,안전운전불이행,건조,맑음,단일로 - 기타,원동기,남,15세,중상,,,,
2016091000100060,2016년 9월 10일 03시,토요일,충청남도 예산군 예산읍,중상사고,0,2,2,0,차대차 - 측면충돌,안전운전불이행,건조,맑음,단일로 - 기타,승용,남,36세,경상,승용,남,59세,중상
2016091000100072,2016년 9월 10일 04시,토요일,충청남도 천안시 서북구 두정동,경상사고,0,0,1,0,차대차 - 측면직각충돌,안전거리미확보,건조,맑음,교차로 - 교차로안,승용,남,40세,상해없음,승용,남,23세,경상
2016091000100117,2016년 9월 10일 07시,토요일,충청남도 태안군 소원면,중상사고,0,1,0,0,차대차 - 정면충돌,교차로운행방법위반,건조,맑음,교차로 - 교차로안,화물,남,45세,상해없음,이륜,남,77세,중상
2016091000100118,2016년 9월 10일 07시,토요일,충청남도 논산시 채운면,경상사고,0,0,1,0,차대차 - 측면충돌,교차로운행방법위반,습기,안개,교차로 - 교차로안,이륜,남,69세,경상,승용,남,64세,상해없음
2016091000100140,2016년 9월 10일 08시,토요일,충청남도 서천군 서천읍,중상사고,0,1,0,0,차대차 - 측면직각충돌,직진우회전진행방해,건조,맑음,교차로 - 교차로안,원동기,남,83세,중상,승용,여,45세,상해없음
2016091000100160,2016년 9월 10일 09시,토요일,충청남도 천안시 서북구 성환읍,중상사고,0,1,0,0,차대차 - 기타,신호위반,건조,맑음,교차로 - 교차로안,승합,남,22세,상해없음,원동기,여,74세,중상
2016091000100228,2016년 9월 10일 11시,토요일,충청남도 태안군 태안읍,경상사고,0,0,2,0,차대차 - 정면충돌,교차로운행방법위반,건조,맑음,교차로 - 교차로안,승용,여,44세,상해없음,화물,남,47세,경상
2016091000100229,2016년 9월 10일 11시,토요일,충청남도 금산군 추부면,경상사고,0,0,1,0,차대차 - 측면충돌,직진우회전진행방해,건조,흐림,교차로 - 교차로안,원동기,남,46세,경상,승용,남,63세,상해없음
2016091000100267,2016년 9월 10일 12시,토요일,충청남도 논산시 부창동,경상사고,0,0,1,1,차대차 - 정면충돌,중앙선침범,건조,맑음,교차로 - 교차로안,승용,남,71세,상해없음,승용,여,46세,경상
2016091000100302,2016년 9월 10일 13시,토요일,충청남도 천안시 서북구 쌍용동,경상사고,0,0,1,0,차대차 - 측면충돌,직진우회전진행방해,건조,맑음,교차로 - 교차로안,승용,여,74세,상해없음,원동기,남,34세,경상
2016091000100303,2016년 9월 10일 13시,토요일,충청남도 홍성군 홍성읍,경상사고,0,0,1,0,차대차 - 추돌,교차로운행방법위반,건조,맑음,교차로 - 교차로안,이륜,남,81세,경상,승용,여,48세,상해없음
2016091000100304,2016년 9월 10일 13시,토요일,충청남도 서천군 서천읍,경상사고,0,0,1,0,차대사람 - 기타,안전운전불이행,건조,맑음,단일로 - 기타,화물,남,75세,상해없음,보행자,남,37세,경상
2016091000100334,2016년 9월 10일 14시,토요일,충청남도 홍성군 서부면,경상사고,0,0,1,0,차량단독 - 전도전복,기타,건조,맑음,단일로 - 기타,이륜,남,58세,경상,,,,
2016091000100369,2016년 9월 10일 15시,토요일,충청남도 서산시 부석면,중상사고,0,1,1,0,차대차 - 추돌,안전운전불이행,건조,맑음,단일로 - 기타,승합,여,55세,중상,화물,남,31세,경상
2016091000100370,2016년 9월 10일 15시,토요일,충청남도 서산시 동문동,중상사고,0,1,0,0,차대차 - 기타,안전운전불이행,건조,맑음,교차로 - 교차로부근,자전거,남,22세,중상,승용,여,48세,상해없음
2016091000100371,2016년 9월 10일 15시,토요일,충청남도 홍성군 홍성읍,경상사고,0,0,2,0,차대차 - 정면충돌,교차로운행방법위반,건조,맑음,교차로 - 교차로안,승용,여,64세,경상,승용,남,46세,경상
2016091000100413,2016년 9월 10일 16시,토요일,충청남도 천안시 서북구 두정동,부상신고사고,0,0,0,1,차대차 - 측면직각충돌,신호위반,건조,맑음,단일로 - 기타,원동기,남,60세,부상신고,승용,남,51세,상해없음
2016091000100414,2016년 9월 10일 16시,토요일,충청남도 아산시 인주면,경상사고,0,0,1,0,차대차 - 측면충돌,안전운전불이행,건조,맑음,단일로 - 기타,승용,남,23세,상해없음,화물,남,53세,경상
2016091000100415,2016년 9월 10일 16시,토요일,충청남도 예산군 예산읍,경상사고,0,0,2,0,차대차 - 정면충돌,신호위반,건조,맑음,교차로 - 교차로안,승용,남,53세,상해없음,승용,여,62세,경상
2016091000100456,2016년 9월 10일 17시,토요일,충청남도 당진시 대덕리,경상사고,0,0,2,0,차대차 - 측면충돌,신호위반,건조,맑음,교차로 - 교차로안,승용,남,58세,상해없음,승용,남,39세,경상
2016091000100457,2016년 9월 10일 17시,토요일,충청남도 청양군 화성면,경상사고,0,0,1,0,차량단독 - 전도전복,안전운전불이행,건조,맑음,단일로 - 기타,이륜,남,17세,경상,,,,
2016091000100493,2016년 9월 10일 18시,토요일,충청남도 태안군 태안읍,경상사고,0,0,1,1,차대차 - 측면직각충돌,중앙선침범,건조,맑음,교차로 - 교차로부근,승용,여,58세,부상신고,승용,남,76세,경상
2016091000100494,2016년 9월 10일 18시,토요일,충청남도 천안시 서북구 성정동,경상사고,0,0,1,0,차대사람 - 차도통행중,안전운전불이행,건조,맑음,단일로 - 기타,승용,남,40세,상해없음,보행자,여,38세,경상
2016091000100495,2016년 9월 10일 18시,토요일,충청남도 공주시 유구읍,중상사고,0,1,0,0,차대사람 - 횡단중,안전운전불이행,건조,맑음,교차로 - 교차로부근,화물,남,44세,상해없음,보행자,여,76세,중상
2016091000100532,2016년 9월 10일 19시,토요일,충청남도 태안군 소원면,중상사고,0,1,0,0,차량단독 - 공작물충돌,안전운전불이행,건조,맑음,단일로 - 기타,이륜,남,48세,중상,,,,
2016091000100533,2016년 9월 10일 19시,토요일,충청남도 천안시 서북구 두정동,경상사고,0,0,6,0,차대차 - 정면충돌,신호위반,건조,맑음,교차로 - 교차로안,승용,남,21세,상해없음,승용,남,49세,경상
2016091000100534,2016년 9월 10일 19시,토요일,충청남도 논산시 연산면,중상사고,0,1,1,0,차대차 - 측면충돌,교차로운행방법위반,건조,맑음,교차로 - 교차로안,화물,남,47세,상해없음,화물,남,74세,경상
2016091000100568,2016년 9월 10일 20시,토요일,충청남도 천안시 동남구 봉명동,중상사고,0,2,1,0,차대차 - 정면충돌,안전운전불이행,건조,맑음,단일로 - 기타,승용,남,31세,상해없음,승용,여,39세,중상