사고번호,사고일시,요일,시군구,사고내용,사망자수,중상자수,경상자수,부상신고자수,사고유형,법규위반,노면상태,기상상태,도로형태,가해운전자 차종,가해운전자 성별,가해운전자 연령,가해운전자 상해정도,피해운전자 차종,피해운전자 성별,피해운전자 연령,피해운전자 상해정도
2016091100100028,2016년 9월 11일 01시,일요일,충청남도 천안시 서북구 두정동,경상사고,0,0,1,0,차대사람 - 기타,안전운전불이행,건조,맑음,기타 - 기타,승용,남,18세,상해없음,보행자,여,25세,경상
2016091100100029,2016년 9월 11일 01시,일요일,충청남도 공주시 사곡면,부상신고사고,0,0,0,1,차량단독 - 공작물충돌,안전운전불이행,건조,맑음,단일로 - 기타,화물,남,45세,부상신고,,,,
2016091100100051,2016년 9월 11일 03시,일요일,충청남도 천안시 서북구 두정동,경상사고,0,0,1,0,차대사람 - 횡단중,안전운전불이행,건조,맑음,단일로 - 기타,승용,남,27세,상해없음,보행자,남,24세,경상
2016091100100064,2016년 9월 11일 04시,일요일,충청남도 천안시 서북구 두정동,중상사고,0,1,1,0,차대사람 - 길가장자리구역통행중,안전운전불이행,건조,맑음,단일로 - 기타,승용,남,23세,상해없음,보행자,남,18세,중상
2016091100100065,2016년 9월 11일 04시,일요일,충청남도 아산시 둔포면,경상사고,0,0,1,0,차대차 - 추돌,안전운전불이행,건조,맑음,단일로 - 기타,승용,여,51세,경상,화물,남,51세,상해없음
2016091100100066,2016년 9월 11일 04시,일요일,충청남도 아산시 온천동,중상사고,0,1,0,0,차대차 - 정면충돌,안전운전불이행,건조,맑음,단일로 - 기타,기타불명,기타불명,기타불명,기타불명,자전거,남,68세,중상
2016091100100074,2016년 9월 11일 05시,일요일,충청남도 태안군 태안읍,경상사고,0,0,1,1,차대차 - 측면직각충돌,신호위반,건조,맑음,교차로 - 교차로안,승용,남,54세,부상신고,화물,남,55세,경상
2016091100100096,2016년 9월 11일 07시,일요일,충청남도 아산시 배방읍,중상사고,0,1,0,0,차대차 - 추돌,안전운전불이행,건조,맑음,단일로 - 기타,건설기계,남,59세,상해없음,승용,남,46세,중상
2016091100100129,2016년 9월 11일 09시,일요일,충청남도 아산시 인주면,중상사고,0,1,0,0,차대차 - 측면충돌,안전운전불이행,건조,맑음,단일로 - 기타,승용,여,55세,상해없음,이륜,남,37세,중상
2016091100100176,2016년 9월 11일 11시,일요일,충청남도 서천군 종천면,경상사고,0,0,2,0,차대차 - 정면충돌,중앙선침범,건조,맑음,단일로 - 기타,승용,남,63세,상해없음,승용,남,33세,경상
2016091100100177,2016년 9월 11일 11시,일요일,충청남도 청양군 비봉면,경상사고,0,0,4,0,차대차 - 추돌,안전운전불이행,건조,맑음,교차로 - 교차로부근,승용,남,43세,상해없음,승용,남,41세,경상
2016091100100199,2016년 9월 11일 12시,일요일,충청남도 서산시 운산면,중상사고,0,3,0,0,차대차 - 기타,중앙선침범,건조,맑음,단일로 - 기타,화물,남,49세,상해없음,화물,남,58세,중상
2016091100100200,2016년 9월 11일 12시,일요일,충청남도 논산시 연산면,중상사고,0,2,0,0,차대차 - 측면충돌,안전운전불이행,건조,맑음,단일로 - 기타,승용,남,68세,중상,승용,여,51세,중상
2016091100100201,2016년 9월 11일 12시,일요일,충청남도 보령시 내항동,중상사고,0,1,0,0,차대차 - 정면충돌,신호위반,건조,맑음,교차로 - 교차로안,승용,남,46세,상해없음,이륜,남,31세,중상
2016091100100227,2016년 9월 11일 13시,일요일,충청남도 천안시 서북구 신당동,경상사고,0,0,1,0,차대차 - 정면충돌,신호위반,건조,맑음,교차로 - 교차로안,승용,남,70세,상해없음,승용,여,53세,경상
2016091100100277,2016년 9월 11일 15시,일요일,충청남도 아산시 도고면,중상사고,0,2,0,0,차대차 - 측면충돌,신호위반,건조,맑음,교차로 - 교차로안,승용,남,37세,상해없음,승용,남,79세,중상
2016091100100278,2016년 9월 11일 15시,일요일,충청남도 당진시 송산면,경상사고,0,0,1,0,차대차 - 측면충돌,교차로운행방법위반,건조,맑음,교차로 - 교차로안,화물,남,59세,상해없음,승용,남,39세,경상
2016091100100279,2016년 9월 11일 15시,일요일,충청남도 천안시 동남구 병천면,중상사고,0,1,0,0,차대사람 - 기타,안전운전불이행,건조,맑음,단일로 - 기타,승용,남,55세,상해없음,보행자,남,63세,중상
2016091100100280,2016년 9월 11일 15시,일요일,충청남도 천안시 동남구 광덕면,중상사고,0,2,2,0,차대차 - 정면충돌,중앙선침범,건조,맑음,단일로 - 기타,승용,남,47세,중상,승용,여,33세,경상
2016091100100357,2016년 9월 11일 18시,일요일,충청남도 천안시 서북구 두정동,경상사고,0,0,1,0,차대차 - 추돌,안전운전불이행,건조,맑음,단일로 - 기타,승용,남,22세,상해없음,승용,남,70세,경상
2016091100100382,2016년 9월 11일 19시,일요일,충청남도 천안시 동남구 신부동,경상사고,0,0,1,0,차대차 - 측면직각충돌,교차로운행방법위반,건조,맑음,교차로 - 교차로안,승용,남,30세,상해없음,승용,남,63세,경상
2016091100100415,2016년 9월 11일 20시,일요일,충청남도 천안시 서북구 직산읍,중상사고,0,1,0,0,차대사람 - 횡단중,보행자보호의무위반,건조,맑음,단일로 - 횡단보도상,승용,남,25세,상해없음,보행자,여,60세,중상
2016091100100416,2016년 9월 11일 20시,일요일,충청남도 서천군 서면,경상사고,0,0,1,0,차대차 - 측면직각충돌,안전운전불이행,건조,맑음,단일로 - 기타,승용,남,68세,기타불명,자전거,남,27세,경상
2016091100100417,2016년 9월 11일 20시,일요일,충청남도 천안시 동남구 신부동,중상사고,0,1,0,0,차대사람 - 차도통행중,안전운전불이행,건조,맑음,단일로 - 기타,승용,여,32세,상해없음,보행자,여,45세,중상
2016091100100450,2016년 9월 11일 21시,일요일,충청남도 천안시 동남구 영성동,중상사고,0,1,0,0,차대사람 - 횡단중,안전운전불이행,건조,맑음,교차로 - 교차로안,승용,남,46세,상해없음,보행자,남,35세,중상
2016091100100482,2016년 9월 11일 23시,일요일,충청남도 천안시 서북구 성거읍,경상사고,0,0,5,0,차대차 - 기타,차로위반,건조,맑음,단일로 - 기타,승용,남,21세,상해없음,승용,남,33세,경상
2016091200100015,2016년 9월 12일 01시,월요일,충청남도 논산시 내동,경상사고,0,0,1,0,차대차 - 정면충돌,신호위반,건조,흐림,교차로 - 교차로안,승용,여,53세,상해없음,승용,남,28세,경상
2016091200100025,2016년 9월 12일 02시,월요일,충청남도 보령시 동대동,사망사고,1,1,0,0,차량단독 - 전도전복,과속,건조,맑음,교차로 - 교차로부근,승용,남,23세,중상,,,,
2016091200100033,2016년 9월 12일 03시,월요일,충청남도 천안시 서북구 성정동,사망사고,2,0,0,0,차대차 - 기타,신호위반,건조,맑음,교차로 - 교차로안,이륜,남,32세,사망,승용,남,34세,상해없음
2016091200100070,2016년 9월 12일 06시,월요일,충청남도 논산시 강경읍,중상사고,0,1,0,0,차대차 - 정면충돌,안전운전불이행,건조,맑음,교차로 - 교차로안,승용,남,26세,상해없음,화물,남,58세,중상
2016091200100071,2016년 9월 12일 06시,월요일,충청남도 예산군 삽교읍,중상사고,0,1,0,0,차대차 - 추돌,안전운전불이행,건조,흐림,단일로 - 기타,화물,남,62세,상해없음,자전거,남,81세,중상
2016091200100096,2016년 9월 12일 07시,월요일,충청남도 부여군 초촌면,중상사고,0,1,0,0,차량단독 - 기타,안전운전불이행,건조,맑음,단일로 - 기타,승합,남,52세,상해없음,,,,
2016091200100123,2016년 9월 12일 08시,월요일,충청남도 아산시 온천동,경상사고,0,0,1,0,차대사람 - 횡단중,보행자보호의무위반,건조,맑음,교차로 - 교차로부근,승용,남,72세,상해없음,보행자,여,87세,경상
2016091200100158,2016년 9월 12일 09시,월요일,충청남도 천안시 서북구 성환읍,중상사고,0,2,2,0,차대차 - 기타,안전운전불이행,건조,맑음,단일로 - 기타,승용,여,57세,상해없음,원동기,남,70세,중상
2016091200100159,2016년 9월 12일 09시,월요일,충청남도 천안시 서북구 성환읍,경상사고,0,0,1,0,차대차 - 기타,안전운전불이행,건조,맑음,단일로 - 기타,화물,남,74세,상해없음,승용,여,59세,경상
2016091200100281,2016년 9월 12일 12시,월요일,충청남도 천안시 동남구 봉명동,경상사고,0,0,3,0,차대차 - 추돌,안전운전불이행,건조,맑음,단일로 - 기타,승용,여,44세,상해없음,승용,여,23세,경상
2016091200100310,2016년 9월 12일 13시,월요일,충청남도 보령시 대천동,중상사고,0,1,0,0,차대차 - 추돌,안전운전불이행,건조,맑음,교차로 - 교차로안,승합,남,55세,상해없음,승용,여,38세,중상
2016091200100362,2016년 9월 12일 14시,월요일,충청남도 천안시 서북구 직산읍,중상사고,0,1,0,0,차대차 - 측면충돌,교차로운행방법위반,건조,맑음,교차로 - 교차로부근,건설기계,남,41세,상해없음,화물,남,46세,중상
2016091200100363,2016년 9월 12일 14시,월요일,충청남도 천안시 동남구 구성동,중상사고,0,1,0,0,차대차 - 측면충돌,신호위반,건조,맑음,단일로 - 기타,승합,남,22세,상해없음,자전거,남,55세,중상
2016091200100402,2016년 9월 12일 15시,월요일,충청남도 보령시 동대동,경상사고,0,0,2,0,차대차 - 측면충돌,안전운전불이행,습기,비,단일로 - 기타,화물,남,64세,경상,건설기계,남,51세,경상
2016091200100443,2016년 9월 12일 16시,월요일,충청남도 청양군 청양읍,사망사고,1,0,0,0,차량단독 - 전도전복,안전운전불이행,습기,비,단일로 - 기타,이륜,남,75세,사망,,,,
2016091200100487,2016년 9월 12일 17시,월요일,충청남도 보령시 동대동,경상사고,0,0,1,0,차대차 - 정면충돌,안전운전불이행,건조,맑음,단일로 - 기타,자전거,남,59세,경상,승용,여,54세,상해없음
2016091200100488,2016년 9월 12일 17시,월요일,충청남도 천안시 동남구 원성동,경상사고,0,0,1,0,차대차 - 기타,안전운전불이행,건조,맑음,기타 - 기타,기타불명,기타불명,기타불명,기타불명,승용,남,38세,상해없음
2016091200100531,2016년 9월 12일 18시,월요일,충청남도 청양군 청양읍,중상사고,0,1,0,0,차대사람 - 횡단중,안전운전불이행,건조,맑음,교차로 - 교차로안,승용,여,23세,상해없음,보행자,남,73세,중상
2016091200100577,2016년 9월 12일 19시,월요일,충청남도 천안시 서북구 성정동,경상사고,0,0,1,0,차대차 - 측면직각충돌,교차로운행방법위반,건조,맑음,교차로 - 교차로안,화물,남,42세,상해없음,승용,남,70세,경상
2016091200100625,2016년 9월 12일 20시,월요일,충청남도 예산군 삽교읍,중상사고,0,3,0,0,차대차 - 측면직각충돌,직진우회전진행방해,건조,맑음,교차로 - 교차로안,승용,남,52세,상해없음,승용,남,46세,중상
2016091200100653,2016년 9월 12일 21시,월요일,충청남도 홍성군 갈산면,중상사고,0,1,0,0,차량단독 - 전도전복,안전운전불이행,건조,맑음,단일로 - 기타,이륜,남,40세,중상,,,,
2016091200100654,2016년 9월 12일 21시,월요일,충청남도 아산시 인주면,경상사고,0,0,1,0,차대사람 - 기타,안전운전불이행,건조,맑음,단일로 - 기타,승용,남,63세,상해없음,보행자,남,30세,경상
2016091200100656,2016년 9월 12일 21시,월요일,충청남도 천안시 동남구 원성동,중상사고,0,1,0,0,차대사람 - 횡단중,신호위반,건조,맑음,단일로 - 횡단보도상,승용,여,19세,상해없음,보행자,여,50세,중상
2016091200100689,2016년 9월 12일 22시,월요일,충청남도 태안군 안면읍,사망사고,1,0,0,0,차량단독 - 도로외이탈 - 추락,안전운전불이행,건조,맑음,단일로 - 기타,승용,여,56세,사망,,,,
2016091200100724,2016년 9월 12일 23시,월요일,충청남도 서산시 지곡면,중상사고,0,2,0,0,차대차 - 추돌,안전운전불이행,건조,맑음,단일로 - 기타,화물,남,54세,상해없음,화물,남,51세,기타불명
2016091200100725,2016년 9월 12일 23시,월요일,충청남도 천안시 서북구 직산읍,중상사고,0,1,0,0,차대사람 - 횡단중,안전운전불이행,건조,맑음,교차로 - 교차로부근,승용,남,57세,상해없음,보행자,남,32세,중상
2016091200100726,2016년 9월 12일 23시,월요일,충청남도 당진시 송악읍,중상사고,0,1,0,0,차대차 - 추돌,안전운전불이행,건조,맑음,교차로 - 교차로부근,화물,남,41세,상해없음,승용,여,45세,중상
2016091300100013,2016년 9월 13일 00시,화요일,충청남도 천안시 서북구 직산읍,중상사고,0,2,0,0,차대차 - 측면충돌,안전운전불이행,건조,맑음,단일로 - 기타,승용,남,66세,상해없음,승용,남,41세,상해없음
2016091300100059,2016년 9월 13일 05시,화요일,충청남도 천안시 서북구 와촌동,경상사고,0,0,1,0,차대차 - 측면직각충돌,교차로운행방법위반,건조,맑음,교차로 - 교차로안,승용,남,40세,상해없음,승용,남,59세,경상
2016091300100060,2016년 9월 13일 05시,화요일,충청남도 보령시 남곡동,중상사고,0,1,0,0,차대차 - 추돌,안전운전불이행,건조,맑음,단일로 - 기타,승용,남,36세,상해없음,농기계,남,81세,중상
2016091300100123,2016년 9월 13일 08시,화요일,충청남도 서산시 읍내동,중상사고,0,1,0,0,차대차 - 측면충돌,교차로운행방법위반,건조,맑음,교차로 - 교차로안,승용,여,50세,상해없음,이륜,남,70세,중상
2016091300100124,2016년 9월 13일 08시,화요일,충청남도 공주시 계룡면,중상사고,0,1,1,0,차대차 - 측면충돌,안전운전불이행,건조,맑음,단일로 - 기타,승용,남,65세,상해없음,승용,여,50세,중상
2016091300100172,2016년 9월 13일 09시,화요일,충청남도 논산시 광석면,중상사고,0,1,0,0,차대차 - 추돌,안전운전불이행,건조,맑음,단일로 - 기타,화물,남,55세,상해없음,자전거,남,87세,중상
2016091300100173,2016년 9월 13일 09시,화요일,충청남도 논산시 은진면,중상사고,0,1,0,0,차대사람 - 길가장자리구역통행중,안전운전불이행,건조,맑음,단일로 - 기타,승용,여,37세,상해없음,보행자,남,84세,중상
2016091300100174,2016년 9월 13일 09시,화요일,충청남도 예산군 예산읍,중상사고,0,1,0,0,차대사람 - 길가장자리구역통행중,안전운전불이행,건조,맑음,교차로 - 교차로안,승용,여,60세,상해없음,보행자,여,83세,중상
2016091300100212,2016년 9월 13일 10시,화요일,충청남도 서산시 동문동,경상사고,0,0,1,0,차대차 - 측면충돌,직진우회전진행방해,건조,맑음,교차로 - 교차로안,승용,남,78세,경상,승용,남,31세,상해없음
2016091300100213,2016년 9월 13일 10시,화요일,충청남도 홍성군 홍성읍,중상사고,0,1,0,0,차대사람 - 기타,안전운전불이행,건조,맑음,기타 - 기타,승용,여,29세,상해없음,보행자,남,51세,중상
2016091300100248,2016년 9월 13일 11시,화요일,충청남도 천안시 서북구 직산읍,경상사고,0,0,4,0,차대차 - 추돌,안전운전불이행,건조,맑음,단일로 - 기타,승용,남,39세,상해없음,승용,남,74세,경상
2016091300100249,2016년 9월 13일 11시,화요일,충청남도 천안시 서북구 성정동,중상사고,0,1,0,0,차대차 - 측면충돌,신호위반,건조,맑음,교차로 - 교차로안,승용,여,58세,상해없음,원동기,남,29세,중상
2016091300100284,2016년 9월 13일 12시,화요일,충청남도 공주시 신풍면,중상사고,0,1,1,0,차대차 - 추돌,불법유턴,건조,맑음,단일로 - 기타,이륜,남,84세,경상,승용,여,57세,상해없음
2016091300100316,2016년 9월 13일 13시,화요일,충청남도 논산시 성동면,경상사고,0,0,1,0,차대차 - 측면충돌,차로위반,건조,맑음,단일로 - 기타,화물,남,56세,기타불명,승용,여,48세,경상
2016091300100317,2016년 9월 13일 13시,화요일,충청남도 공주시 정안면,중상사고,0,1,0,0,차대차 - 기타,직진우회전진행방해,건조,맑음,교차로 - 교차로안,자전거,남,70세,중상,승용,남,39세,상해없음
2016091300100358,2016년 9월 13일 14시,화요일,충청남도 서산시 읍내동,중상사고,0,1,0,0,차대사람 - 횡단중,안전운전불이행,건조,맑음,교차로 - 교차로안,승합,여,56세,기타불명,보행자,여,84세,중상
2016091300100359,2016년 9월 13일 14시,화요일,충청남도 아산시 읍내동,경상사고,0,0,1,0,차대사람 - 횡단중,보행자보호의무위반,건조,맑음,단일로 - 기타,승용,남,19세,상해없음,보행자,남,7세,경상
2016091300100404,2016년 9월 13일 15시,화요일,충청남도 천안시 서북구 차암동,중상사고,0,1,0,0,차대차 - 기타,교차로운행방법위반,건조,맑음,기타 - 기타,승용,여,71세,상해없음,승용,남,28세,중상
2016091300100450,2016년 9월 13일 16시,화요일,충청남도 아산시 송악면,경상사고,0,0,1,0,차대차 - 측면충돌,안전운전불이행,건조,맑음,교차로 - 교차로안,승용,남,63세,상해없음,승용,남,30세,경상
2016091300100512,2016년 9월 13일 17시,화요일,충청남도 보령시 동대동,중상사고,0,1,0,0,차대차 - 측면직각충돌,직진우회전진행방해,건조,맑음,교차로 - 교차로안,화물,남,40세,상해없음,이륜,남,64세,중상
2016091300100600,2016년 9월 13일 19시,화요일,충청남도 천안시 서북구 입장면,경상사고,0,0,1,1,차대차 - 정면충돌,안전운전불이행,건조,맑음,교차로 - 교차로안,승용,남,56세,상해없음,승용,남,53세,부상신고
2016091300100650,2016년 9월 13일 20시,화요일,충청남도 천안시 서북구 쌍용동,경상사고,0,0,2,0,차대사람 - 기타,안전운전불이행,건조,맑음,교차로 - 교차로부근,화물,남,45세,기타불명,보행자,여,44세,경상
2016091300100691,2016년 9월 13일 21시,화요일,충청남도 천안시 서북구 두정동,경상사고,0,0,1,0,차대사람 - 길가장자리구역통행중,안전운전불이행,건조,맑음,단일로 - 기타,승용,남,26세,상해없음,보행자,남,19세,경상
2016091300100692,2016년 9월 13일 21시,화요일,충청남도 논산시 연무읍,중상사고,0,3,1,0,차대차 - 기타,차로위반,건조,맑음,단일로 - 기타,승합,남,57세,상해없음,승용,남,44세,중상
2016091300100720,2016년 9월 13일 22시,화요일,충청남도 서산시 읍내동,중상사고,0,1,0,0,차대사람 - 길가장자리구역통행중,안전운전불이행,건조,맑음,단일로 - 기타,승용,남,27세,상해없음,보행자,여,21세,중상
2016091400100010,2016년 9월 14일 00시,수요일,충청남도 아산시 배방읍,경상사고,0,0,3,0,차대차 - 측면직각충돌,안전운전불이행,건조,맑음,교차로 - 교차로안,승용,여,48세,상해없음,승용,여,23세,경상
2016091400100030,2016년 9월 14일 01시,수요일,충청남도 아산시 모종동,경상사고,0,0,1,0,차대차 - 정면충돌,안전운전불이행,건조,맑음,교차로 - 교차로안,승용,남,35세,기타불명,승용,남,57세,상해없음
2016091400100045,2016년 9월 14일 02시,수요일,충청남도 당진시 시곡리,중상사고,0,1,2,0,차대차 - 정면충돌,신호위반,건조,맑음,교차로 - 교차로안,승용,남,33세,상해없음,승합,여,42세,경상
2016091400100066,2016년 9월 14일 03시,수요일,충청남도 보령시 동대동,중상사고,0,1,0,0,차대차 - 추돌,안전운전불이행,건조,맑음,단일로 - 기타,화물,남,57세,상해없음,화물,남,57세,중상
2016091400100154,2016년 9월 14일 09시,수요일,충청남도 보령시 주포면,중상사고,0,2,2,0,차대차 - 측면직각충돌,안전거리미확보,건조,맑음,단일로 - 기타,승용,남,45세,상해없음,승용,남,34세,중상
2016091400100201,2016년 9월 14일 11시,수요일,충청남도 공주시 의당면,경상사고,0,0,1,0,차대차 - 추돌,안전운전불이행,건조,맑음,교차로 - 교차로부근,승용,여,42세,상해없음,자전거,남,50세,경상
2016091400100202,2016년 9월 14일 11시,수요일,충청남도 청양군 정산면,중상사고,0,1,6,0,차대차 - 정면충돌,안전운전불이행,건조,맑음,교차로 - 교차로안,승용,남,40세,상해없음,화물,남,43세,경상
2016091400100203,2016년 9월 14일 11시,수요일,충청남도 청양군 청양읍,중상사고,0,2,0,0,차대차 - 측면충돌,직진우회전진행방해,건조,맑음,교차로 - 교차로안,승용,남,61세,상해없음,승용,남,53세,상해없음
2016091400100204,2016년 9월 14일 11시,수요일,충청남도 천안시 동남구 사직동,경상사고,0,0,1,1,차대차 - 측면충돌,안전운전불이행,건조,맑음,교차로 - 교차로부근,이륜,남,67세,부상신고,승용,남,51세,경상
2016091400100227,2016년 9월 14일 12시,수요일,충청남도 천안시 서북구 두정동,경상사고,0,0,1,0,차대사람 - 차도통행중,안전운전불이행,건조,맑음,교차로 - 교차로안,승용,남,29세,상해없음,보행자,여,56세,경상
2016091400100228,2016년 9월 14일 12시,수요일,충청남도 당진시 합덕읍,경상사고,0,0,3,0,차대차 - 측면충돌,교차로운행방법위반,건조,맑음,교차로 - 교차로안,승용,여,49세,상해없음,승용,남,50세,경상
2016091400100229,2016년 9월 14일 12시,수요일,충청남도 천안시 동남구 유량동,중상사고,0,1,0,0,차대차 - 측면직각충돌,안전운전불이행,건조,맑음,교차로 - 교차로안,자전거,남,32세,중상,승용,남,53세,상해없음
2016091400100274,2016년 9월 14일 14시,수요일,충청남도 아산시 온천동,중상사고,0,1,0,0,차대차 - 정면충돌,신호위반,건조,맑음,교차로 - 교차로안,이륜,남,17세,상해없음,이륜,남,48세,중상
2016091400100294,2016년 9월 14일 15시,수요일,충청남도 서천군 서천읍,경상사고,0,0,2,1,차대차 - 측면직각충돌,직진우회전진행방해,건조,맑음,교차로 - 교차로안,승용,남,51세,부상신고,승용,남,55세,경상
2016091400100295,2016년 9월 14일 15시,수요일,충청남도 서천군 판교면,부상신고사고,0,0,0,1,차대사람 - 기타,안전운전불이행,건조,맑음,단일로 - 기타,승용,남,24세,상해없음,보행자,남,14세,부상신고
2016091400100347,2016년 9월 14일 17시,수요일,충청남도 서산시 팔봉면,경상사고,0,0,3,0,차대차 - 정면충돌,안전운전불이행,건조,맑음,단일로 - 기타,승용,남,28세,상해없음,승용,남,49세,경상
2016091400100348,2016년 9월 14일 17시,수요일,충청남도 천안시 동남구 신방동,경상사고,0,0,1,0,차대차 - 정면충돌,안전운전불이행,건조,맑음,교차로 - 교차로안,승용,남,43세,상해없음,승용,여,53세,경상
2016091400100368,2016년 9월 14일 18시,수요일,충청남도 금산군 금산읍,경상사고,0,0,1,0,차대차 - 측면충돌,직진우회전진행방해,건조,맑음,교차로 - 교차로안,승용,남,30세,경상,승용,남,55세,상해없음
2016091400100427,2016년 9월 14일 21시,수요일,충청남도 공주시 신풍면,중상사고,0,2,0,0,차대차 - 측면직각충돌,안전운전불이행,건조,맑음,교차로 - 교차로안,화물,남,61세,상해없음,승용,남,42세,중상
2016091400100455,2016년 9월 14일 23시,수요일,충청남도 아산시 풍기동,중상사고,0,1,0,0,차량단독 - 전도전복,안전운전불이행,건조,맑음,단일로 - 기타,원동기,남,34세,중상,,,,
2016091500100015,2016년 9월 15일 01시,목요일,충청남도 공주시 정안면,경상사고,0,0,3,0,차대차 - 추돌,중앙선침범,건조,맑음,단일로 - 기타,승용,남,33세,상해없음,승용,남,55세,경상
2016091500100076,2016년 9월 15일 09시,목요일,충청남도 태안군 고남면,사망사고,1,1,0,0,차량단독 - 전도전복,안전운전불이행,건조,맑음,단일로 - 기타,원동기,남,49세,중상,,,,
2016091500100116,2016년 9월 15일 11시,목요일,충청남도 아산시 배방읍,경상사고,0,0,1,0,차대차 - 추돌,신호위반,건조,맑음,교차로 - 교차로안,승용,여,26세,상해없음,승용,남,77세,경상
2016091500100117,2016년 9월 15일 11시,목요일,충청남도 예산군 덕산면,중상사고,0,2,2,0,차대차 - 측면직각충돌,신호위반,건조,맑음,교차로 - 교차로안,승용,여,49세,상해없음,화물,남,56세,중상
2016091500100163,2016년 9월 15일 13시,목요일,충청남도 논산시 가야곡면,중상사고,0,2,1,0,차대차 - 측면충돌,안전운전불이행,건조,맑음,단일로 - 기타,승용,여,34세,상해없음,승용,남,49세,중상
2016091500100164,2016년 9월 15일 13시,목요일,충청남도 금산군 남이면,경상사고,0,0,1,0,차대사람 - 횡단중,안전운전불이행,건조,맑음,단일로 - 기타,승용,남,43세,상해없음,보행자,남,6세,경상
2016091500100219,2016년 9월 15일 15시,목요일,충청남도 금산군 군북면,중상사고,0,1,4,0,차대차 - 측면직각충돌,안전운전불이행,건조,맑음,교차로 - 교차로안,승용,여,51세,경상,이륜,남,35세,중상
2016091500100220,2016년 9월 15일 15시,목요일,충청남도 천안시 동남구 신부동,중상사고,0,1,1,0,차대차 - 추돌,안전거리미확보,건조,맑음,단일로 - 기타,승용,남,38세,상해없음,승용,여,22세,중상
2016091500100249,2016년 9월 15일 16시,목요일,충청남도 서천군 기산면,중상사고,0,1,4,0,차대차 - 추돌,안전거리미확보,건조,맑음,교차로 - 교차로안,승합,남,60세,상해없음,승용,남,36세,경상
2016091500100250,2016년 9월 15일 16시,목요일,충청남도 천안시 동남구 목천읍,경상사고,0,0,3,0,차대차 - 추돌,안전운전불이행,건조,맑음,기타 - 기타,승용,남,25세,상해없음,승용,남,34세,경상
2016091500100271,2016년 9월 15일 17시,목요일,충청남도 논산시 부적면,경상사고,0,0,3,0,차대차 - 측면충돌,신호위반,건조,맑음,교차로 - 교차로안,화물,남,43세,상해없음,화물,여,55세,경상
2016091500100282,2016년 9월 15일 18시,목요일,충청남도 서천군 서천읍,경상사고,0,0,3,0,차대차 - 측면직각충돌,직진우회전진행방해,건조,맑음,교차로 - 교차로안,승용,여,50세,경상,화물,남,31세,경상
2016091500100283,2016년 9월 15일 18시,목요일,충청남도 천안시 동남구 구성동,경상사고,0,0,1,0,차대사람 - 횡단중,안전운전불이행,건조,맑음,단일로 - 기타,화물,남,52세,상해없음,보행자,여,63세,경상
2016091500100300,2016년 9월 15일 19시,목요일,충청남도 서산시 음암면,경상사고,0,0,1,0,차대차 - 정면충돌,안전운전불이행,건조,맑음,단일로 - 기타,승용,여,28세,상해없음,승용,남,52세,경상
2016091500100301,2016년 9월 15일 19시,목요일,충청남도 아산시 도고면,경상사고,0,0,2,0,차대차 - 추돌,안전운전불이행,건조,맑음,단일로 - 기타,승용,남,61세,상해없음,승용,여,32세,경상
2016091500100302,2016년 9월 15일 19시,목요일,충청남도 보령시 천북면,경상사고,0,0,1,0,차대차 - 기타,중앙선침범,건조,맑음,단일로 - 기타,화물,남,57세,상해없음,승용,남,42세,경상
2016091500100323,2016년 9월 15일 20시,목요일,충청남도 공주시 신풍면,사망사고,1,0,0,0,차대사람 - 횡단중,안전운전불이행,건조,맑음,단일로 - 기타,화물,남,53세,상해없음,보행자,여,89세,사망
2016091500100324,2016년 9월 15일 20시,목요일,충청남도 천안시 동남구 성남면,경상사고,0,0,4,0,차대차 - 추돌,안전운전불이행,건조,맑음,단일로 - 기타,승용,남,35세,상해없음,승용,여,31세,경상
2016091600100047,2016년 9월 16일 05시,금요일,충청남도 서천군 비인면,경상사고,0,0,1,0,차대사람 - 기타,안전운전불이행,건조,맑음,단일로 - 기타,승용,남,22세,상해없음,보행자,남,23세,경상
2016091600100084,2016년 9월 16일 10시,금요일,충청남도 홍성군 구항면,경상사고,0,0,2,0,차대차 - 측면충돌,과속,건조,맑음,단일로 - 기타,승용,여,21세,경상,승용,여,37세,상해없음
2016091600100085,2016년 9월 16일 10시,금요일,충청남도 천안시 동남구 삼룡동,경상사고,0,0,1,0,차대차 - 측면충돌,안전운전불이행,건조,맑음,단일로 - 기타,승용,남,58세,상해없음,자전거,남,48세,경상
2016091600100109,2016년 9월 16일 11시,금요일,충청남도 공주시 신관동,경상사고,0,0,3,0,차대차 - 추돌,안전운전불이행,건조,맑음,교차로 - 교차로부근,승용,남,53세,상해없음,승용,여,45세,경상
2016091600100130,2016년 9월 16일 12시,금요일,충청남도 천안시 서북구 성거읍,경상사고,0,0,1,0,차대차 - 추돌,안전운전불이행,건조,맑음,기타 - 기타,승용,남,42세,상해없음,승용,남,48세,경상
2016091600100131,2016년 9월 16일 12시,금요일,충청남도 서천군 서천읍,경상사고,0,0,1,0,차대사람 - 횡단중,안전운전불이행,건조,맑음,교차로 - 교차로부근,화물,남,52세,상해없음,보행자,남,4세,경상
2016091600100132,2016년 9월 16일 12시,금요일,충청남도 부여군 은산면,중상사고,0,1,0,0,차대차 - 측면직각충돌,기타,건조,맑음,교차로 - 교차로안,승용,남,73세,상해없음,자전거,남,9세,중상