사고번호,사고일시,요일,시군구,사고내용,사망자수,중상자수,경상자수,부상신고자수,사고유형,법규위반,노면상태,기상상태,도로형태,가해운전자 차종,가해운전자 성별,가해운전자 연령,가해운전자 상해정도,피해운전자 차종,피해운전자 성별,피해운전자 연령,피해운전자 상해정도
2016091600100133,2016년 9월 16일 12시,금요일,충청남도 천안시 동남구 신부동,중상사고,0,1,3,0,차대차 - 측면충돌,안전운전불이행,건조,맑음,교차로 - 교차로안,승용,남,69세,상해없음,승용,남,54세,경상
2016091600100150,2016년 9월 16일 13시,금요일,충청남도 금산군 제원면,중상사고,0,1,1,0,차대차 - 측면충돌,신호위반,습기,비,교차로 - 교차로안,승합,남,54세,상해없음,승용,여,57세,중상
2016091600100190,2016년 9월 16일 15시,금요일,충청남도 논산시 연무읍,경상사고,0,0,2,0,차대차 - 추돌,안전운전불이행,습기,비,단일로 - 기타,화물,남,67세,상해없음,승용,남,38세,경상
2016091600100191,2016년 9월 16일 15시,금요일,충청남도 논산시 성동면,경상사고,0,0,1,0,차대차 - 기타,중앙선침범,습기,비,단일로 - 기타,승용,남,57세,상해없음,승용,남,68세,상해없음
2016091600100231,2016년 9월 16일 17시,금요일,충청남도 논산시 연산면,중상사고,0,1,0,0,차대차 - 측면충돌,직진우회전진행방해,습기,비,교차로 - 교차로안,승용,남,55세,상해없음,이륜,남,80세,중상
2016091600100257,2016년 9월 16일 18시,금요일,충청남도 서산시 동문동,경상사고,0,0,2,0,차대차 - 정면충돌,교차로운행방법위반,건조,맑음,교차로 - 교차로안,승용,남,43세,상해없음,승용,남,30세,경상
2016091600100258,2016년 9월 16일 18시,금요일,충청남도 천안시 서북구 직산읍,중상사고,0,1,0,0,차량단독 - 전도전복,안전운전불이행,건조,맑음,단일로 - 기타,이륜,남,52세,중상,,,,
2016091600100290,2016년 9월 16일 19시,금요일,충청남도 예산군 고덕면,경상사고,0,0,1,0,차대차 - 추돌,안전운전불이행,건조,흐림,교차로 - 교차로부근,승용,남,39세,상해없음,화물,여,54세,경상
2016091600100291,2016년 9월 16일 19시,금요일,충청남도 부여군 부여읍,중상사고,0,1,0,0,차대사람 - 보도통행중,보행자보호의무위반,습기,비,단일로 - 횡단보도상,승용,여,37세,상해없음,보행자,남,21세,중상
2016091600100314,2016년 9월 16일 20시,금요일,충청남도 아산시 방축동,경상사고,0,0,1,0,차대차 - 추돌,안전운전불이행,습기,비,단일로 - 기타,승용,남,47세,상해없음,승용,남,61세,경상
2016091600100315,2016년 9월 16일 20시,금요일,충청남도 보령시 신흑동,경상사고,0,0,1,0,차대차 - 추돌,안전운전불이행,습기,비,교차로 - 교차로안,승용,남,54세,기타불명,화물,남,46세,기타불명
2016091600100343,2016년 9월 16일 21시,금요일,충청남도 논산시 부적면,경상사고,0,0,12,0,차대차 - 추돌,안전운전불이행,습기,비,단일로 - 기타,승합,남,42세,경상,승합,남,49세,경상
2016091600100344,2016년 9월 16일 21시,금요일,충청남도 홍성군 홍성읍,중상사고,0,1,0,0,차대사람 - 횡단중,안전운전불이행,습기,맑음,단일로 - 기타,승용,남,43세,상해없음,보행자,남,45세,중상
2016091600100345,2016년 9월 16일 21시,금요일,충청남도 아산시 용화동,중상사고,0,1,0,0,차대사람 - 횡단중,보행자보호의무위반,습기,맑음,기타 - 기타,승용,남,33세,상해없음,보행자,여,15세,중상
2016091600100366,2016년 9월 16일 22시,금요일,충청남도 논산시 지산동,중상사고,0,2,0,0,차대차 - 측면충돌,안전운전불이행,습기,비,단일로 - 기타,승용,남,41세,상해없음,승용,남,57세,중상
2016091600100393,2016년 9월 16일 23시,금요일,충청남도 당진시 채운동,경상사고,0,0,2,0,차대차 - 추돌,안전운전불이행,습기,비,단일로 - 기타,원동기,남,18세,상해없음,승용,남,33세,상해없음
2016091600100394,2016년 9월 16일 23시,금요일,충청남도 당진시 신평면,경상사고,0,0,1,0,차대차 - 추돌,안전거리미확보,습기,비,단일로 - 기타,승합,남,61세,상해없음,승용,남,40세,상해없음
2016091700100017,2016년 9월 17일 00시,토요일,충청남도 서산시 동문동,경상사고,0,0,3,0,차대차 - 정면충돌,교차로운행방법위반,건조,맑음,교차로 - 교차로안,승용,남,26세,상해없음,승용,남,51세,경상
2016091700100050,2016년 9월 17일 01시,토요일,충청남도 서산시 석림동,경상사고,0,0,1,0,차대사람 - 횡단중,안전운전불이행,습기,비,단일로 - 기타,승용,남,60세,상해없음,보행자,남,80세,경상
2016091700100051,2016년 9월 17일 01시,토요일,충청남도 천안시 서북구 차암동,중상사고,0,1,2,0,차대차 - 측면직각충돌,신호위반,습기,비,교차로 - 교차로안,승용,남,34세,상해없음,승용,여,25세,중상
2016091700100052,2016년 9월 17일 01시,토요일,충청남도 아산시 용화동,중상사고,0,1,0,0,차대사람 - 횡단중,안전운전불이행,습기,비,기타 - 기타,승용,남,62세,상해없음,보행자,여,29세,중상
2016091700100076,2016년 9월 17일 02시,토요일,충청남도 당진시 읍내리,부상신고사고,0,0,0,3,차대차 - 정면충돌,안전운전불이행,습기,비,단일로 - 기타,승용,남,34세,상해없음,승용,여,30세,부상신고
2016091700100118,2016년 9월 17일 05시,토요일,충청남도 천안시 서북구 쌍용동,중상사고,0,1,0,0,차대사람 - 횡단중,안전운전불이행,습기,비,단일로 - 기타,승용,남,53세,상해없음,보행자,남,75세,중상
2016091700100119,2016년 9월 17일 05시,토요일,충청남도 당진시 대덕리,경상사고,0,0,2,0,차대차 - 측면직각충돌,신호위반,습기,비,교차로 - 교차로안,승용,남,27세,경상,승용,남,57세,경상
2016091700100148,2016년 9월 17일 07시,토요일,충청남도 청양군 청양읍,경상사고,0,0,1,0,차대차 - 측면직각충돌,안전운전불이행,습기,비,교차로 - 교차로부근,승용,여,51세,경상,특수,남,57세,기타불명
2016091700100182,2016년 9월 17일 09시,토요일,충청남도 태안군 태안읍,경상사고,0,0,1,0,차대차 - 측면충돌,교차로운행방법위반,습기,흐림,교차로 - 교차로안,승용,남,69세,상해없음,승용,남,45세,경상
2016091700100267,2016년 9월 17일 13시,토요일,충청남도 논산시 가야곡면,중상사고,0,1,3,0,차대차 - 정면충돌,신호위반,습기,비,교차로 - 교차로안,화물,남,24세,상해없음,승합,남,57세,중상
2016091700100268,2016년 9월 17일 13시,토요일,충청남도 당진시 읍내리,경상사고,0,0,1,0,차대사람 - 길가장자리구역통행중,안전운전불이행,건조,맑음,단일로 - 기타,승용,남,44세,상해없음,보행자,여,51세,경상
2016091700100269,2016년 9월 17일 13시,토요일,충청남도 청양군 대치면,경상사고,0,0,1,0,차대차 - 추돌,안전운전불이행,습기,비,교차로 - 교차로부근,승용,남,43세,상해없음,승용,남,35세,경상
2016091700100296,2016년 9월 17일 14시,토요일,충청남도 서천군 서천읍,중상사고,0,1,0,0,차대차 - 측면직각충돌,직진우회전진행방해,습기,비,교차로 - 교차로안,승용,남,68세,상해없음,이륜,남,46세,중상
2016091700100362,2016년 9월 17일 16시,토요일,충청남도 보령시 남포면,경상사고,0,0,2,1,차대차 - 정면충돌,안전운전불이행,건조,맑음,교차로 - 교차로안,승용,여,20세,부상신고,승용,여,30세,경상
2016091700100392,2016년 9월 17일 17시,토요일,충청남도 천안시 서북구 성환읍,중상사고,0,1,0,0,차대차 - 정면충돌,안전운전불이행,건조,맑음,단일로 - 기타,화물,남,60세,상해없음,원동기,남,18세,중상
2016091700100393,2016년 9월 17일 17시,토요일,충청남도 천안시 서북구 백석동,경상사고,0,0,1,0,차대차 - 측면직각충돌,안전운전불이행,습기,비,교차로 - 교차로부근,승용,남,33세,상해없음,승용,여,42세,경상
2016091700100457,2016년 9월 17일 19시,토요일,충청남도 홍성군 홍성읍,중상사고,0,1,0,0,차대차 - 추돌,중앙선침범,건조,맑음,교차로 - 교차로부근,승용,남,54세,상해없음,승용,남,30세,중상
2016091700100561,2016년 9월 17일 22시,토요일,충청남도 태안군 안면읍,경상사고,0,0,1,0,차대사람 - 기타,안전운전불이행,건조,맑음,단일로 - 기타,화물,남,47세,상해없음,보행자,남,57세,경상
2016091700100580,2016년 9월 17일 23시,토요일,충청남도 천안시 서북구 두정동,경상사고,0,0,1,0,차대사람 - 횡단중,안전운전불이행,건조,맑음,단일로 - 기타,승용,여,23세,상해없음,보행자,남,25세,경상
2016091800100160,2016년 9월 18일 11시,일요일,충청남도 천안시 서북구 쌍용동,중상사고,0,3,0,0,차대차 - 측면직각충돌,안전운전불이행,건조,맑음,교차로 - 교차로안,승용,남,68세,중상,승용,남,44세,중상
2016091800100161,2016년 9월 18일 11시,일요일,충청남도 논산시 관촉동,중상사고,0,1,0,0,차대차 - 측면직각충돌,안전운전불이행,습기,비,교차로 - 교차로안,이륜,남,74세,중상,승용,남,66세,상해없음
2016091800100162,2016년 9월 18일 11시,일요일,충청남도 서천군 서면,중상사고,0,1,0,0,차대사람 - 차도통행중,안전운전불이행,습기,흐림,단일로 - 기타,승용,남,76세,상해없음,보행자,남,19세,중상
2016091800100181,2016년 9월 18일 12시,일요일,충청남도 공주시 우성면,경상사고,0,0,1,0,차대차 - 측면직각충돌,차로위반,건조,맑음,단일로 - 기타,승용,여,61세,상해없음,승용,여,42세,경상
2016091800100182,2016년 9월 18일 12시,일요일,충청남도 당진시 합덕읍,중상사고,0,1,0,0,차대차 - 측면충돌,교차로운행방법위반,건조,맑음,교차로 - 교차로안,이륜,남,67세,상해없음,승용,여,60세,상해없음
2016091800100221,2016년 9월 18일 14시,일요일,충청남도 천안시 서북구 두정동,경상사고,0,0,1,0,차대사람 - 기타,안전운전불이행,건조,맑음,단일로 - 기타,기타불명,기타불명,기타불명,기타불명,보행자,여,21세,경상
2016091800100248,2016년 9월 18일 15시,일요일,충청남도 홍성군 광천읍,경상사고,0,0,1,0,차대차 - 측면충돌,교차로운행방법위반,건조,흐림,교차로 - 교차로안,승용,여,58세,상해없음,자전거,여,64세,경상
2016091800100249,2016년 9월 18일 15시,일요일,충청남도 홍성군 금마면,사망사고,1,0,1,0,차대차 - 측면충돌,안전거리미확보,건조,흐림,단일로 - 기타,이륜,여,45세,사망,승용,남,27세,경상
2016091800100250,2016년 9월 18일 15시,일요일,충청남도 아산시 권곡동,중상사고,0,1,0,0,차대차 - 기타,안전운전불이행,건조,맑음,단일로 - 기타,자전거,남,62세,중상,승용,여,55세,상해없음
2016091800100311,2016년 9월 18일 18시,일요일,충청남도 홍성군 홍북면,경상사고,0,0,2,0,차대차 - 측면충돌,과속,건조,흐림,단일로 - 기타,승용,남,30세,경상,승용,남,71세,경상
2016091800100341,2016년 9월 18일 19시,일요일,충청남도 논산시 가야곡면,중상사고,0,1,0,0,차대사람 - 기타,안전운전불이행,건조,맑음,교차로 - 교차로안,승용,남,61세,상해없음,보행자,남,68세,중상
2016091800100342,2016년 9월 18일 19시,일요일,충청남도 논산시 취암동,중상사고,0,1,3,0,차대차 - 측면직각충돌,안전운전불이행,건조,맑음,교차로 - 교차로안,승용,남,39세,경상,이륜,여,40세,중상
2016091800100343,2016년 9월 18일 19시,일요일,충청남도 공주시 금흥동,중상사고,0,1,0,0,차대차 - 측면충돌,신호위반,건조,맑음,교차로 - 교차로안,승용,남,39세,상해없음,이륜,남,33세,중상
2016091800100384,2016년 9월 18일 21시,일요일,충청남도 천안시 동남구 신부동,경상사고,0,0,1,0,차대사람 - 기타,교차로운행방법위반,건조,맑음,교차로 - 교차로안,승용,기타불명,기타불명,기타불명,보행자,남,38세,경상
2016091900100003,2016년 9월 19일 00시,월요일,충청남도 서산시 동문동,경상사고,0,0,1,0,차대사람 - 횡단중,안전운전불이행,건조,맑음,교차로 - 교차로안,승용,남,37세,상해없음,보행자,남,55세,경상
2016091900100032,2016년 9월 19일 05시,월요일,충청남도 천안시 동남구 삼룡동,중상사고,0,1,0,0,차대차 - 정면충돌,안전운전불이행,건조,맑음,교차로 - 교차로안,승용,남,59세,상해없음,화물,남,61세,중상
2016091900100139,2016년 9월 19일 09시,월요일,충청남도 당진시 읍내리,중상사고,0,1,0,0,차대차 - 측면충돌,신호위반,건조,맑음,단일로 - 횡단보도상,승용,남,25세,상해없음,자전거,남,28세,중상
2016091900100172,2016년 9월 19일 10시,월요일,충청남도 보령시 대천동,경상사고,0,0,1,0,차대차 - 측면직각충돌,기타,건조,맑음,단일로 - 기타,화물,남,64세,상해없음,자전거,여,63세,경상
2016091900100173,2016년 9월 19일 10시,월요일,충청남도 공주시 중동,중상사고,0,1,4,0,차대차 - 추돌,안전운전불이행,건조,맑음,교차로 - 교차로부근,승용,여,40세,상해없음,승용,남,58세,상해없음
2016091900100203,2016년 9월 19일 11시,월요일,충청남도 천안시 서북구 직산읍,경상사고,0,0,2,0,차대차 - 측면충돌,교차로운행방법위반,건조,맑음,교차로 - 교차로안,승용,여,36세,경상,승용,남,64세,경상
2016091900100204,2016년 9월 19일 11시,월요일,충청남도 당진시 정미면,경상사고,0,0,1,0,차대사람 - 기타,안전운전불이행,건조,맑음,단일로 - 기타,승용,남,21세,상해없음,보행자,여,20세,경상
2016091900100229,2016년 9월 19일 12시,월요일,충청남도 태안군 태안읍,중상사고,0,2,0,0,차대차 - 측면직각충돌,교차로운행방법위반,건조,맑음,교차로 - 교차로안,화물,남,56세,중상,승용,여,30세,중상
2016091900100230,2016년 9월 19일 12시,월요일,충청남도 천안시 서북구 두정동,경상사고,0,0,1,0,차대차 - 추돌,안전운전불이행,건조,맑음,단일로 - 기타,승용,남,26세,상해없음,승용,남,36세,경상
2016091900100260,2016년 9월 19일 13시,월요일,충청남도 아산시 배방읍,중상사고,0,1,3,0,차대차 - 측면충돌,신호위반,건조,맑음,교차로 - 교차로안,승용,남,29세,경상,승용,남,68세,중상
2016091900100284,2016년 9월 19일 14시,월요일,충청남도 서산시 음암면,중상사고,0,1,0,0,차대차 - 측면직각충돌,기타,건조,맑음,교차로 - 교차로부근,화물,남,50세,상해없음,농기계,남,74세,중상
2016091900100285,2016년 9월 19일 14시,월요일,충청남도 천안시 서북구 차암동,경상사고,0,0,2,1,차대차 - 측면직각충돌,교차로운행방법위반,건조,맑음,교차로 - 교차로안,승용,남,59세,경상,승용,남,32세,부상신고
2016091900100286,2016년 9월 19일 14시,월요일,충청남도 아산시 권곡동,중상사고,0,1,0,0,차대사람 - 차도통행중,안전운전불이행,건조,맑음,교차로 - 교차로안,승용,여,55세,상해없음,보행자,여,69세,중상
2016091900100311,2016년 9월 19일 15시,월요일,충청남도 천안시 서북구 두정동,경상사고,0,0,1,1,차대차 - 기타,안전운전불이행,건조,맑음,단일로 - 기타,원동기,남,37세,부상신고,승용,남,59세,경상
2016091900100414,2016년 9월 19일 18시,월요일,충청남도 서산시 석림동,중상사고,0,1,2,0,차대차 - 측면충돌,안전운전불이행,건조,맑음,교차로 - 교차로안,승용,여,30세,경상,승용,여,44세,중상
2016091900100415,2016년 9월 19일 18시,월요일,충청남도 당진시 읍내리,경상사고,0,0,1,0,차대차 - 측면충돌,안전운전불이행,건조,맑음,단일로 - 기타,승용,여,58세,상해없음,자전거,남,23세,경상
2016091900100497,2016년 9월 19일 20시,월요일,충청남도 아산시 인주면,중상사고,0,1,0,0,차대차 - 기타,안전운전불이행,건조,맑음,단일로 - 기타,원동기,남,56세,중상,승용,남,29세,상해없음
2016091900100498,2016년 9월 19일 20시,월요일,충청남도 예산군 예산읍,경상사고,0,0,1,0,차대차 - 측면직각충돌,직진우회전진행방해,건조,맑음,교차로 - 교차로안,승용,남,49세,상해없음,승용,여,55세,경상
2016091900100499,2016년 9월 19일 20시,월요일,충청남도 천안시 동남구 성황동,경상사고,0,0,3,0,차대차 - 정면충돌,안전운전불이행,건조,맑음,교차로 - 교차로안,승용,남,23세,상해없음,승합,남,60세,상해없음
2016091900100519,2016년 9월 19일 21시,월요일,충청남도 논산시 성동면,중상사고,0,2,0,0,차대차 - 기타,안전운전불이행,건조,맑음,단일로 - 기타,승용,남,19세,상해없음,승용,남,32세,중상
2016091900100561,2016년 9월 19일 23시,월요일,충청남도 천안시 서북구 성정동,경상사고,0,0,1,0,차대차 - 기타,안전운전불이행,건조,맑음,단일로 - 기타,승용,남,22세,상해없음,승용,남,36세,경상
2016092000100016,2016년 9월 20일 01시,화요일,충청남도 천안시 서북구 성정동,중상사고,0,1,0,0,차대차 - 측면직각충돌,안전운전불이행,건조,맑음,교차로 - 교차로안,승용,여,51세,상해없음,원동기,남,63세,중상
2016092000100017,2016년 9월 20일 01시,화요일,충청남도 아산시 방축동,중상사고,0,1,0,0,차량단독 - 전도전복,안전운전불이행,건조,맑음,교차로 - 교차로부근,원동기,남,48세,중상,,,,
2016092000100030,2016년 9월 20일 03시,화요일,충청남도 천안시 서북구 불당동,중상사고,0,1,1,0,차대차 - 측면충돌,안전운전불이행,건조,맑음,교차로 - 교차로안,승용,남,50세,상해없음,승용,남,57세,경상
2016092000100061,2016년 9월 20일 06시,화요일,충청남도 금산군 금산읍,중상사고,0,1,0,0,차대차 - 측면직각충돌,직진우회전진행방해,건조,맑음,교차로 - 교차로안,이륜,남,58세,중상,화물,남,46세,상해없음
2016092000100091,2016년 9월 20일 07시,화요일,충청남도 아산시 온천동,중상사고,0,1,0,0,차대사람 - 횡단중,안전운전불이행,건조,맑음,단일로 - 기타,화물,남,49세,상해없음,보행자,여,50세,중상
2016092000100092,2016년 9월 20일 07시,화요일,충청남도 서천군 장항읍,중상사고,0,1,0,0,차대사람 - 기타,안전운전불이행,건조,맑음,단일로 - 기타,승용,남,66세,상해없음,보행자,여,77세,중상
2016092000100132,2016년 9월 20일 08시,화요일,충청남도 서산시 석림동,중상사고,0,1,0,0,차대차 - 측면직각충돌,직진우회전진행방해,건조,맑음,교차로 - 교차로안,승용,남,42세,상해없음,승용,여,52세,중상
2016092000100133,2016년 9월 20일 08시,화요일,충청남도 천안시 서북구 불당동,중상사고,0,1,0,0,차대차 - 기타,교차로운행방법위반,건조,맑음,교차로 - 교차로안,승용,여,49세,상해없음,승용,남,54세,중상
2016092000100134,2016년 9월 20일 08시,화요일,충청남도 아산시 배방읍,중상사고,0,1,0,0,차대차 - 측면직각충돌,안전운전불이행,건조,맑음,단일로 - 기타,화물,남,46세,상해없음,승용,남,52세,중상
2016092000100175,2016년 9월 20일 09시,화요일,충청남도 논산시 연무읍,중상사고,0,1,0,0,차대차 - 측면직각충돌,안전운전불이행,건조,맑음,교차로 - 교차로부근,이륜,남,60세,중상,승용,남,78세,상해없음
2016092000100219,2016년 9월 20일 10시,화요일,충청남도 논산시 광석면,중상사고,0,1,0,0,차대차 - 측면직각충돌,안전운전불이행,건조,맑음,교차로 - 교차로안,승용,여,61세,상해없음,이륜,남,64세,중상
2016092000100252,2016년 9월 20일 11시,화요일,충청남도 천안시 서북구 성성동,경상사고,0,0,1,0,차대차 - 정면충돌,안전운전불이행,건조,맑음,단일로 - 기타,승용,남,56세,상해없음,승용,남,47세,경상
2016092000100253,2016년 9월 20일 11시,화요일,충청남도 아산시 영인면,경상사고,0,0,1,0,차대차 - 측면충돌,교차로운행방법위반,건조,맑음,교차로 - 교차로안,원동기,남,74세,경상,승용,남,44세,상해없음
2016092000100273,2016년 9월 20일 12시,화요일,충청남도 공주시 산성동,경상사고,0,0,1,0,차량단독 - 전도전복,안전운전불이행,건조,맑음,기타 - 기타,이륜,남,75세,경상,,,,
2016092000100300,2016년 9월 20일 13시,화요일,충청남도 천안시 서북구 두정동,경상사고,0,0,2,0,차대차 - 측면직각충돌,안전운전불이행,건조,맑음,교차로 - 교차로부근,승용,여,30세,경상,승용,남,40세,경상
2016092000100334,2016년 9월 20일 14시,화요일,충청남도 아산시 배방읍,경상사고,0,0,2,0,차대차 - 추돌,안전운전불이행,건조,맑음,단일로 - 기타,승용,남,54세,상해없음,승용,남,32세,경상
2016092000100357,2016년 9월 20일 15시,화요일,충청남도 천안시 서북구 신당동,경상사고,0,0,1,0,차대차 - 추돌,안전운전불이행,건조,맑음,단일로 - 기타,화물,남,52세,상해없음,승용,남,29세,경상
2016092000100416,2016년 9월 20일 17시,화요일,충청남도 태안군 태안읍,경상사고,0,0,1,0,차대차 - 측면직각충돌,불법유턴,건조,맑음,교차로 - 교차로안,승합,남,61세,상해없음,원동기,남,42세,경상
2016092000100468,2016년 9월 20일 18시,화요일,충청남도 아산시 배방읍,경상사고,0,0,1,0,차대차 - 추돌,안전운전불이행,건조,맑음,교차로 - 교차로안,승용,남,55세,상해없음,자전거,남,5세,경상
2016092000100518,2016년 9월 20일 19시,화요일,충청남도 공주시 우성면,부상신고사고,0,0,0,1,차대차 - 측면직각충돌,중앙선침범,건조,맑음,단일로 - 기타,이륜,남,76세,부상신고,승용,여,27세,상해없음
2016092000100520,2016년 9월 20일 19시,화요일,충청남도 부여군 부여읍,사망사고,1,0,0,0,차대사람 - 횡단중,안전운전불이행,건조,맑음,교차로 - 교차로안,승용,남,29세,상해없음,보행자,여,78세,사망
2016092000100613,2016년 9월 20일 22시,화요일,충청남도 논산시 반월동,중상사고,0,1,0,0,차대차 - 측면직각충돌,기타,건조,맑음,단일로 - 기타,승용,여,45세,상해없음,원동기,남,37세,중상
2016092000100635,2016년 9월 20일 23시,화요일,충청남도 천안시 서북구 직산읍,경상사고,0,0,1,0,차대차 - 추돌,안전운전불이행,건조,맑음,교차로 - 교차로안,승용,남,33세,상해없음,승용,여,32세,경상
2016092000100636,2016년 9월 20일 23시,화요일,충청남도 아산시 온천동,경상사고,0,0,1,0,차대사람 - 기타,안전운전불이행,건조,맑음,단일로 - 기타,승용,남,44세,상해없음,보행자,남,55세,경상
2016092000100637,2016년 9월 20일 23시,화요일,충청남도 당진시 읍내리,경상사고,0,0,1,0,차대사람 - 기타,안전운전불이행,건조,맑음,단일로 - 기타,승용,여,48세,상해없음,보행자,남,26세,경상
2016092100100011,2016년 9월 21일 00시,수요일,충청남도 홍성군 금마면,중상사고,0,1,0,0,차대차 - 추돌,안전운전불이행,건조,맑음,단일로 - 기타,승용,여,45세,상해없음,농기계,남,57세,중상
2016092100100043,2016년 9월 21일 04시,수요일,충청남도 보령시 신흑동,경상사고,0,0,2,0,차대차 - 추돌,안전운전불이행,건조,맑음,교차로 - 교차로부근,승용,남,42세,상해없음,화물,남,58세,경상
2016092100100061,2016년 9월 21일 06시,수요일,충청남도 당진시 송악읍,중상사고,0,1,0,0,차대차 - 측면충돌,안전운전불이행,건조,맑음,단일로 - 기타,승용,남,34세,상해없음,자전거,남,62세,중상
2016092100100083,2016년 9월 21일 07시,수요일,충청남도 천안시 동남구 동면,중상사고,0,1,0,0,차대차 - 측면직각충돌,안전운전불이행,건조,맑음,단일로 - 기타,승용,여,25세,상해없음,원동기,여,43세,중상
2016092100100117,2016년 9월 21일 08시,수요일,충청남도 논산시 강경읍,중상사고,0,1,0,0,차대차 - 측면직각충돌,중앙선침범,건조,맑음,교차로 - 교차로안,이륜,남,85세,중상,승용,여,32세,상해없음
2016092100100148,2016년 9월 21일 09시,수요일,충청남도 태안군 원북면,중상사고,0,1,0,0,차대차 - 정면충돌,중앙선침범,건조,맑음,교차로 - 교차로안,화물,남,54세,상해없음,이륜,남,59세,중상
2016092100100149,2016년 9월 21일 09시,수요일,충청남도 당진시 석문면,경상사고,0,0,1,0,차대차 - 추돌,안전운전불이행,건조,맑음,교차로 - 교차로안,화물,남,49세,상해없음,승용,남,48세,경상
2016092100100174,2016년 9월 21일 10시,수요일,충청남도 논산시 성동면,중상사고,0,1,1,0,차대차 - 측면충돌,직진우회전진행방해,건조,맑음,교차로 - 교차로안,이륜,남,83세,경상,이륜,남,52세,중상
2016092100100175,2016년 9월 21일 10시,수요일,충청남도 천안시 동남구 봉명동,중상사고,0,1,0,0,차대차 - 정면충돌,중앙선침범,건조,맑음,단일로 - 기타,승용,남,77세,상해없음,승용,여,45세,중상
2016092100100191,2016년 9월 21일 11시,수요일,충청남도 서천군 마서면,중상사고,0,4,1,0,차대차 - 측면직각충돌,안전운전불이행,건조,맑음,단일로 - 기타,승용,남,74세,중상,승용,남,64세,경상
2016092100100243,2016년 9월 21일 13시,수요일,충청남도 논산시 연산면,중상사고,0,2,1,0,차대차 - 기타,차로위반,건조,맑음,단일로 - 기타,승용,여,36세,상해없음,승용,여,66세,중상
2016092100100272,2016년 9월 21일 14시,수요일,충청남도 태안군 안면읍,사망사고,1,0,0,0,차대사람 - 횡단중,안전운전불이행,건조,맑음,교차로 - 교차로안,승합,남,59세,상해없음,보행자,남,30세,사망
2016092100100273,2016년 9월 21일 14시,수요일,충청남도 천안시 서북구 성거읍,경상사고,0,0,1,0,차대차 - 기타,안전운전불이행,건조,맑음,교차로 - 교차로부근,승용,남,28세,상해없음,승용,여,54세,경상
2016092100100274,2016년 9월 21일 14시,수요일,충청남도 천안시 동남구 안서동,경상사고,0,0,1,0,차대차 - 추돌,안전운전불이행,건조,맑음,단일로 - 기타,승용,남,78세,상해없음,승용,남,28세,경상
2016092100100307,2016년 9월 21일 15시,수요일,충청남도 서천군 서천읍,경상사고,0,0,1,0,차대차 - 측면충돌,안전운전불이행,건조,맑음,단일로 - 기타,승합,여,33세,상해없음,승용,남,44세,경상
2016092100100308,2016년 9월 21일 15시,수요일,충청남도 공주시 신관동,경상사고,0,0,1,0,차대차 - 측면직각충돌,안전운전불이행,건조,맑음,교차로 - 교차로안,승용,여,25세,기타불명,승용,여,48세,경상
2016092100100309,2016년 9월 21일 15시,수요일,충청남도 천안시 동남구 영성동,경상사고,0,0,1,0,차대사람 - 기타,안전운전불이행,건조,맑음,단일로 - 기타,승용,남,62세,상해없음,보행자,여,44세,경상
2016092100100335,2016년 9월 21일 16시,수요일,충청남도 천안시 서북구 성정동,경상사고,0,0,1,0,차대차 - 기타,안전거리미확보,건조,맑음,단일로 - 기타,건설기계,남,25세,기타불명,승용,여,47세,경상
2016092100100363,2016년 9월 21일 17시,수요일,충청남도 서산시 예천동,경상사고,0,0,1,0,차대차 - 측면충돌,안전운전불이행,건조,맑음,교차로 - 교차로안,화물,남,51세,상해없음,승용,여,41세,경상
2016092100100437,2016년 9월 21일 19시,수요일,충청남도 서산시 예천동,경상사고,0,0,1,0,차대차 - 추돌,안전운전불이행,건조,맑음,교차로 - 교차로부근,승용,여,34세,상해없음,승용,남,55세,상해없음
2016092100100438,2016년 9월 21일 19시,수요일,충청남도 천안시 동남구 성남면,중상사고,0,1,0,0,차대사람 - 횡단중,안전운전불이행,건조,맑음,단일로 - 기타,승용,남,50세,상해없음,보행자,남,83세,중상
2016092100100473,2016년 9월 21일 20시,수요일,충청남도 당진시 송악읍,사망사고,1,0,0,0,차대사람 - 횡단중,과속,건조,맑음,단일로 - 기타,승합,여,58세,상해없음,보행자,여,73세,사망
2016092100100499,2016년 9월 21일 21시,수요일,충청남도 공주시 신관동,경상사고,0,0,1,0,차대차 - 측면직각충돌,안전운전불이행,건조,맑음,교차로 - 교차로안,승합,남,44세,상해없음,자전거,남,14세,경상
2016092100100501,2016년 9월 21일 21시,수요일,충청남도 천안시 동남구 신부동,부상신고사고,0,0,0,1,차대사람 - 횡단중,안전운전불이행,건조,맑음,단일로 - 기타,기타불명,기타불명,기타불명,기타불명,보행자,남,59세,부상신고
2016092200100006,2016년 9월 22일 00시,목요일,충청남도 천안시 서북구 불당동,경상사고,0,0,1,0,차대차 - 추돌,안전운전불이행,건조,맑음,교차로 - 교차로안,화물,남,27세,상해없음,승용,남,64세,상해없음
2016092200100018,2016년 9월 22일 01시,목요일,충청남도 태안군 소원면,사망사고,2,0,0,0,차대차 - 정면충돌,중앙선침범,건조,맑음,기타 - 기타,승용,남,68세,사망,승용,남,79세,사망