사고번호,사고일시,요일,시군구,사고내용,사망자수,중상자수,경상자수,부상신고자수,사고유형,법규위반,노면상태,기상상태,도로형태,가해운전자 차종,가해운전자 성별,가해운전자 연령,가해운전자 상해정도,피해운전자 차종,피해운전자 성별,피해운전자 연령,피해운전자 상해정도
2016092200100065,2016년 9월 22일 07시,목요일,충청남도 서산시 동문동,경상사고,0,0,3,0,차대차 - 기타,안전거리미확보,건조,맑음,교차로 - 교차로부근,승용,남,57세,상해없음,승용,여,49세,경상
2016092200100066,2016년 9월 22일 07시,목요일,충청남도 홍성군 갈산면,경상사고,0,0,1,0,차대차 - 측면충돌,신호위반,건조,맑음,교차로 - 교차로안,특수,남,47세,상해없음,승용,남,28세,경상
2016092200100104,2016년 9월 22일 08시,목요일,충청남도 당진시 행정리,중상사고,0,1,0,0,차대사람 - 기타,안전운전불이행,건조,맑음,단일로 - 기타,승용,여,47세,상해없음,보행자,여,78세,중상
2016092200100140,2016년 9월 22일 09시,목요일,충청남도 논산시 연무읍,중상사고,0,1,0,0,차대사람 - 기타,안전운전불이행,건조,맑음,단일로 - 횡단보도상,승용,여,51세,상해없음,보행자,남,62세,중상
2016092200100164,2016년 9월 22일 10시,목요일,충청남도 서천군 비인면,중상사고,0,1,0,0,차량단독 - 기타,안전운전불이행,건조,맑음,교차로 - 교차로안,승합,남,45세,상해없음,,,,
2016092200100217,2016년 9월 22일 12시,목요일,충청남도 홍성군 홍성읍,경상사고,0,0,1,0,차대차 - 측면직각충돌,안전운전불이행,건조,맑음,단일로 - 기타,자전거,남,60세,경상,승용,남,57세,상해없음
2016092200100218,2016년 9월 22일 12시,목요일,충청남도 서천군 문산면,경상사고,0,0,1,0,차대차 - 측면충돌,중앙선침범,건조,맑음,교차로 - 교차로부근,이륜,남,50세,상해없음,승용,남,59세,경상
2016092200100219,2016년 9월 22일 12시,목요일,충청남도 공주시 유구읍,중상사고,0,1,1,0,차대차 - 측면충돌,교차로운행방법위반,건조,맑음,교차로 - 교차로안,승용,남,48세,상해없음,화물,남,68세,경상
2016092200100236,2016년 9월 22일 13시,목요일,충청남도 천안시 동남구 안서동,부상신고사고,0,0,0,1,차대사람 - 횡단중,보행자보호의무위반,건조,맑음,교차로 - 교차로부근,기타불명,기타불명,기타불명,기타불명,보행자,여,26세,부상신고
2016092200100313,2016년 9월 22일 16시,목요일,충청남도 천안시 동남구 문화동,부상신고사고,0,0,0,1,차대차 - 측면충돌,직진우회전진행방해,건조,맑음,교차로 - 교차로안,이륜,남,18세,상해없음,승용,남,60세,상해없음
2016092200100314,2016년 9월 22일 16시,목요일,충청남도 천안시 동남구 원성동,경상사고,0,0,1,2,차대차 - 측면충돌,안전거리미확보,건조,맑음,교차로 - 교차로안,승용,남,76세,상해없음,화물,여,36세,경상
2016092200100348,2016년 9월 22일 17시,목요일,충청남도 천안시 서북구 성성동,경상사고,0,0,3,0,차대차 - 측면직각충돌,안전운전불이행,건조,맑음,단일로 - 기타,화물,남,38세,상해없음,승용,남,55세,경상
2016092200100349,2016년 9월 22일 17시,목요일,충청남도 아산시 둔포면,경상사고,0,0,2,0,차대차 - 추돌,안전운전불이행,건조,맑음,기타 - 기타,승용,남,42세,기타불명,승용,남,46세,경상
2016092200100386,2016년 9월 22일 18시,목요일,충청남도 아산시 음봉면,중상사고,0,1,0,0,차대차 - 기타,안전운전불이행,건조,맑음,단일로 - 기타,자전거,남,43세,중상,승용,남,41세,상해없음
2016092200100421,2016년 9월 22일 19시,목요일,충청남도 천안시 서북구 직산읍,중상사고,0,1,0,0,차대차 - 측면충돌,안전운전불이행,건조,맑음,교차로 - 교차로부근,승용,남,59세,상해없음,원동기,남,36세,중상
2016092200100422,2016년 9월 22일 19시,목요일,충청남도 아산시 둔포면,경상사고,0,0,3,0,차대차 - 측면직각충돌,안전운전불이행,건조,맑음,교차로 - 교차로안,승용,남,32세,기타불명,승용,남,40세,경상
2016092200100423,2016년 9월 22일 19시,목요일,충청남도 당진시 읍내리,경상사고,0,0,1,0,차대차 - 측면충돌,교차로운행방법위반,건조,맑음,교차로 - 교차로안,승용,남,43세,상해없음,이륜,남,50세,경상
2016092200100424,2016년 9월 22일 19시,목요일,충청남도 당진시 읍내리,중상사고,0,1,0,0,차대차 - 측면충돌,신호위반,건조,맑음,교차로 - 교차로안,승용,남,48세,상해없음,승용,여,47세,중상
2016092200100425,2016년 9월 22일 19시,목요일,충청남도 천안시 동남구 북면,경상사고,0,0,3,0,차대차 - 측면충돌,직진우회전진행방해,건조,맑음,교차로 - 교차로안,승용,여,55세,경상,승용,남,24세,경상
2016092200100464,2016년 9월 22일 20시,목요일,충청남도 아산시 탕정면,중상사고,0,1,0,0,차대차 - 기타,안전운전불이행,건조,맑음,단일로 - 기타,화물,남,37세,상해없음,자전거,남,24세,중상
2016092200100540,2016년 9월 22일 23시,목요일,충청남도 천안시 서북구 두정동,중상사고,0,1,0,0,차대차 - 추돌,안전운전불이행,건조,맑음,교차로 - 교차로부근,승용,남,31세,상해없음,승용,남,32세,중상
2016092200100541,2016년 9월 22일 23시,목요일,충청남도 논산시 내동,중상사고,0,2,1,0,차대차 - 측면충돌,안전거리미확보,건조,맑음,단일로 - 기타,승용,남,21세,상해없음,승용,남,44세,중상
2016092300100018,2016년 9월 23일 00시,금요일,충청남도 아산시 음봉면,경상사고,0,0,1,0,차대차 - 기타,교차로운행방법위반,건조,맑음,교차로 - 교차로안,승용,남,27세,상해없음,승용,남,45세,경상
2016092300100079,2016년 9월 23일 05시,금요일,충청남도 공주시 반죽동,중상사고,0,1,0,0,차대차 - 추돌,안전운전불이행,건조,맑음,단일로 - 기타,승용,남,25세,기타불명,승용,여,47세,중상
2016092300100087,2016년 9월 23일 06시,금요일,충청남도 천안시 서북구 쌍용동,경상사고,0,0,1,0,차대차 - 측면충돌,신호위반,건조,맑음,교차로 - 교차로안,승용,남,48세,상해없음,승합,남,38세,경상
2016092300100181,2016년 9월 23일 09시,금요일,충청남도 천안시 서북구 성정동,경상사고,0,0,1,0,차대차 - 추돌,안전운전불이행,건조,맑음,단일로 - 기타,승용,남,33세,상해없음,승용,남,62세,경상
2016092300100182,2016년 9월 23일 09시,금요일,충청남도 보령시 화산동,중상사고,0,1,0,0,차량단독 - 기타,안전운전불이행,건조,맑음,단일로 - 기타,승용,여,60세,상해없음,,,,
2016092300100219,2016년 9월 23일 10시,금요일,충청남도 아산시 배방읍,경상사고,0,0,1,0,차대차 - 기타,안전운전불이행,건조,맑음,단일로 - 기타,화물,남,49세,상해없음,승용,남,27세,경상
2016092300100245,2016년 9월 23일 11시,금요일,충청남도 아산시 온천동,중상사고,0,1,0,0,차대사람 - 횡단중,안전운전불이행,건조,맑음,교차로 - 교차로안,승용,남,50세,상해없음,보행자,남,61세,중상
2016092300100246,2016년 9월 23일 11시,금요일,충청남도 예산군 오가면,경상사고,0,0,1,0,차대차 - 추돌,안전운전불이행,건조,맑음,단일로 - 기타,승용,남,55세,상해없음,승용,남,51세,경상
2016092300100285,2016년 9월 23일 12시,금요일,충청남도 예산군 오가면,경상사고,0,0,3,0,차대차 - 추돌,교차로운행방법위반,건조,맑음,교차로 - 교차로안,승용,남,57세,상해없음,화물,남,57세,경상
2016092300100286,2016년 9월 23일 12시,금요일,충청남도 당진시 신평면,경상사고,0,0,4,0,차대차 - 측면충돌,안전운전불이행,건조,맑음,단일로 - 기타,승용,남,34세,경상,화물,남,64세,상해없음
2016092300100370,2016년 9월 23일 15시,금요일,충청남도 서천군 비인면,경상사고,0,0,3,1,차대차 - 측면직각충돌,직진우회전진행방해,건조,맑음,교차로 - 교차로안,화물,남,56세,부상신고,승용,남,63세,경상
2016092300100371,2016년 9월 23일 15시,금요일,충청남도 청양군 남양면,경상사고,0,0,2,0,차대차 - 추돌,안전운전불이행,건조,맑음,교차로 - 교차로부근,화물,남,60세,상해없음,승용,남,28세,상해없음
2016092300100402,2016년 9월 23일 16시,금요일,충청남도 부여군 외산면,경상사고,0,0,3,0,차대차 - 추돌,안전운전불이행,건조,맑음,단일로 - 기타,화물,남,64세,상해없음,화물,남,24세,상해없음
2016092300100442,2016년 9월 23일 17시,금요일,충청남도 아산시 신창면,중상사고,0,2,0,0,차대차 - 추돌,안전운전불이행,건조,맑음,단일로 - 기타,화물,남,42세,상해없음,화물,남,51세,중상
2016092300100443,2016년 9월 23일 17시,금요일,충청남도 당진시 읍내리,중상사고,0,1,0,0,차대사람 - 길가장자리구역통행중,교차로운행방법위반,건조,맑음,단일로 - 기타,승용,여,75세,상해없음,보행자,남,64세,중상
2016092300100480,2016년 9월 23일 18시,금요일,충청남도 당진시 읍내리,경상사고,0,0,1,0,차대사람 - 길가장자리구역통행중,안전운전불이행,건조,맑음,단일로 - 기타,승용,여,29세,상해없음,보행자,여,36세,경상
2016092300100531,2016년 9월 23일 19시,금요일,충청남도 아산시 배방읍,경상사고,0,0,1,0,차대차 - 기타,안전운전불이행,건조,맑음,단일로 - 기타,이륜,남,33세,경상,승용,여,37세,상해없음
2016092300100532,2016년 9월 23일 19시,금요일,충청남도 아산시 배방읍,경상사고,0,0,1,0,차대차 - 추돌,안전운전불이행,건조,맑음,단일로 - 기타,승용,남,63세,상해없음,화물,남,61세,경상
2016092300100562,2016년 9월 23일 20시,금요일,충청남도 당진시 읍내리,중상사고,0,1,0,0,차대차 - 측면충돌,교차로운행방법위반,건조,맑음,교차로 - 교차로안,승용,여,36세,상해없음,자전거,여,33세,중상
2016092300100563,2016년 9월 23일 20시,금요일,충청남도 당진시 송악읍,경상사고,0,0,1,0,차대차 - 추돌,안전운전불이행,건조,맑음,단일로 - 기타,승용,남,37세,상해없음,승용,남,51세,경상
2016092400100030,2016년 9월 24일 01시,토요일,충청남도 태안군 태안읍,중상사고,0,1,0,0,차량단독 - 도로외이탈 - 추락,안전운전불이행,건조,맑음,교차로 - 교차로부근,승용,남,24세,상해없음,,,,
2016092400100080,2016년 9월 24일 06시,토요일,충청남도 예산군 오가면,경상사고,0,0,1,0,차대차 - 정면충돌,중앙선침범,건조,맑음,단일로 - 기타,승용,남,23세,상해없음,화물,남,53세,경상
2016092400100117,2016년 9월 24일 08시,토요일,충청남도 천안시 동남구 목천읍,경상사고,0,0,1,0,차대차 - 측면직각충돌,안전운전불이행,건조,맑음,단일로 - 기타,승용,남,66세,기타불명,특수,남,60세,경상
2016092400100177,2016년 9월 24일 10시,토요일,충청남도 서산시 음암면,경상사고,0,0,1,0,차대차 - 측면직각충돌,교차로운행방법위반,건조,맑음,교차로 - 교차로안,승용,여,61세,경상,건설기계,남,51세,상해없음
2016092400100211,2016년 9월 24일 11시,토요일,충청남도 태안군 안면읍,중상사고,0,2,2,0,차대차 - 측면직각충돌,안전운전불이행,건조,맑음,교차로 - 교차로부근,승용,남,31세,중상,건설기계,남,39세,경상
2016092400100282,2016년 9월 24일 13시,토요일,충청남도 홍성군 갈산면,중상사고,0,2,0,0,차대차 - 추돌,안전운전불이행,건조,맑음,단일로 - 기타,화물,남,42세,상해없음,자전거,남,30세,중상
2016092400100361,2016년 9월 24일 15시,토요일,충청남도 서산시 석림동,경상사고,0,0,1,0,차대차 - 측면직각충돌,직진우회전진행방해,건조,맑음,교차로 - 교차로안,원동기,남,17세,경상,승용,여,43세,상해없음
2016092400100362,2016년 9월 24일 15시,토요일,충청남도 태안군 안면읍,경상사고,0,0,1,0,차대차 - 측면직각충돌,중앙선침범,건조,맑음,교차로 - 교차로부근,원동기,남,72세,경상,승용,남,49세,상해없음
2016092400100363,2016년 9월 24일 15시,토요일,충청남도 천안시 서북구 성거읍,중상사고,0,1,3,0,차대차 - 추돌,안전운전불이행,건조,맑음,교차로 - 교차로부근,승용,남,55세,상해없음,승용,남,44세,경상
2016092400100364,2016년 9월 24일 15시,토요일,충청남도 홍성군 갈산면,중상사고,0,2,3,0,차대차 - 정면충돌,안전운전불이행,건조,맑음,단일로 - 기타,승용,남,72세,상해없음,승용,여,42세,중상
2016092400100400,2016년 9월 24일 16시,토요일,충청남도 서산시 부석면,중상사고,0,1,0,0,차대차 - 측면직각충돌,안전거리미확보,건조,맑음,단일로 - 기타,승용,남,36세,상해없음,승용,남,60세,상해없음
2016092400100401,2016년 9월 24일 16시,토요일,충청남도 홍성군 홍성읍,경상사고,0,0,1,0,차대사람 - 차도통행중,안전운전불이행,건조,맑음,단일로 - 기타,승용,남,65세,상해없음,보행자,여,60세,경상
2016092400100444,2016년 9월 24일 17시,토요일,충청남도 아산시 음봉면,중상사고,0,1,0,0,차대차 - 측면충돌,안전운전불이행,건조,맑음,교차로 - 교차로안,승용,남,64세,기타불명,농기계,남,71세,중상
2016092400100485,2016년 9월 24일 18시,토요일,충청남도 보령시 청소면,경상사고,0,0,2,0,차대차 - 정면충돌,신호위반,건조,맑음,교차로 - 교차로안,승용,남,25세,상해없음,화물,남,58세,경상
2016092400100528,2016년 9월 24일 19시,토요일,충청남도 태안군 소원면,중상사고,0,1,0,0,차대차 - 추돌,안전운전불이행,건조,맑음,단일로 - 기타,화물,남,59세,상해없음,농기계,남,62세,중상
2016092400100529,2016년 9월 24일 19시,토요일,충청남도 아산시 음봉면,중상사고,0,1,0,0,차대차 - 기타,신호위반,건조,맑음,교차로 - 교차로안,화물,남,59세,상해없음,원동기,남,32세,중상
2016092400100567,2016년 9월 24일 20시,토요일,충청남도 서산시 동문동,경상사고,0,0,3,0,차대차 - 추돌,안전운전불이행,건조,맑음,교차로 - 교차로부근,승용,남,39세,상해없음,승용,여,27세,경상
2016092400100568,2016년 9월 24일 20시,토요일,충청남도 천안시 서북구 성환읍,경상사고,0,0,2,0,차대차 - 기타,안전거리미확보,건조,맑음,단일로 - 기타,승용,여,26세,상해없음,승용,남,51세,경상
2016092400100626,2016년 9월 24일 22시,토요일,충청남도 천안시 서북구 백석동,경상사고,0,0,1,0,차대차 - 추돌,안전운전불이행,건조,맑음,교차로 - 교차로부근,승용,남,24세,상해없음,승용,남,47세,경상
2016092400100654,2016년 9월 24일 23시,토요일,충청남도 논산시 연산면,중상사고,0,1,0,0,차대사람 - 보도통행중,과속,건조,맑음,단일로 - 기타,승용,남,48세,상해없음,보행자,남,58세,중상
2016092500100012,2016년 9월 25일 00시,일요일,충청남도 천안시 서북구 신당동,경상사고,0,0,2,0,차대차 - 측면직각충돌,신호위반,건조,맑음,단일로 - 기타,승용,남,18세,상해없음,승용,남,46세,경상
2016092500100036,2016년 9월 25일 02시,일요일,충청남도 공주시 금학동,사망사고,1,1,0,0,차대차 - 기타,과속,건조,흐림,단일로 - 기타,승용,남,31세,중상,화물,남,40세,사망
2016092500100049,2016년 9월 25일 03시,일요일,충청남도 천안시 동남구 봉명동,경상사고,0,0,1,0,차대차 - 측면직각충돌,안전거리미확보,건조,맑음,단일로 - 기타,승용,남,37세,상해없음,이륜,여,48세,경상
2016092500100121,2016년 9월 25일 09시,일요일,충청남도 논산시 은진면,경상사고,0,0,1,0,차대차 - 측면직각충돌,교차로운행방법위반,건조,흐림,교차로 - 교차로안,원동기,남,84세,경상,승용,남,38세,상해없음
2016092500100142,2016년 9월 25일 10시,일요일,충청남도 당진시 채운동,경상사고,0,0,1,0,차대차 - 측면직각충돌,교차로운행방법위반,건조,맑음,교차로 - 교차로안,승용,여,44세,상해없음,이륜,남,72세,경상
2016092500100165,2016년 9월 25일 11시,일요일,충청남도 보령시 대천동,중상사고,0,1,0,0,차대차 - 측면직각충돌,직진우회전진행방해,건조,맑음,교차로 - 교차로안,승합,남,48세,상해없음,이륜,남,54세,중상
2016092500100222,2016년 9월 25일 13시,일요일,충청남도 공주시 웅진동,중상사고,0,1,0,0,차대차 - 측면직각충돌,안전운전불이행,건조,맑음,교차로 - 교차로안,승합,남,64세,상해없음,이륜,남,79세,중상
2016092500100254,2016년 9월 25일 14시,일요일,충청남도 태안군 근흥면,경상사고,0,0,3,0,차대차 - 정면충돌,중앙선침범,건조,맑음,단일로 - 기타,승용,여,47세,상해없음,승용,남,36세,경상
2016092500100295,2016년 9월 25일 15시,일요일,충청남도 아산시 도고면,경상사고,0,0,4,0,차대차 - 추돌,안전운전불이행,건조,맑음,단일로 - 기타,화물,남,40세,상해없음,승용,남,35세,경상
2016092500100296,2016년 9월 25일 15시,일요일,충청남도 천안시 동남구 쌍용동,중상사고,0,1,0,0,차대차 - 측면충돌,신호위반,건조,맑음,교차로 - 교차로안,이륜,남,18세,상해없음,승용,남,39세,상해없음
2016092500100353,2016년 9월 25일 17시,일요일,충청남도 태안군 안면읍,중상사고,0,1,0,0,차대차 - 측면충돌,안전거리미확보,건조,맑음,단일로 - 기타,화물,남,63세,상해없음,승용,남,54세,상해없음
2016092500100385,2016년 9월 25일 18시,일요일,충청남도 금산군 추부면,중상사고,0,1,0,0,차대차 - 측면충돌,안전운전불이행,건조,맑음,교차로 - 교차로안,승용,남,29세,상해없음,농기계,남,56세,중상
2016092500100386,2016년 9월 25일 18시,일요일,충청남도 천안시 동남구 원성동,부상신고사고,0,0,0,1,차대차 - 기타,안전운전불이행,건조,맑음,교차로 - 교차로부근,기타불명,기타불명,기타불명,기타불명,이륜,남,16세,부상신고
2016092500100483,2016년 9월 25일 21시,일요일,충청남도 서산시 동문동,경상사고,0,0,2,0,차대차 - 측면충돌,안전운전불이행,건조,맑음,교차로 - 교차로안,기타불명,기타불명,기타불명,기타불명,승용,여,46세,경상
2016092500100484,2016년 9월 25일 21시,일요일,충청남도 서산시 예천동,중상사고,0,1,0,0,차대사람 - 기타,기타,건조,맑음,단일로 - 기타,승합,남,56세,상해없음,보행자,여,83세,중상
2016092500100486,2016년 9월 25일 21시,일요일,충청남도 금산군 금산읍,중상사고,0,1,0,0,차대차 - 측면충돌,안전운전불이행,건조,맑음,단일로 - 기타,승용,남,61세,상해없음,승합,남,59세,상해없음
2016092500100522,2016년 9월 25일 23시,일요일,충청남도 당진시 송악읍,경상사고,0,0,1,0,차대사람 - 기타,안전운전불이행,건조,맑음,단일로 - 기타,승용,남,49세,상해없음,보행자,남,35세,경상
2016092600100045,2016년 9월 26일 06시,월요일,충청남도 당진시 합덕읍,중상사고,0,1,0,0,차대사람 - 보도통행중,안전운전불이행,건조,맑음,교차로 - 교차로안,승용,여,49세,상해없음,보행자,여,89세,중상
2016092600100063,2016년 9월 26일 07시,월요일,충청남도 천안시 서북구 두정동,경상사고,0,0,1,0,차대차 - 기타,안전운전불이행,건조,맑음,단일로 - 기타,승용,남,26세,상해없음,승용,여,48세,기타불명
2016092600100104,2016년 9월 26일 08시,월요일,충청남도 서천군 서천읍,중상사고,0,1,0,0,차대차 - 추돌,안전운전불이행,건조,맑음,단일로 - 기타,화물,남,70세,상해없음,원동기,남,86세,중상
2016092600100105,2016년 9월 26일 08시,월요일,충청남도 공주시 옥룡동,경상사고,0,0,1,0,차대차 - 측면직각충돌,직진우회전진행방해,건조,맑음,교차로 - 교차로안,승용,여,41세,상해없음,승용,여,55세,경상
2016092600100141,2016년 9월 26일 09시,월요일,충청남도 서산시 읍내동,중상사고,0,1,0,0,차대차 - 측면직각충돌,신호위반,건조,맑음,교차로 - 교차로안,승용,남,51세,상해없음,이륜,남,54세,중상
2016092600100142,2016년 9월 26일 09시,월요일,충청남도 홍성군 구항면,경상사고,0,0,1,0,차대차 - 추돌,안전운전불이행,건조,맑음,단일로 - 기타,승용,남,73세,기타불명,승용,여,42세,경상
2016092600100143,2016년 9월 26일 09시,월요일,충청남도 금산군 금산읍,경상사고,0,0,1,0,차대차 - 측면직각충돌,안전운전불이행,건조,맑음,단일로 - 기타,이륜,남,77세,경상,건설기계,남,56세,상해없음
2016092600100178,2016년 9월 26일 10시,월요일,충청남도 천안시 서북구 백석동,경상사고,0,0,1,0,차대차 - 측면직각충돌,안전운전불이행,건조,맑음,교차로 - 교차로안,화물,여,48세,상해없음,자전거,여,31세,경상
2016092600100179,2016년 9월 26일 10시,월요일,충청남도 부여군 내산면,경상사고,0,0,2,0,차대차 - 기타,중앙선침범,건조,맑음,단일로 - 기타,승용,남,68세,상해없음,승용,남,67세,경상
2016092600100234,2016년 9월 26일 12시,월요일,충청남도 천안시 서북구 두정동,경상사고,0,0,1,0,차대차 - 측면직각충돌,안전운전불이행,건조,맑음,단일로 - 기타,승용,남,43세,상해없음,원동기,남,23세,경상
2016092600100235,2016년 9월 26일 12시,월요일,충청남도 서천군 한산면,중상사고,0,1,0,0,차대차 - 측면직각충돌,직진우회전진행방해,건조,맑음,교차로 - 교차로안,승용,남,57세,상해없음,이륜,남,69세,중상
2016092600100264,2016년 9월 26일 13시,월요일,충청남도 태안군 소원면,중상사고,0,1,1,1,차대차 - 측면직각충돌,기타,건조,맑음,교차로 - 교차로안,승용,남,70세,경상,승용,남,67세,중상
2016092600100265,2016년 9월 26일 13시,월요일,충청남도 부여군 규암면,사망사고,1,1,0,0,차대차 - 추돌,안전운전불이행,건조,맑음,단일로 - 기타,화물,남,58세,중상,농기계,여,59세,사망
2016092600100266,2016년 9월 26일 13시,월요일,충청남도 부여군 석성면,사망사고,1,0,0,0,차대차 - 추돌,안전운전불이행,건조,맑음,단일로 - 기타,화물,남,60세,상해없음,화물,남,66세,사망
2016092600100344,2016년 9월 26일 15시,월요일,충청남도 천안시 서북구 성성동,경상사고,0,0,2,0,차대차 - 측면직각충돌,안전운전불이행,건조,맑음,단일로 - 기타,승용,여,48세,경상,승용,남,30세,경상
2016092600100345,2016년 9월 26일 15시,월요일,충청남도 공주시 옥룡동,중상사고,0,1,0,0,차대차 - 측면직각충돌,안전운전불이행,건조,맑음,단일로 - 기타,이륜,남,80세,중상,승용,남,56세,상해없음
2016092600100392,2016년 9월 26일 16시,월요일,충청남도 아산시 권곡동,경상사고,0,0,1,0,차대차 - 측면충돌,안전운전불이행,건조,맑음,기타 - 기타,이륜,남,45세,기타불명,자전거,남,8세,경상
2016092600100428,2016년 9월 26일 17시,월요일,충청남도 부여군 구룡면,사망사고,1,4,1,0,차대차 - 추돌,안전운전불이행,건조,맑음,단일로 - 기타,화물,남,32세,중상,승합,남,59세,중상
2016092600100470,2016년 9월 26일 18시,월요일,충청남도 서산시 석남동,중상사고,0,1,0,0,차대사람 - 횡단중,보행자보호의무위반,건조,맑음,교차로 - 교차로안,승용,남,52세,상해없음,보행자,남,57세,중상
2016092600100471,2016년 9월 26일 18시,월요일,충청남도 당진시 합덕읍,중상사고,0,1,0,0,차대사람 - 기타,안전운전불이행,건조,맑음,단일로 - 기타,승합,남,44세,상해없음,보행자,여,78세,중상
2016092600100518,2016년 9월 26일 19시,월요일,충청남도 아산시 온천동,경상사고,0,0,1,0,차대사람 - 횡단중,안전운전불이행,건조,맑음,단일로 - 기타,자전거,남,21세,상해없음,보행자,여,21세,경상
2016092600100519,2016년 9월 26일 19시,월요일,충청남도 보령시 궁촌동,경상사고,0,0,1,0,차대사람 - 기타,안전운전불이행,건조,맑음,교차로 - 교차로안,승용,남,41세,상해없음,보행자,여,77세,경상
2016092600100562,2016년 9월 26일 20시,월요일,충청남도 천안시 동남구 쌍용동,경상사고,0,0,1,0,차대차 - 측면직각충돌,안전운전불이행,건조,맑음,단일로 - 기타,원동기,남,44세,경상,승용,여,50세,상해없음
2016092600100597,2016년 9월 26일 21시,월요일,충청남도 당진시 송악읍,경상사고,0,0,1,0,차대차 - 측면충돌,안전운전불이행,건조,맑음,단일로 - 기타,승용,남,47세,상해없음,승용,남,50세,경상
2016092600100627,2016년 9월 26일 22시,월요일,충청남도 홍성군 홍성읍,사망사고,1,0,0,0,차대사람 - 횡단중,보행자보호의무위반,건조,맑음,단일로 - 기타,승용,남,26세,상해없음,보행자,남,24세,사망
2016092600100661,2016년 9월 26일 23시,월요일,충청남도 천안시 서북구 불당동,중상사고,0,1,0,0,차대차 - 정면충돌,신호위반,건조,맑음,교차로 - 교차로안,승용,남,36세,상해없음,원동기,남,35세,중상
2016092700100048,2016년 9월 27일 05시,화요일,충청남도 보령시 오천면,경상사고,0,0,1,0,차대사람 - 길가장자리구역통행중,안전운전불이행,습기,비,단일로 - 기타,승용,남,48세,상해없음,보행자,남,53세,경상
2016092700100116,2016년 9월 27일 08시,화요일,충청남도 천안시 서북구 성정동,중상사고,0,1,0,0,차대차 - 측면직각충돌,안전운전불이행,건조,맑음,단일로 - 기타,승용,남,58세,상해없음,승용,남,74세,중상
2016092700100117,2016년 9월 27일 08시,화요일,충청남도 아산시 둔포면,경상사고,0,0,1,0,차대차 - 정면충돌,중앙선침범,습기,비,기타 - 기타,승용,남,25세,상해없음,화물,남,44세,경상
2016092700100144,2016년 9월 27일 09시,화요일,충청남도 보령시 주포면,경상사고,0,0,1,0,차대차 - 측면직각충돌,안전운전불이행,습기,비,단일로 - 기타,승용,여,54세,상해없음,승용,남,36세,상해없음
2016092700100192,2016년 9월 27일 10시,화요일,충청남도 서산시 동문동,중상사고,0,1,0,0,차대차 - 정면충돌,안전운전불이행,습기,비,교차로 - 교차로안,승용,여,39세,상해없음,화물,남,45세,상해없음
2016092700100193,2016년 9월 27일 10시,화요일,충청남도 천안시 서북구 두정동,경상사고,0,0,2,0,차대차 - 측면직각충돌,직진우회전진행방해,습기,비,교차로 - 교차로안,승용,남,57세,상해없음,화물,남,54세,경상
2016092700100194,2016년 9월 27일 10시,화요일,충청남도 천안시 서북구 성거읍,경상사고,0,0,2,0,차대차 - 추돌,안전운전불이행,습기,비,교차로 - 교차로안,승용,남,61세,상해없음,승용,남,53세,경상
2016092700100195,2016년 9월 27일 10시,화요일,충청남도 당진시 송악읍,경상사고,0,0,1,0,차대차 - 측면충돌,안전운전불이행,습기,비,단일로 - 기타,화물,남,45세,기타불명,승용,여,49세,경상
2016092700100221,2016년 9월 27일 11시,화요일,충청남도 천안시 서북구 입장면,중상사고,0,1,0,0,차대차 - 측면직각충돌,중앙선침범,습기,흐림,단일로 - 기타,승합,남,55세,상해없음,원동기,남,22세,중상
2016092700100222,2016년 9월 27일 11시,화요일,충청남도 논산시 연무읍,중상사고,0,1,1,0,차대차 - 측면직각충돌,안전운전불이행,건조,맑음,교차로 - 교차로안,승용,남,19세,상해없음,이륜,남,74세,경상
2016092700100300,2016년 9월 27일 13시,화요일,충청남도 천안시 서북구 불당동,경상사고,0,0,1,0,차대사람 - 횡단중,안전운전불이행,건조,맑음,단일로 - 기타,화물,여,50세,상해없음,보행자,남,33세,경상
2016092700100301,2016년 9월 27일 13시,화요일,충청남도 천안시 서북구 성정동,중상사고,0,1,0,0,차대차 - 측면직각충돌,직진우회전진행방해,습기,비,교차로 - 교차로안,승용,남,51세,상해없음,승용,남,39세,중상
2016092700100356,2016년 9월 27일 15시,화요일,충청남도 서산시 인지면,중상사고,0,1,0,0,차량단독 - 전도전복,안전운전불이행,습기,비,기타 - 기타,승용,남,38세,중상,,,,
2016092700100358,2016년 9월 27일 15시,화요일,충청남도 서천군 서천읍,중상사고,0,1,0,0,차대사람 - 횡단중,안전운전불이행,건조,맑음,교차로 - 교차로안,승용,여,38세,상해없음,보행자,여,53세,중상
2016092700100360,2016년 9월 27일 15시,화요일,충청남도 당진시 신평면,중상사고,0,1,0,0,차대차 - 측면충돌,안전운전불이행,습기,비,단일로 - 기타,승용,여,36세,상해없음,자전거,남,73세,중상
2016092700100361,2016년 9월 27일 15시,화요일,충청남도 천안시 동남구 삼룡동,경상사고,0,0,1,0,차대차 - 추돌,안전운전불이행,습기,비,단일로 - 기타,승용,남,51세,상해없음,승용,남,43세,경상
2016092700100362,2016년 9월 27일 15시,화요일,충청남도 천안시 동남구 성황동,경상사고,0,0,1,0,차대차 - 측면직각충돌,안전운전불이행,습기,비,단일로 - 기타,승용,여,54세,상해없음,승용,여,46세,경상