사고번호,사고일시,요일,시군구,사고내용,사망자수,중상자수,경상자수,부상신고자수,사고유형,법규위반,노면상태,기상상태,도로형태,가해운전자 차종,가해운전자 성별,가해운전자 연령,가해운전자 상해정도,피해운전자 차종,피해운전자 성별,피해운전자 연령,피해운전자 상해정도
2016100200100097,2016년 10월 2일 07시,일요일,충청남도 서산시 동문동,경상사고,0,0,1,0,차대차 - 기타,교차로운행방법위반,건조,맑음,교차로 - 교차로안,자전거,남,90세 이상,경상,승용,남,44세,상해없음
2016100200100116,2016년 10월 2일 08시,일요일,충청남도 보령시 신흑동,경상사고,0,0,1,0,차대차 - 정면충돌,불법유턴,건조,맑음,단일로 - 기타,승용,남,28세,상해없음,승용,남,54세,상해없음
2016100200100150,2016년 10월 2일 10시,일요일,충청남도 공주시 우성면,경상사고,0,0,1,0,차대차 - 정면충돌,안전운전불이행,건조,맑음,교차로 - 교차로안,승용,남,55세,상해없음,승용,남,27세,경상
2016100200100195,2016년 10월 2일 12시,일요일,충청남도 당진시 시곡리,경상사고,0,0,2,0,차대차 - 정면충돌,중앙선침범,습기,비,교차로 - 교차로안,화물,남,47세,상해없음,승용,남,56세,경상
2016100200100226,2016년 10월 2일 13시,일요일,충청남도 천안시 서북구 두정동,경상사고,0,0,1,0,차대차 - 측면충돌,차로위반,건조,맑음,단일로 - 기타,승용,여,41세,상해없음,승용,여,28세,경상
2016100200100227,2016년 10월 2일 13시,일요일,충청남도 천안시 서북구 불당동,중상사고,0,1,0,0,차대사람 - 횡단중,안전운전불이행,습기,비,교차로 - 교차로안,승용,남,31세,상해없음,보행자,남,16세,중상
2016100200100228,2016년 10월 2일 13시,일요일,충청남도 공주시 반포면,중상사고,0,1,3,0,차대차 - 추돌,안전운전불이행,건조,맑음,단일로 - 기타,승용,남,73세,상해없음,승용,여,59세,상해없음
2016100200100262,2016년 10월 2일 14시,일요일,충청남도 금산군 추부면,부상신고사고,0,0,0,1,차대사람 - 횡단중,안전운전불이행,건조,맑음,단일로 - 기타,승용,남,40세,상해없음,보행자,남,3세,부상신고
2016100200100263,2016년 10월 2일 14시,일요일,충청남도 천안시 동남구 다가동,경상사고,0,0,1,0,차대사람 - 기타,안전운전불이행,습기,흐림,단일로 - 기타,승용,남,36세,상해없음,보행자,여,3세,경상
2016100200100264,2016년 10월 2일 14시,일요일,충청남도 천안시 동남구 영성동,중상사고,0,1,0,0,차대차 - 측면직각충돌,안전운전불이행,습기,비,단일로 - 기타,승용,남,44세,상해없음,이륜,남,36세,중상
2016100200100290,2016년 10월 2일 15시,일요일,충청남도 아산시 도고면,경상사고,0,0,1,0,차대차 - 기타,안전운전불이행,건조,맑음,단일로 - 기타,승용,여,42세,상해없음,승용,남,51세,경상
2016100200100339,2016년 10월 2일 17시,일요일,충청남도 부여군 외산면,사망사고,3,2,0,0,차대차 - 측면충돌,중앙선침범,습기,흐림,단일로 - 기타,화물,남,43세,상해없음,승용,남,34세,중상
2016100200100372,2016년 10월 2일 18시,일요일,충청남도 공주시 금성동,중상사고,0,1,1,0,차대차 - 추돌,안전운전불이행,습기,흐림,교차로 - 교차로안,이륜,남,24세,상해없음,이륜,남,67세,중상
2016100200100373,2016년 10월 2일 18시,일요일,충청남도 공주시 정안면,경상사고,0,0,5,0,차대차 - 추돌,안전운전불이행,건조,맑음,단일로 - 기타,승용,남,32세,경상,승용,남,26세,상해없음
2016100200100374,2016년 10월 2일 18시,일요일,충청남도 당진시 읍내리,경상사고,0,0,2,0,차대사람 - 기타,안전운전불이행,습기,비,교차로 - 교차로부근,승용,여,46세,상해없음,보행자,남,10세,경상
2016100200100411,2016년 10월 2일 19시,일요일,충청남도 아산시 온천동,경상사고,0,0,1,0,차대사람 - 횡단중,안전운전불이행,습기,비,단일로 - 기타,승용,여,21세,상해없음,보행자,남,60세,경상
2016100200100412,2016년 10월 2일 19시,일요일,충청남도 서천군 서천읍,중상사고,0,1,0,0,차대사람 - 횡단중,안전운전불이행,건조,맑음,단일로 - 기타,승용,남,68세,상해없음,보행자,여,79세,중상
2016100200100413,2016년 10월 2일 19시,일요일,충청남도 당진시 읍내리,중상사고,0,1,0,0,차대사람 - 횡단중,보행자보호의무위반,건조,맑음,단일로 - 횡단보도상,승용,여,19세,상해없음,보행자,여,48세,중상
2016100200100414,2016년 10월 2일 19시,일요일,충청남도 청양군 남양면,사망사고,1,0,0,0,차대사람 - 기타,안전운전불이행,건조,흐림,단일로 - 기타,승용,남,61세,상해없음,보행자,남,75세,사망
2016100200100498,2016년 10월 2일 22시,일요일,충청남도 천안시 서북구 성거읍,경상사고,0,0,2,0,차대차 - 추돌,안전거리미확보,건조,맑음,교차로 - 교차로부근,승용,남,23세,상해없음,승용,남,33세,경상
2016100200100524,2016년 10월 2일 23시,일요일,충청남도 천안시 서북구 쌍용동,경상사고,0,0,2,0,차대차 - 추돌,안전운전불이행,건조,맑음,교차로 - 교차로부근,승용,남,47세,상해없음,승용,남,57세,경상
2016100300100079,2016년 10월 3일 04시,월요일,충청남도 천안시 서북구 성정동,경상사고,0,0,1,0,차대차 - 기타,차로위반,건조,맑음,교차로 - 교차로안,승합,여,42세,상해없음,승용,남,30세,경상
2016100300100142,2016년 10월 3일 09시,월요일,충청남도 천안시 서북구 성정동,중상사고,0,1,0,0,차대차 - 기타,신호위반,건조,맑음,교차로 - 교차로부근,승용,남,58세,상해없음,자전거,남,53세,중상
2016100300100143,2016년 10월 3일 09시,월요일,충청남도 청양군 운곡면,경상사고,0,0,1,0,차량단독 - 공작물충돌,안전운전불이행,습기,비,단일로 - 기타,승용,여,62세,경상,,,,
2016100300100162,2016년 10월 3일 10시,월요일,충청남도 금산군 군북면,경상사고,0,0,1,0,차대차 - 추돌,안전운전불이행,습기,비,단일로 - 기타,승용,남,64세,상해없음,승용,남,59세,경상
2016100300100186,2016년 10월 3일 11시,월요일,충청남도 아산시 둔포면,경상사고,0,0,1,0,차대차 - 측면직각충돌,중앙선침범,건조,맑음,교차로 - 교차로안,화물,남,51세,상해없음,승용,남,54세,상해없음
2016100300100215,2016년 10월 3일 12시,월요일,충청남도 홍성군 홍성읍,중상사고,0,1,2,0,차대차 - 측면충돌,안전운전불이행,건조,맑음,단일로 - 기타,이륜,남,43세,중상,승용,여,46세,경상
2016100300100217,2016년 10월 3일 12시,월요일,충청남도 예산군 삽교읍,경상사고,0,0,1,0,차대차 - 측면직각충돌,교차로운행방법위반,건조,맑음,교차로 - 교차로안,승용,남,59세,상해없음,승용,남,48세,경상
2016100300100253,2016년 10월 3일 13시,월요일,충청남도 서산시 운산면,중상사고,0,1,0,0,차대차 - 측면충돌,중앙선침범,건조,맑음,단일로 - 기타,이륜,남,81세,중상,건설기계,남,41세,상해없음
2016100300100254,2016년 10월 3일 13시,월요일,충청남도 계룡시 금암동,중상사고,0,1,6,0,차대차 - 측면충돌,중앙선침범,건조,맑음,교차로 - 교차로안,승용,남,50세,중상,승용,남,41세,경상
2016100300100255,2016년 10월 3일 13시,월요일,충청남도 보령시 주산면,경상사고,0,0,2,0,차대차 - 기타,중앙선침범,건조,맑음,단일로 - 기타,승용,남,54세,상해없음,화물,남,65세,경상
2016100300100256,2016년 10월 3일 13시,월요일,충청남도 청양군 화성면,경상사고,0,0,2,0,차대차 - 추돌,안전운전불이행,건조,맑음,교차로 - 교차로안,화물,여,34세,상해없음,승용,여,28세,경상
2016100300100316,2016년 10월 3일 15시,월요일,충청남도 태안군 안면읍,경상사고,0,0,2,0,차대차 - 추돌,안전운전불이행,건조,맑음,단일로 - 기타,화물,여,35세,상해없음,승용,남,49세,경상
2016100300100317,2016년 10월 3일 15시,월요일,충청남도 천안시 서북구 성정동,중상사고,0,1,0,0,차량단독 - 공작물충돌,안전운전불이행,건조,맑음,교차로 - 교차로부근,승용,남,62세,상해없음,,,,
2016100300100383,2016년 10월 3일 17시,월요일,충청남도 당진시 고대면,중상사고,0,1,0,0,차대차 - 측면충돌,기타,건조,맑음,교차로 - 교차로부근,화물,남,84세,상해없음,이륜,남,67세,중상
2016100300100384,2016년 10월 3일 17시,월요일,충청남도 천안시 동남구 광덕면,경상사고,0,0,6,0,차대차 - 추돌,안전거리미확보,건조,맑음,단일로 - 기타,화물,남,41세,상해없음,승용,여,24세,경상
2016100300100410,2016년 10월 3일 18시,월요일,충청남도 아산시 배미동,경상사고,0,0,1,0,차대차 - 측면충돌,안전운전불이행,건조,맑음,단일로 - 횡단보도상,자전거,여,12세,경상,승용,남,50세,상해없음
2016100300100411,2016년 10월 3일 18시,월요일,충청남도 보령시 신흑동,경상사고,0,0,1,0,차대차 - 추돌,안전운전불이행,건조,맑음,교차로 - 교차로부근,승용,남,36세,상해없음,화물,남,42세,경상
2016100300100446,2016년 10월 3일 19시,월요일,충청남도 태안군 태안읍,사망사고,1,0,0,0,차대사람 - 횡단중,안전운전불이행,건조,맑음,교차로 - 교차로안,승용,여,22세,상해없음,보행자,남,73세,사망
2016100300100447,2016년 10월 3일 19시,월요일,충청남도 보령시 죽정동,경상사고,0,0,2,0,차대차 - 정면충돌,직진우회전진행방해,건조,맑음,교차로 - 교차로안,승용,여,31세,경상,원동기,남,22세,경상
2016100300100448,2016년 10월 3일 19시,월요일,충청남도 금산군 금산읍,경상사고,0,0,2,0,차대차 - 측면충돌,교차로운행방법위반,건조,맑음,교차로 - 교차로부근,승용,여,60세,경상,화물,남,57세,상해없음
2016100300100449,2016년 10월 3일 19시,월요일,충청남도 천안시 동남구 삼룡동,경상사고,0,0,3,0,차대차 - 기타,안전운전불이행,건조,맑음,단일로 - 기타,승용,남,25세,상해없음,승합,남,58세,상해없음
2016100300100489,2016년 10월 3일 20시,월요일,충청남도 논산시 강산동,경상사고,0,0,1,0,차대사람 - 횡단중,안전운전불이행,건조,맑음,교차로 - 교차로안,승합,남,45세,상해없음,보행자,남,56세,경상
2016100300100490,2016년 10월 3일 20시,월요일,충청남도 홍성군 홍북면,경상사고,0,0,2,0,차대차 - 정면충돌,안전운전불이행,건조,맑음,교차로 - 교차로안,승용,남,58세,경상,승용,남,41세,상해없음
2016100300100491,2016년 10월 3일 20시,월요일,충청남도 아산시 음봉면,중상사고,0,1,3,0,차대차 - 측면충돌,안전운전불이행,건조,맑음,교차로 - 교차로안,승용,여,48세,상해없음,승용,남,48세,상해없음
2016100300100492,2016년 10월 3일 20시,월요일,충청남도 부여군 남면,중상사고,0,1,0,0,차대차 - 추돌,안전운전불이행,건조,맑음,단일로 - 기타,승용,남,25세,중상,농기계,남,60세,기타불명
2016100300100518,2016년 10월 3일 21시,월요일,충청남도 보령시 주교면,중상사고,0,1,0,0,차대사람 - 횡단중,안전운전불이행,건조,맑음,단일로 - 기타,승용,남,35세,상해없음,보행자,남,66세,중상
2016100300100546,2016년 10월 3일 22시,월요일,충청남도 아산시 둔포면,경상사고,0,0,1,0,차대차 - 추돌,안전운전불이행,건조,맑음,단일로 - 기타,승용,여,30세,상해없음,승용,남,27세,경상
2016100300100547,2016년 10월 3일 22시,월요일,충청남도 천안시 동남구 신부동,경상사고,0,0,1,0,차대사람 - 기타,안전운전불이행,건조,맑음,단일로 - 기타,기타불명,기타불명,기타불명,기타불명,보행자,남,18세,경상
2016100400100007,2016년 10월 4일 00시,화요일,충청남도 천안시 서북구 쌍용동,경상사고,0,0,2,0,차대차 - 추돌,안전거리미확보,습기,맑음,교차로 - 교차로부근,승합,남,20세,상해없음,승용,여,59세,경상
2016100400100090,2016년 10월 4일 07시,화요일,충청남도 천안시 서북구 성거읍,경상사고,0,0,1,0,차대차 - 추돌,안전거리미확보,건조,맑음,교차로 - 교차로안,승용,남,44세,상해없음,승용,여,21세,경상
2016100400100091,2016년 10월 4일 07시,화요일,충청남도 보령시 남포면,중상사고,0,1,0,0,차대차 - 기타,안전거리미확보,건조,맑음,단일로 - 기타,원동기,남,74세,중상,승용,여,57세,상해없음
2016100400100182,2016년 10월 4일 09시,화요일,충청남도 공주시 금학동,중상사고,0,1,0,0,차대사람 - 횡단중,보행자보호의무위반,건조,맑음,교차로 - 교차로부근,승용,여,48세,상해없음,보행자,여,57세,중상
2016100400100213,2016년 10월 4일 10시,화요일,충청남도 논산시 연산면,중상사고,0,1,0,0,차량단독 - 기타,안전운전불이행,건조,맑음,단일로 - 기타,승합,남,49세,상해없음,,,,
2016100400100243,2016년 10월 4일 11시,화요일,충청남도 아산시 풍기동,경상사고,0,0,5,0,차대차 - 추돌,안전운전불이행,건조,맑음,단일로 - 기타,화물,남,47세,상해없음,승용,여,36세,경상
2016100400100277,2016년 10월 4일 12시,화요일,충청남도 부여군 부여읍,경상사고,0,0,2,0,차대차 - 측면직각충돌,교차로운행방법위반,건조,맑음,교차로 - 교차로안,승용,여,56세,상해없음,승용,남,64세,경상
2016100400100278,2016년 10월 4일 12시,화요일,충청남도 천안시 동남구 신방동,경상사고,0,0,2,0,차대차 - 측면충돌,신호위반,건조,맑음,교차로 - 교차로안,승용,여,66세,경상,화물,남,54세,경상
2016100400100307,2016년 10월 4일 13시,화요일,충청남도 태안군 태안읍,경상사고,0,0,1,0,차대사람 - 기타,기타,건조,맑음,교차로 - 교차로부근,승용,남,71세,상해없음,보행자,여,49세,경상
2016100400100308,2016년 10월 4일 13시,화요일,충청남도 태안군 남면,경상사고,0,0,2,0,차대차 - 측면직각충돌,안전운전불이행,건조,맑음,교차로 - 교차로안,승합,여,45세,상해없음,화물,남,71세,상해없음
2016100400100310,2016년 10월 4일 13시,화요일,충청남도 홍성군 갈산면,사망사고,1,0,4,0,차대차 - 추돌,안전운전불이행,건조,맑음,단일로 - 기타,화물,남,39세,상해없음,화물,남,66세,사망
2016100400100350,2016년 10월 4일 14시,화요일,충청남도 아산시 영인면,경상사고,0,0,1,0,차대차 - 추돌,안전운전불이행,건조,맑음,교차로 - 교차로안,이륜,남,71세,경상,승용,여,55세,상해없음
2016100400100385,2016년 10월 4일 15시,화요일,충청남도 홍성군 홍북면,중상사고,0,1,0,0,차대차 - 정면충돌,안전운전불이행,건조,맑음,단일로 - 기타,승용,남,31세,상해없음,이륜,남,62세,중상
2016100400100386,2016년 10월 4일 15시,화요일,충청남도 공주시 우성면,중상사고,0,1,0,0,차대차 - 정면충돌,기타,건조,맑음,교차로 - 교차로안,승용,남,46세,상해없음,승용,남,53세,중상
2016100400100454,2016년 10월 4일 17시,화요일,충청남도 천안시 서북구 직산읍,경상사고,0,0,3,0,차대차 - 측면직각충돌,안전운전불이행,건조,맑음,단일로 - 기타,승용,남,54세,상해없음,승용,남,34세,경상
2016100400100455,2016년 10월 4일 17시,화요일,충청남도 당진시 송악읍,중상사고,0,1,0,0,차대차 - 측면충돌,교차로운행방법위반,건조,맑음,교차로 - 교차로부근,승합,여,42세,상해없음,이륜,남,73세,중상
2016100400100560,2016년 10월 4일 19시,화요일,충청남도 천안시 서북구 성정동,경상사고,0,0,1,0,차대차 - 측면직각충돌,신호위반,건조,맑음,교차로 - 교차로안,승용,남,55세,상해없음,원동기,남,22세,경상
2016100400100561,2016년 10월 4일 19시,화요일,충청남도 보령시 주산면,중상사고,0,1,0,0,차량단독 - 전도전복,안전운전불이행,건조,맑음,단일로 - 기타,원동기,남,52세,중상,,,,
2016100400100563,2016년 10월 4일 19시,화요일,충청남도 천안시 동남구 구성동,중상사고,0,2,0,0,차대차 - 측면충돌,신호위반,건조,맑음,교차로 - 교차로안,승용,여,41세,상해없음,승용,여,38세,중상
2016100400100605,2016년 10월 4일 20시,화요일,충청남도 아산시 영인면,경상사고,0,0,1,0,차대차 - 추돌,안전운전불이행,건조,맑음,단일로 - 기타,승용,남,36세,상해없음,자전거,남,83세,경상
2016100400100628,2016년 10월 4일 21시,화요일,충청남도 아산시 권곡동,경상사고,0,0,2,0,차대사람 - 횡단중,안전운전불이행,건조,맑음,단일로 - 기타,승용,남,48세,상해없음,보행자,여,6세,경상
2016100400100629,2016년 10월 4일 21시,화요일,충청남도 공주시 신관동,중상사고,0,1,1,0,차대차 - 추돌,안전운전불이행,건조,맑음,단일로 - 기타,승용,남,56세,상해없음,승용,여,26세,중상
2016100400100660,2016년 10월 4일 22시,화요일,충청남도 계룡시 엄사면,중상사고,0,1,0,0,차대사람 - 횡단중,안전운전불이행,건조,맑음,단일로 - 기타,승용,남,34세,상해없음,보행자,여,45세,중상
2016100500100079,2016년 10월 5일 05시,수요일,충청남도 공주시 산성동,경상사고,0,0,1,0,차대차 - 측면충돌,교차로운행방법위반,습기,비,교차로 - 교차로안,승용,여,49세,경상,화물,남,56세,상해없음
2016100500100093,2016년 10월 5일 06시,수요일,충청남도 천안시 동남구 봉명동,중상사고,0,1,0,0,차량단독 - 전도전복,안전운전불이행,습기,비,단일로 - 기타,승용,남,49세,상해없음,,,,
2016100500100154,2016년 10월 5일 08시,수요일,충청남도 천안시 서북구 백석동,부상신고사고,0,0,0,2,차대차 - 측면직각충돌,안전운전불이행,건조,맑음,교차로 - 교차로부근,승용,남,55세,상해없음,승용,남,30세,부상신고
2016100500100155,2016년 10월 5일 08시,수요일,충청남도 공주시 중동,경상사고,0,0,3,0,차대차 - 측면충돌,교차로운행방법위반,습기,비,교차로 - 교차로안,승용,여,40세,경상,승용,여,44세,경상
2016100500100156,2016년 10월 5일 08시,수요일,충청남도 천안시 동남구 신부동,경상사고,0,0,2,0,차대차 - 측면직각충돌,안전운전불이행,건조,맑음,단일로 - 기타,이륜,남,33세,경상,승용,남,29세,경상
2016100500100183,2016년 10월 5일 09시,수요일,충청남도 아산시 둔포면,경상사고,0,0,1,0,차대사람 - 횡단중,보행자보호의무위반,건조,맑음,교차로 - 교차로부근,승용,남,27세,상해없음,보행자,남,46세,경상
2016100500100238,2016년 10월 5일 11시,수요일,충청남도 서산시 석림동,중상사고,0,1,0,0,차대차 - 정면충돌,안전운전불이행,건조,맑음,교차로 - 교차로안,이륜,여,56세,중상,승용,남,70세,상해없음
2016100500100269,2016년 10월 5일 12시,수요일,충청남도 천안시 동남구 유량동,경상사고,0,0,1,0,차대사람 - 횡단중,안전운전불이행,건조,맑음,단일로 - 기타,화물,남,46세,상해없음,보행자,남,14세,경상
2016100500100290,2016년 10월 5일 13시,수요일,충청남도 서천군 마서면,경상사고,0,0,3,0,차대차 - 측면직각충돌,직진우회전진행방해,건조,맑음,교차로 - 교차로안,승용,남,75세,경상,화물,남,64세,경상
2016100500100291,2016년 10월 5일 13시,수요일,충청남도 당진시 송악읍,사망사고,1,2,1,0,차대차 - 추돌,안전운전불이행,건조,맑음,단일로 - 기타,승용,남,46세,경상,화물,남,23세,기타불명
2016100500100292,2016년 10월 5일 13시,수요일,충청남도 당진시 송산면,중상사고,0,1,0,0,차대차 - 기타,안전운전불이행,건조,맑음,단일로 - 기타,승용,남,65세,기타불명,자전거,여,45세,중상
2016100500100371,2016년 10월 5일 15시,수요일,충청남도 홍성군 홍동면,경상사고,0,0,3,0,차대차 - 측면충돌,중앙선침범,건조,맑음,단일로 - 기타,승용,여,59세,상해없음,승용,남,56세,경상
2016100500100372,2016년 10월 5일 15시,수요일,충청남도 천안시 동남구 문화동,경상사고,0,0,1,0,차대사람 - 횡단중,안전운전불이행,건조,맑음,단일로 - 기타,승용,여,47세,상해없음,보행자,남,46세,경상
2016100500100413,2016년 10월 5일 16시,수요일,충청남도 천안시 서북구 성정동,경상사고,0,0,3,0,차대차 - 측면충돌,안전운전불이행,건조,맑음,교차로 - 교차로안,승용,여,33세,경상,승용,여,30세,경상
2016100500100414,2016년 10월 5일 16시,수요일,충청남도 아산시 득산동,경상사고,0,0,3,0,차대차 - 추돌,안전운전불이행,건조,맑음,단일로 - 기타,승용,여,50세,상해없음,승용,남,56세,경상
2016100500100452,2016년 10월 5일 17시,수요일,충청남도 천안시 서북구 성환읍,경상사고,0,0,1,0,차대사람 - 차도통행중,안전운전불이행,건조,맑음,단일로 - 기타,화물,남,61세,상해없음,보행자,남,46세,경상
2016100500100454,2016년 10월 5일 17시,수요일,충청남도 아산시 음봉면,경상사고,0,0,1,0,차대차 - 추돌,안전운전불이행,건조,맑음,교차로 - 교차로안,원동기,남,24세,경상,승용,남,53세,상해없음
2016100500100455,2016년 10월 5일 17시,수요일,충청남도 보령시 남곡동,중상사고,0,2,0,0,차대차 - 정면충돌,직진우회전진행방해,건조,맑음,교차로 - 교차로안,승용,남,55세,상해없음,승용,여,46세,중상
2016100500100456,2016년 10월 5일 17시,수요일,충청남도 공주시 봉정동,중상사고,0,1,0,0,차량단독 - 전도전복,안전운전불이행,건조,맑음,단일로 - 기타,이륜,남,75세,중상,,,,
2016100500100504,2016년 10월 5일 18시,수요일,충청남도 태안군 원북면,중상사고,0,1,0,0,차대차 - 정면충돌,안전운전불이행,건조,맑음,교차로 - 교차로안,승용,남,51세,상해없음,이륜,남,57세,중상
2016100500100505,2016년 10월 5일 18시,수요일,충청남도 천안시 서북구 백석동,경상사고,0,0,1,0,차대차 - 측면직각충돌,안전운전불이행,건조,맑음,단일로 - 기타,승용,여,29세,상해없음,승용,여,40세,경상
2016100500100506,2016년 10월 5일 18시,수요일,충청남도 당진시 읍내리,경상사고,0,0,1,0,차대차 - 측면충돌,교차로운행방법위반,건조,맑음,교차로 - 교차로안,화물,남,34세,상해없음,원동기,남,18세,경상
2016100500100555,2016년 10월 5일 19시,수요일,충청남도 천안시 서북구 백석동,경상사고,0,0,1,0,차대차 - 측면직각충돌,안전운전불이행,건조,맑음,교차로 - 교차로부근,승용,여,46세,상해없음,원동기,남,46세,경상
2016100500100556,2016년 10월 5일 19시,수요일,충청남도 아산시 온천동,중상사고,0,1,0,0,차대사람 - 기타,안전운전불이행,건조,맑음,교차로 - 교차로안,승용,남,51세,상해없음,보행자,남,88세,중상
2016100500100593,2016년 10월 5일 20시,수요일,충청남도 서산시 해미면,경상사고,0,0,1,0,차대차 - 정면충돌,중앙선침범,건조,맑음,단일로 - 기타,승용,남,55세,상해없음,이륜,남,45세,경상
2016100500100616,2016년 10월 5일 21시,수요일,충청남도 천안시 서북구 불당동,경상사고,0,0,1,0,차대차 - 기타,안전운전불이행,건조,맑음,단일로 - 기타,화물,남,55세,상해없음,승용,남,51세,경상
2016100500100617,2016년 10월 5일 21시,수요일,충청남도 당진시 시곡리,경상사고,0,0,1,0,차대차 - 추돌,안전운전불이행,건조,맑음,단일로 - 기타,승용,여,25세,상해없음,승용,남,21세,상해없음
2016100500100618,2016년 10월 5일 21시,수요일,충청남도 천안시 동남구 청당동,중상사고,0,1,0,0,차대차 - 측면직각충돌,안전운전불이행,건조,맑음,교차로 - 교차로안,승용,여,41세,상해없음,승용,여,35세,상해없음
2016100500100648,2016년 10월 5일 22시,수요일,충청남도 서천군 서천읍,경상사고,0,0,3,0,차대차 - 추돌,안전운전불이행,건조,맑음,단일로 - 기타,화물,남,40세,상해없음,승용,남,25세,경상
2016100500100671,2016년 10월 5일 23시,수요일,충청남도 아산시 배방읍,경상사고,0,0,1,0,차대차 - 추돌,안전운전불이행,건조,맑음,교차로 - 교차로부근,승용,남,49세,상해없음,화물,남,56세,경상
2016100600100010,2016년 10월 6일 00시,목요일,충청남도 천안시 동남구 영성동,중상사고,0,1,0,0,차대사람 - 횡단중,신호위반,건조,맑음,단일로 - 횡단보도상,승용,남,53세,상해없음,보행자,여,22세,중상
2016100600100027,2016년 10월 6일 01시,목요일,충청남도 천안시 서북구 백석동,경상사고,0,0,1,0,차대차 - 측면직각충돌,안전운전불이행,건조,맑음,교차로 - 교차로안,승합,여,47세,기타불명,승용,남,53세,상해없음
2016100600100047,2016년 10월 6일 03시,목요일,충청남도 천안시 서북구 쌍용동,경상사고,0,0,1,0,차대차 - 측면충돌,안전운전불이행,건조,맑음,단일로 - 기타,승용,남,26세,상해없음,승용,남,37세,경상
2016100600100065,2016년 10월 6일 05시,목요일,충청남도 공주시 정안면,사망사고,1,0,0,0,차량단독 - 공작물충돌,안전운전불이행,습기,안개,단일로 - 기타,화물,남,53세,사망,,,,
2016100600100096,2016년 10월 6일 07시,목요일,충청남도 논산시 연무읍,중상사고,0,1,0,0,차대사람 - 횡단중,안전운전불이행,건조,맑음,교차로 - 교차로안,승용,여,36세,상해없음,보행자,여,80세,중상
2016100600100131,2016년 10월 6일 08시,목요일,충청남도 천안시 서북구 입장면,경상사고,0,0,1,0,차대차 - 측면충돌,직진우회전진행방해,건조,맑음,교차로 - 교차로안,승용,남,43세,상해없음,승용,여,48세,경상
2016100600100132,2016년 10월 6일 08시,목요일,충청남도 천안시 서북구 불당동,경상사고,0,0,1,0,차대차 - 측면직각충돌,안전운전불이행,건조,맑음,단일로 - 기타,승용,남,28세,상해없음,승용,남,37세,경상
2016100600100133,2016년 10월 6일 08시,목요일,충청남도 아산시 탕정면,중상사고,0,1,0,0,차대차 - 추돌,안전운전불이행,건조,맑음,교차로 - 교차로안,자전거,남,46세,중상,승용,여,47세,상해없음
2016100600100134,2016년 10월 6일 08시,목요일,충청남도 예산군 덕산면,경상사고,0,0,2,0,차대차 - 기타,직진우회전진행방해,건조,맑음,교차로 - 교차로안,승용,남,53세,상해없음,승용,남,42세,경상
2016100600100135,2016년 10월 6일 08시,목요일,충청남도 당진시 수청리,경상사고,0,0,2,0,차대차 - 측면충돌,중앙선침범,건조,맑음,단일로 - 기타,화물,남,53세,상해없음,승용,여,39세,경상
2016100600100228,2016년 10월 6일 11시,목요일,충청남도 아산시 도고면,중상사고,0,1,0,0,차대차 - 측면충돌,안전운전불이행,건조,맑음,교차로 - 교차로안,승용,여,49세,상해없음,원동기,남,80세,중상
2016100600100264,2016년 10월 6일 12시,목요일,충청남도 서산시 성연면,중상사고,0,1,0,0,차대차 - 추돌,안전운전불이행,건조,맑음,기타 - 기타,승용,여,50세,상해없음,승용,남,27세,중상
2016100600100265,2016년 10월 6일 12시,목요일,충청남도 논산시 상월면,중상사고,0,1,0,0,차대차 - 측면직각충돌,안전운전불이행,건조,맑음,단일로 - 기타,화물,남,53세,상해없음,승용,여,46세,중상
2016100600100266,2016년 10월 6일 12시,목요일,충청남도 홍성군 서부면,경상사고,0,0,4,0,차대차 - 정면충돌,교차로운행방법위반,건조,맑음,교차로 - 교차로안,승용,남,54세,상해없음,건설기계,남,38세,경상
2016100600100267,2016년 10월 6일 12시,목요일,충청남도 홍성군 홍성읍,경상사고,0,0,1,0,차대차 - 측면충돌,교차로운행방법위반,건조,맑음,교차로 - 교차로안,승용,남,47세,상해없음,승용,남,53세,경상
2016100600100268,2016년 10월 6일 12시,목요일,충청남도 아산시 탕정면,중상사고,0,2,0,0,차대차 - 측면충돌,차로위반,건조,맑음,단일로 - 기타,화물,남,60세,상해없음,원동기,남,46세,중상
2016100600100269,2016년 10월 6일 12시,목요일,충청남도 서천군 서천읍,중상사고,0,1,0,0,차대사람 - 횡단중,보행자보호의무위반,건조,맑음,교차로 - 교차로안,승용,남,67세,상해없음,보행자,남,65세,중상
2016100600100270,2016년 10월 6일 12시,목요일,충청남도 당진시 읍내리,경상사고,0,0,1,0,차대차 - 측면직각충돌,신호위반,건조,맑음,교차로 - 교차로안,승용,남,39세,상해없음,승용,남,23세,경상
2016100600100271,2016년 10월 6일 12시,목요일,충청남도 천안시 동남구 청당동,중상사고,0,1,0,0,차대차 - 측면충돌,신호위반,건조,맑음,교차로 - 교차로안,승용,여,27세,상해없음,승용,여,58세,중상
2016100600100333,2016년 10월 6일 14시,목요일,충청남도 아산시 모종동,경상사고,0,0,1,0,차대사람 - 횡단중,보행자보호의무위반,건조,맑음,교차로 - 교차로부근,원동기,남,31세,상해없음,보행자,여,8세,경상
2016100600100334,2016년 10월 6일 14시,목요일,충청남도 서천군 마서면,경상사고,0,0,5,0,차대차 - 추돌,안전운전불이행,건조,맑음,단일로 - 기타,승용,남,32세,경상,승용,남,43세,경상