사고번호,사고일시,요일,시군구,사고내용,사망자수,중상자수,경상자수,부상신고자수,사고유형,법규위반,노면상태,기상상태,도로형태,가해운전자 차종,가해운전자 성별,가해운전자 연령,가해운전자 상해정도,피해운전자 차종,피해운전자 성별,피해운전자 연령,피해운전자 상해정도
2016100600100335,2016년 10월 6일 14시,목요일,충청남도 금산군 추부면,경상사고,0,0,1,0,차대차 - 측면충돌,안전운전불이행,건조,맑음,교차로 - 교차로부근,이륜,남,81세,경상,승용,남,74세,상해없음
2016100600100419,2016년 10월 6일 16시,목요일,충청남도 아산시 배방읍,중상사고,0,1,0,0,차대사람 - 횡단중,안전운전불이행,건조,맑음,단일로 - 기타,승용,남,22세,상해없음,보행자,여,18세,중상
2016100600100420,2016년 10월 6일 16시,목요일,충청남도 공주시 신풍면,부상신고사고,0,0,0,1,차대차 - 측면충돌,중앙선침범,건조,맑음,교차로 - 교차로안,이륜,남,73세,부상신고,승용,남,38세,상해없음
2016100600100421,2016년 10월 6일 16시,목요일,충청남도 당진시 석문면,경상사고,0,0,1,0,차대차 - 기타,안전운전불이행,건조,맑음,단일로 - 기타,승용,기타불명,기타불명,기타불명,이륜,남,77세,경상
2016100600100458,2016년 10월 6일 17시,목요일,충청남도 태안군 태안읍,경상사고,0,0,1,0,차대차 - 측면충돌,교차로운행방법위반,건조,맑음,교차로 - 교차로안,승용,남,44세,상해없음,승용,남,46세,경상
2016100600100496,2016년 10월 6일 18시,목요일,충청남도 천안시 서북구 성정동,중상사고,0,1,0,0,차대사람 - 보도통행중,기타,건조,맑음,단일로 - 기타,화물,남,29세,상해없음,보행자,남,54세,중상
2016100600100497,2016년 10월 6일 18시,목요일,충청남도 논산시 채운면,경상사고,0,0,2,0,차대차 - 추돌,안전운전불이행,건조,맑음,교차로 - 교차로부근,승용,남,35세,상해없음,승용,남,42세,경상
2016100600100597,2016년 10월 6일 20시,목요일,충청남도 홍성군 홍북면,경상사고,0,0,1,0,차대차 - 측면충돌,교차로운행방법위반,건조,맑음,교차로 - 교차로안,승용,여,26세,상해없음,이륜,남,33세,경상
2016100600100598,2016년 10월 6일 20시,목요일,충청남도 공주시 금흥동,중상사고,0,1,0,0,차대차 - 측면충돌,안전운전불이행,건조,맑음,교차로 - 교차로안,자전거,남,57세,중상,승용,남,68세,상해없음
2016100600100599,2016년 10월 6일 20시,목요일,충청남도 공주시 신관동,경상사고,0,0,1,0,차대차 - 측면직각충돌,안전운전불이행,건조,맑음,교차로 - 교차로부근,승용,여,24세,상해없음,자전거,남,41세,경상
2016100600100600,2016년 10월 6일 20시,목요일,충청남도 천안시 동남구 안서동,중상사고,0,1,0,0,차대차 - 정면충돌,안전운전불이행,건조,맑음,교차로 - 교차로안,승용,남,42세,상해없음,이륜,남,23세,중상
2016100600100630,2016년 10월 6일 21시,목요일,충청남도 서산시 대산읍,경상사고,0,0,1,0,차대차 - 정면충돌,안전운전불이행,건조,맑음,기타 - 기타,승용,남,33세,경상,승용,남,53세,상해없음
2016100600100631,2016년 10월 6일 21시,목요일,충청남도 천안시 서북구 두정동,경상사고,0,0,1,0,차대차 - 측면직각충돌,안전운전불이행,건조,맑음,단일로 - 기타,승용,남,61세,상해없음,원동기,남,39세,경상
2016100600100676,2016년 10월 6일 23시,목요일,충청남도 아산시 신창면,사망사고,1,0,0,0,차량단독 - 전도전복,과속,건조,맑음,기타 - 기타,승용,남,35세,상해없음,,,,
2016100700100061,2016년 10월 7일 05시,금요일,충청남도 서산시 잠홍동,경상사고,0,0,2,0,차대차 - 추돌,안전운전불이행,건조,맑음,교차로 - 교차로부근,승용,남,41세,상해없음,승용,남,55세,경상
2016100700100062,2016년 10월 7일 05시,금요일,충청남도 아산시 탕정면,중상사고,0,1,0,0,차대차 - 측면충돌,신호위반,건조,맑음,교차로 - 교차로부근,승용,여,56세,상해없음,원동기,남,43세,중상
2016100700100077,2016년 10월 7일 06시,금요일,충청남도 천안시 서북구 두정동,중상사고,0,2,0,0,차대차 - 기타,신호위반,건조,맑음,교차로 - 교차로부근,승용,남,20세,상해없음,승용,남,62세,중상
2016100700100143,2016년 10월 7일 08시,금요일,충청남도 태안군 이원면,중상사고,0,1,0,0,차대차 - 측면충돌,중앙선침범,건조,맑음,교차로 - 교차로부근,승용,여,41세,중상,화물,남,46세,상해없음
2016100700100144,2016년 10월 7일 08시,금요일,충청남도 논산시 연산면,중상사고,0,1,0,0,차대차 - 측면직각충돌,안전운전불이행,건조,맑음,교차로 - 교차로안,건설기계,남,44세,상해없음,승용,여,48세,중상
2016100700100179,2016년 10월 7일 09시,금요일,충청남도 서산시 운산면,중상사고,0,1,0,0,차대차 - 추돌,안전운전불이행,건조,맑음,단일로 - 기타,이륜,남,74세,중상,화물,남,61세,상해없음
2016100700100180,2016년 10월 7일 09시,금요일,충청남도 당진시 시곡리,경상사고,0,0,1,0,차대차 - 측면직각충돌,신호위반,건조,맑음,교차로 - 교차로안,이륜,남,74세,경상,승용,남,50세,상해없음
2016100700100211,2016년 10월 7일 10시,금요일,충청남도 서천군 마서면,중상사고,0,1,0,0,차대차 - 추돌,안전운전불이행,건조,맑음,단일로 - 기타,이륜,남,71세,중상,승용,여,61세,상해없음
2016100700100212,2016년 10월 7일 10시,금요일,충청남도 당진시 송산면,경상사고,0,0,1,0,차대차 - 기타,기타,건조,맑음,단일로 - 기타,이륜,남,37세,경상,승용,여,45세,상해없음
2016100700100281,2016년 10월 7일 12시,금요일,충청남도 천안시 동남구 봉명동,중상사고,0,1,0,0,차대사람 - 횡단중,중앙선침범,건조,맑음,교차로 - 교차로안,승용,남,71세,상해없음,보행자,여,26세,중상
2016100700100311,2016년 10월 7일 13시,금요일,충청남도 서산시 음암면,사망사고,1,0,0,0,차량단독 - 전도전복,안전운전불이행,건조,맑음,단일로 - 기타,이륜,남,23세,사망,,,,
2016100700100312,2016년 10월 7일 13시,금요일,충청남도 천안시 서북구 입장면,중상사고,0,1,0,0,차대사람 - 횡단중,보행자보호의무위반,건조,맑음,단일로 - 횡단보도상,승용,남,53세,상해없음,보행자,여,7세,중상
2016100700100313,2016년 10월 7일 13시,금요일,충청남도 아산시 신동,경상사고,0,0,2,0,차대차 - 기타,차로위반,건조,맑음,단일로 - 교량,화물,남,56세,상해없음,승용,여,26세,경상
2016100700100339,2016년 10월 7일 14시,금요일,충청남도 홍성군 홍성읍,경상사고,0,0,1,0,차대차 - 측면충돌,교차로운행방법위반,건조,맑음,교차로 - 교차로안,승용,남,49세,상해없음,승용,남,60세,경상
2016100700100340,2016년 10월 7일 14시,금요일,충청남도 보령시 미산면,중상사고,0,2,0,0,차대차 - 측면직각충돌,직진우회전진행방해,건조,맑음,교차로 - 교차로안,승용,여,48세,상해없음,승용,여,61세,중상
2016100700100382,2016년 10월 7일 15시,금요일,충청남도 천안시 서북구 성정동,경상사고,0,0,1,0,차대차 - 기타,교차로운행방법위반,건조,맑음,교차로 - 교차로안,승용,남,65세,기타불명,승용,남,22세,경상
2016100700100383,2016년 10월 7일 15시,금요일,충청남도 당진시 송악읍,중상사고,0,1,1,0,차대차 - 추돌,안전거리미확보,건조,맑음,단일로 - 기타,화물,여,53세,상해없음,화물,남,33세,경상
2016100700100426,2016년 10월 7일 16시,금요일,충청남도 홍성군 금마면,경상사고,0,0,1,0,차대차 - 측면충돌,신호위반,습기,비,교차로 - 교차로안,건설기계,남,44세,상해없음,승용,남,61세,경상
2016100700100427,2016년 10월 7일 16시,금요일,충청남도 금산군 진산면,경상사고,0,0,2,0,차대차 - 정면충돌,중앙선침범,습기,비,단일로 - 기타,승합,남,36세,상해없음,승용,남,74세,경상
2016100700100466,2016년 10월 7일 17시,금요일,충청남도 논산시 연무읍,중상사고,0,1,0,0,차대차 - 측면충돌,직진우회전진행방해,습기,비,교차로 - 교차로안,승용,남,72세,상해없음,이륜,남,59세,중상
2016100700100467,2016년 10월 7일 17시,금요일,충청남도 천안시 동남구 신방동,경상사고,0,0,4,0,차대차 - 추돌,안전거리미확보,습기,비,교차로 - 교차로부근,승용,여,34세,상해없음,승용,남,25세,경상
2016100700100509,2016년 10월 7일 18시,금요일,충청남도 서산시 대산읍,중상사고,0,1,0,0,차대차 - 정면충돌,교차로운행방법위반,습기,비,교차로 - 교차로안,승용,남,50세,상해없음,이륜,남,36세,중상
2016100700100510,2016년 10월 7일 18시,금요일,충청남도 홍성군 홍북면,경상사고,0,0,3,0,차대차 - 측면충돌,안전운전불이행,습기,비,교차로 - 교차로안,승용,남,35세,경상,화물,남,48세,경상
2016100700100511,2016년 10월 7일 18시,금요일,충청남도 천안시 동남구 원성동,경상사고,0,0,1,0,차대차 - 추돌,안전운전불이행,습기,비,단일로 - 기타,승용,남,53세,상해없음,이륜,남,38세,경상
2016100700100512,2016년 10월 7일 18시,금요일,충청남도 천안시 동남구 신부동,경상사고,0,0,1,0,차대차 - 측면충돌,안전운전불이행,습기,비,교차로 - 교차로안,승용,여,53세,상해없음,이륜,남,33세,경상
2016100700100513,2016년 10월 7일 18시,금요일,충청남도 천안시 동남구 신부동,경상사고,0,0,1,0,차대차 - 추돌,안전운전불이행,습기,비,교차로 - 교차로부근,승용,남,68세,상해없음,이륜,남,41세,경상
2016100700100606,2016년 10월 7일 19시,금요일,충청남도 천안시 서북구 성정동,경상사고,0,0,1,0,차대차 - 측면충돌,신호위반,습기,비,교차로 - 교차로안,승용,여,44세,상해없음,이륜,남,42세,경상
2016100700100607,2016년 10월 7일 19시,금요일,충청남도 천안시 서북구 쌍용동,경상사고,0,0,5,0,차대차 - 측면충돌,신호위반,건조,맑음,교차로 - 교차로안,승용,여,61세,경상,승용,남,29세,경상
2016100700100609,2016년 10월 7일 19시,금요일,충청남도 부여군 초촌면,중상사고,0,1,0,0,차대차 - 추돌,안전운전불이행,습기,비,단일로 - 기타,화물,남,26세,상해없음,자전거,남,66세,중상
2016100700100667,2016년 10월 7일 20시,금요일,충청남도 천안시 서북구 성정동,경상사고,0,0,1,0,차대차 - 기타,안전운전불이행,습기,비,교차로 - 교차로안,승용,남,41세,기타불명,승용,남,26세,경상
2016100700100668,2016년 10월 7일 20시,금요일,충청남도 공주시 신관동,중상사고,0,1,1,0,차대차 - 측면직각충돌,안전운전불이행,습기,비,교차로 - 교차로안,이륜,남,28세,경상,승용,여,31세,중상
2016100700100669,2016년 10월 7일 20시,금요일,충청남도 부여군 석성면,사망사고,2,0,0,0,차량단독 - 전도전복,안전운전불이행,습기,비,단일로 - 기타,승용,남,59세,사망,,,,
2016100700100670,2016년 10월 7일 20시,금요일,충청남도 천안시 동남구 목천읍,경상사고,0,0,3,0,차대차 - 측면충돌,안전운전불이행,습기,비,교차로 - 교차로안,승용,남,27세,상해없음,승용,여,44세,경상
2016100700100726,2016년 10월 7일 21시,금요일,충청남도 천안시 서북구 입장면,사망사고,1,2,1,0,차대차 - 정면충돌,중앙선침범,습기,비,기타 - 기타,승용,남,30세,경상,승용,여,60세,중상
2016100700100727,2016년 10월 7일 21시,금요일,충청남도 천안시 서북구 성거읍,경상사고,0,0,1,0,차대차 - 측면직각충돌,중앙선침범,습기,비,단일로 - 기타,승용,남,25세,상해없음,승용,남,24세,경상
2016100700100728,2016년 10월 7일 21시,금요일,충청남도 보령시 신흑동,경상사고,0,0,2,0,차대차 - 측면직각충돌,신호위반,습기,비,교차로 - 교차로안,승용,남,45세,경상,화물,남,43세,경상
2016100700100773,2016년 10월 7일 22시,금요일,충청남도 당진시 송산면,중상사고,0,1,0,0,차대차 - 측면직각충돌,신호위반,습기,비,교차로 - 교차로안,화물,남,45세,상해없음,승용,남,28세,중상
2016100700100814,2016년 10월 7일 23시,금요일,충청남도 서산시 예천동,중상사고,0,1,0,0,차량단독 - 전도전복,안전운전불이행,습기,흐림,단일로 - 기타,화물,남,43세,중상,,,,
2016100700100815,2016년 10월 7일 23시,금요일,충청남도 공주시 신풍면,중상사고,0,1,0,0,차량단독 - 공작물충돌,안전운전불이행,습기,비,교차로 - 교차로부근,승용,남,58세,중상,,,,
2016100700100816,2016년 10월 7일 23시,금요일,충청남도 당진시 신평면,경상사고,0,0,1,0,차대차 - 추돌,안전운전불이행,습기,비,교차로 - 교차로부근,화물,남,36세,상해없음,화물,남,61세,경상
2016100800100032,2016년 10월 8일 00시,토요일,충청남도 서산시 석림동,경상사고,0,0,5,0,차대차 - 측면충돌,신호위반,건조,맑음,교차로 - 교차로안,승용,남,54세,상해없음,승용,여,39세,경상
2016100800100033,2016년 10월 8일 00시,토요일,충청남도 논산시 부창동,경상사고,0,0,1,0,차대차 - 측면충돌,안전운전불이행,습기,비,교차로 - 교차로안,승용,남,56세,상해없음,승용,여,34세,경상
2016100800100034,2016년 10월 8일 00시,토요일,충청남도 공주시 신관동,경상사고,0,0,4,0,차대차 - 측면직각충돌,신호위반,습기,비,교차로 - 교차로안,승용,남,61세,상해없음,승용,남,40세,경상
2016100800100107,2016년 10월 8일 02시,토요일,충청남도 천안시 서북구 두정동,중상사고,0,1,0,0,차대차 - 측면직각충돌,신호위반,습기,비,교차로 - 교차로안,승용,남,35세,상해없음,승용,남,38세,중상
2016100800100108,2016년 10월 8일 02시,토요일,충청남도 보령시 남곡동,경상사고,0,0,1,0,차대차 - 추돌,안전운전불이행,건조,맑음,단일로 - 기타,승용,남,27세,경상,건설기계,남,59세,기타불명
2016100800100109,2016년 10월 8일 02시,토요일,충청남도 예산군 예산읍,중상사고,0,1,0,0,차대사람 - 차도통행중,안전운전불이행,습기,비,단일로 - 기타,승용,남,28세,상해없음,보행자,남,20세,중상
2016100800100110,2016년 10월 8일 02시,토요일,충청남도 천안시 동남구 신방동,경상사고,0,0,1,1,차대차 - 측면충돌,신호위반,습기,비,교차로 - 교차로안,승용,남,28세,상해없음,승용,남,61세,경상
2016100800100111,2016년 10월 8일 02시,토요일,충청남도 천안시 동남구 오룡동,중상사고,0,1,1,0,차대차 - 추돌,안전운전불이행,습기,비,교차로 - 교차로부근,화물,기타불명,기타불명,기타불명,승용,남,47세,경상
2016100800100137,2016년 10월 8일 03시,토요일,충청남도 당진시 순성면,중상사고,0,1,0,0,차량단독 - 공작물충돌,안전운전불이행,습기,비,교차로 - 교차로안,승용,남,35세,중상,,,,
2016100800100156,2016년 10월 8일 04시,토요일,충청남도 아산시 배방읍,경상사고,0,0,1,0,차대차 - 추돌,안전운전불이행,습기,비,단일로 - 기타,승용,남,31세,기타불명,승용,여,47세,경상
2016100800100192,2016년 10월 8일 06시,토요일,충청남도 아산시 탕정면,경상사고,0,0,1,0,차대차 - 기타,안전운전불이행,건조,맑음,단일로 - 기타,승용,여,44세,상해없음,승용,남,26세,상해없음
2016100800100235,2016년 10월 8일 08시,토요일,충청남도 서산시 해미면,부상신고사고,0,0,0,1,차대차 - 정면충돌,과속,습기,흐림,교차로 - 교차로안,승용,남,40세,부상신고,승용,남,51세,상해없음
2016100800100265,2016년 10월 8일 09시,토요일,충청남도 공주시 계룡면,사망사고,1,1,0,0,차대차 - 추돌,안전운전불이행,습기,비,단일로 - 기타,건설기계,남,44세,사망,화물,남,49세,중상
2016100800100266,2016년 10월 8일 09시,토요일,충청남도 부여군 초촌면,중상사고,0,2,0,0,차대차 - 측면충돌,안전운전불이행,습기,비,단일로 - 기타,승용,여,56세,중상,승용,남,59세,중상
2016100800100267,2016년 10월 8일 09시,토요일,충청남도 당진시 합덕읍,중상사고,0,1,0,0,차대차 - 측면충돌,신호위반,건조,맑음,교차로 - 교차로안,승용,남,68세,상해없음,승용,여,27세,중상
2016100800100400,2016년 10월 8일 13시,토요일,충청남도 아산시 배방읍,중상사고,0,1,0,0,차대사람 - 횡단중,안전운전불이행,건조,맑음,교차로 - 교차로부근,승용,여,42세,상해없음,보행자,남,10세,중상
2016100800100433,2016년 10월 8일 14시,토요일,충청남도 보령시 웅천읍,중상사고,0,1,0,0,차대차 - 추돌,안전운전불이행,건조,맑음,단일로 - 기타,승용,남,45세,상해없음,승용,남,20세,상해없음
2016100800100467,2016년 10월 8일 15시,토요일,충청남도 서천군 마서면,경상사고,0,0,2,0,차대차 - 추돌,안전운전불이행,건조,맑음,단일로 - 기타,승용,남,26세,경상,화물,남,67세,경상
2016100800100508,2016년 10월 8일 16시,토요일,충청남도 서산시 읍내동,중상사고,0,1,0,0,차량단독 - 전도전복,안전거리미확보,건조,맑음,단일로 - 기타,이륜,남,74세,중상,,,,
2016100800100509,2016년 10월 8일 16시,토요일,충청남도 천안시 서북구 두정동,경상사고,0,0,1,0,차대차 - 추돌,안전거리미확보,건조,맑음,교차로 - 교차로안,승용,남,60세,상해없음,승용,남,26세,상해없음
2016100800100510,2016년 10월 8일 16시,토요일,충청남도 아산시 온천동,경상사고,0,0,1,0,차대차 - 측면충돌,안전운전불이행,건조,맑음,단일로 - 기타,승용,남,53세,상해없음,원동기,남,34세,경상
2016100800100599,2016년 10월 8일 18시,토요일,충청남도 아산시 배방읍,중상사고,0,1,0,0,차대차 - 정면충돌,신호위반,건조,맑음,교차로 - 교차로안,승용,여,23세,상해없음,승용,여,38세,중상
2016100800100600,2016년 10월 8일 18시,토요일,충청남도 공주시 탄천면,중상사고,0,2,0,1,차대차 - 추돌,안전운전불이행,건조,맑음,교차로 - 교차로부근,승용,여,56세,부상신고,농기계,남,43세,중상
2016100800100669,2016년 10월 8일 20시,토요일,충청남도 서산시 예천동,중상사고,0,1,0,0,차대사람 - 횡단중,안전운전불이행,건조,흐림,교차로 - 교차로안,승용,남,43세,상해없음,보행자,남,56세,중상
2016100800100670,2016년 10월 8일 20시,토요일,충청남도 서산시 읍내동,중상사고,0,1,0,0,차대사람 - 기타,안전운전불이행,건조,맑음,단일로 - 기타,승용,남,31세,상해없음,보행자,여,38세,중상
2016100800100694,2016년 10월 8일 21시,토요일,충청남도 서산시 해미면,부상신고사고,0,0,0,1,차량단독 - 전도전복,안전운전불이행,건조,맑음,단일로 - 기타,이륜,남,17세,부상신고,,,,
2016100800100695,2016년 10월 8일 21시,토요일,충청남도 당진시 채운동,중상사고,0,1,0,0,차대차 - 기타,교차로운행방법위반,건조,맑음,교차로 - 교차로안,승용,남,42세,상해없음,승용,남,20세,상해없음
2016100800100749,2016년 10월 8일 23시,토요일,충청남도 아산시 권곡동,중상사고,0,1,0,0,차대사람 - 횡단중,보행자보호의무위반,건조,맑음,교차로 - 교차로안,승용,여,45세,상해없음,보행자,남,49세,중상
2016100800100750,2016년 10월 8일 23시,토요일,충청남도 아산시 신창면,경상사고,0,0,1,0,차대차 - 추돌,안전운전불이행,건조,맑음,교차로 - 교차로부근,승용,남,45세,상해없음,승용,남,26세,경상
2016100800100751,2016년 10월 8일 23시,토요일,충청남도 당진시 신평면,경상사고,0,0,3,0,차대차 - 추돌,안전운전불이행,건조,맑음,단일로 - 기타,화물,남,55세,상해없음,승용,남,37세,상해없음
2016100900100014,2016년 10월 9일 00시,일요일,충청남도 서산시 동문동,중상사고,0,1,0,0,차량단독 - 공작물충돌,안전운전불이행,건조,맑음,교차로 - 교차로부근,이륜,남,21세,중상,,,,
2016100900100035,2016년 10월 9일 01시,일요일,충청남도 보령시 신흑동,경상사고,0,0,1,0,차대차 - 측면직각충돌,안전운전불이행,건조,맑음,교차로 - 교차로안,화물,남,57세,상해없음,승용,남,27세,경상
2016100900100108,2016년 10월 9일 06시,일요일,충청남도 당진시 채운동,경상사고,0,0,1,0,차대차 - 추돌,안전운전불이행,건조,맑음,교차로 - 교차로부근,승용,남,26세,기타불명,승용,남,41세,경상
2016100900100138,2016년 10월 9일 08시,일요일,충청남도 당진시 송악읍,경상사고,0,0,1,0,차대차 - 측면충돌,안전운전불이행,건조,맑음,단일로 - 기타,화물,남,47세,상해없음,승용,남,29세,경상
2016100900100139,2016년 10월 9일 08시,일요일,충청남도 청양군 청양읍,경상사고,0,0,2,0,차대차 - 기타,안전운전불이행,건조,맑음,교차로 - 교차로부근,승용,남,23세,경상,승용,남,36세,경상
2016100900100161,2016년 10월 9일 09시,일요일,충청남도 천안시 서북구 두정동,경상사고,0,0,5,0,차대차 - 기타,직진우회전진행방해,건조,맑음,교차로 - 교차로안,승용,여,28세,상해없음,승용,남,34세,경상
2016100900100182,2016년 10월 9일 10시,일요일,충청남도 공주시 신관동,경상사고,0,0,1,0,차대사람 - 횡단중,안전운전불이행,건조,맑음,교차로 - 교차로부근,화물,남,63세,상해없음,보행자,여,50세,경상
2016100900100209,2016년 10월 9일 11시,일요일,충청남도 천안시 서북구 성환읍,중상사고,0,1,0,0,차대차 - 기타,안전거리미확보,건조,맑음,단일로 - 기타,승용,남,72세,상해없음,이륜,남,47세,중상
2016100900100210,2016년 10월 9일 11시,일요일,충청남도 아산시 실옥동,경상사고,0,0,1,0,차대차 - 측면직각충돌,안전운전불이행,건조,맑음,기타 - 기타,승용,남,74세,상해없음,승용,남,33세,경상
2016100900100239,2016년 10월 9일 12시,일요일,충청남도 논산시 취암동,경상사고,0,0,1,0,차대차 - 측면충돌,안전운전불이행,건조,맑음,교차로 - 교차로안,승용,남,48세,상해없음,이륜,남,16세,경상
2016100900100240,2016년 10월 9일 12시,일요일,충청남도 홍성군 금마면,경상사고,0,0,1,0,차량단독 - 전도전복,안전운전불이행,건조,맑음,단일로 - 기타,이륜,남,27세,경상,,,,
2016100900100267,2016년 10월 9일 13시,일요일,충청남도 아산시 온천동,경상사고,0,0,2,0,차대차 - 추돌,안전운전불이행,건조,맑음,단일로 - 기타,승용,남,60세,상해없음,승용,남,40세,경상
2016100900100268,2016년 10월 9일 13시,일요일,충청남도 당진시 송악읍,경상사고,0,0,1,0,차대차 - 정면충돌,중앙선침범,건조,맑음,단일로 - 기타,승용,여,52세,상해없음,승용,남,53세,경상
2016100900100297,2016년 10월 9일 14시,일요일,충청남도 천안시 동남구 구성동,경상사고,0,0,4,0,차대차 - 측면충돌,안전거리미확보,건조,맑음,단일로 - 기타,건설기계,남,49세,상해없음,승용,남,49세,경상
2016100900100330,2016년 10월 9일 15시,일요일,충청남도 천안시 서북구 성정동,경상사고,0,0,1,0,차량단독 - 기타,안전운전불이행,건조,맑음,교차로 - 교차로부근,승용,남,53세,상해없음,,,,
2016100900100331,2016년 10월 9일 15시,일요일,충청남도 보령시 웅천읍,중상사고,0,2,0,0,차대차 - 정면충돌,중앙선침범,건조,맑음,단일로 - 교량,승용,여,55세,중상,승용,남,52세,중상
2016100900100332,2016년 10월 9일 15시,일요일,충청남도 당진시 석문면,경상사고,0,0,1,0,차대차 - 측면충돌,교차로운행방법위반,건조,맑음,교차로 - 교차로안,승용,남,48세,상해없음,승용,남,56세,경상
2016100900100377,2016년 10월 9일 16시,일요일,충청남도 논산시 상월면,경상사고,0,0,1,0,차량단독 - 전도전복,안전운전불이행,건조,맑음,단일로 - 기타,이륜,남,79세,경상,,,,
2016100900100378,2016년 10월 9일 16시,일요일,충청남도 아산시 권곡동,중상사고,0,1,0,0,차대사람 - 기타,안전운전불이행,건조,맑음,기타 - 기타,승용,여,47세,상해없음,보행자,여,60세,중상
2016100900100380,2016년 10월 9일 16시,일요일,충청남도 공주시 웅진동,경상사고,0,0,2,0,차대차 - 측면충돌,안전운전불이행,건조,맑음,교차로 - 교차로부근,승용,남,45세,상해없음,승용,여,61세,경상
2016100900100419,2016년 10월 9일 17시,일요일,충청남도 홍성군 갈산면,경상사고,0,0,1,0,차대차 - 측면충돌,안전거리미확보,건조,맑음,단일로 - 기타,승용,남,62세,상해없음,승용,여,27세,경상
2016100900100420,2016년 10월 9일 17시,일요일,충청남도 예산군 덕산면,중상사고,0,1,0,0,차대차 - 측면직각충돌,직진우회전진행방해,건조,맑음,교차로 - 교차로안,화물,남,64세,상해없음,이륜,남,75세,중상
2016100900100465,2016년 10월 9일 18시,일요일,충청남도 천안시 동남구 목천읍,중상사고,0,3,1,0,차대차 - 정면충돌,중앙선침범,건조,맑음,단일로 - 기타,승용,여,35세,경상,승용,남,68세,중상
2016100900100511,2016년 10월 9일 19시,일요일,충청남도 당진시 채운동,경상사고,0,0,1,0,차대차 - 추돌,안전운전불이행,건조,맑음,단일로 - 기타,승용,남,62세,기타불명,승용,남,46세,경상
2016100900100558,2016년 10월 9일 21시,일요일,충청남도 보령시 남곡동,중상사고,0,1,0,0,차대차 - 기타,중앙선침범,건조,맑음,교차로 - 교차로부근,기타불명,기타불명,기타불명,기타불명,승용,남,60세,중상
2016100900100559,2016년 10월 9일 21시,일요일,충청남도 보령시 신흑동,중상사고,0,1,0,0,차대사람 - 길가장자리구역통행중,안전운전불이행,건조,맑음,단일로 - 기타,기타불명,기타불명,기타불명,기타불명,보행자,남,70세,중상
2016100900100572,2016년 10월 9일 22시,일요일,충청남도 천안시 서북구 두정동,경상사고,0,0,1,0,차대차 - 기타,중앙선침범,건조,맑음,단일로 - 기타,승용,여,57세,상해없음,승용,남,49세,상해없음
2016100900100591,2016년 10월 9일 23시,일요일,충청남도 서산시 대산읍,경상사고,0,0,1,0,차대차 - 정면충돌,중앙선침범,건조,맑음,단일로 - 기타,화물,남,55세,상해없음,승용,남,25세,경상
2016100900100592,2016년 10월 9일 23시,일요일,충청남도 서산시 운산면,중상사고,0,1,0,0,차량단독 - 공작물충돌,안전운전불이행,건조,맑음,단일로 - 기타,승용,남,43세,상해없음,,,,
2016101000100031,2016년 10월 10일 05시,월요일,충청남도 아산시 탕정면,중상사고,0,4,1,0,차대차 - 정면충돌,중앙선침범,건조,맑음,단일로 - 기타,승용,남,55세,중상,승용,남,62세,중상
2016101000100106,2016년 10월 10일 08시,월요일,충청남도 홍성군 갈산면,경상사고,0,0,1,0,차대차 - 측면충돌,안전운전불이행,건조,맑음,교차로 - 교차로안,승용,여,65세,상해없음,이륜,남,81세,경상
2016101000100146,2016년 10월 10일 09시,월요일,충청남도 예산군 예산읍,중상사고,0,1,0,0,차대차 - 기타,안전운전불이행,건조,맑음,교차로 - 교차로안,승용,남,54세,상해없음,이륜,여,71세,중상
2016101000100147,2016년 10월 10일 09시,월요일,충청남도 부여군 부여읍,사망사고,1,0,0,0,차대차 - 측면직각충돌,과속,건조,맑음,단일로 - 기타,승용,남,74세,상해없음,자전거,남,86세,사망
2016101000100178,2016년 10월 10일 10시,월요일,충청남도 천안시 서북구 백석동,경상사고,0,0,2,1,차대차 - 측면충돌,신호위반,건조,맑음,교차로 - 교차로안,승합,남,53세,상해없음,승용,남,34세,경상
2016101000100213,2016년 10월 10일 11시,월요일,충청남도 천안시 서북구 두정동,경상사고,0,0,3,0,차대차 - 기타,안전거리미확보,건조,맑음,교차로 - 교차로부근,승용,여,55세,경상,승용,여,46세,경상
2016101000100234,2016년 10월 10일 12시,월요일,충청남도 서산시 지곡면,경상사고,0,0,1,0,차대차 - 측면직각충돌,안전운전불이행,건조,맑음,교차로 - 교차로안,승용,남,87세,상해없음,승용,여,53세,상해없음
2016101000100235,2016년 10월 10일 12시,월요일,충청남도 서산시 해미면,중상사고,0,1,0,0,차대사람 - 횡단중,안전운전불이행,건조,맑음,단일로 - 기타,화물,남,73세,상해없음,보행자,여,81세,중상
2016101000100261,2016년 10월 10일 13시,월요일,충청남도 서천군 서천읍,중상사고,0,1,0,0,차대사람 - 기타,안전운전불이행,건조,맑음,단일로 - 기타,승용,남,59세,상해없음,보행자,여,90세 이상,중상
2016101000100292,2016년 10월 10일 14시,월요일,충청남도 논산시 강경읍,경상사고,0,0,3,0,차대차 - 측면충돌,신호위반,건조,맑음,교차로 - 교차로안,승용,여,50세,상해없음,승용,남,61세,경상