사고번호,사고일시,요일,시군구,사고내용,사망자수,중상자수,경상자수,부상신고자수,사고유형,법규위반,노면상태,기상상태,도로형태,가해운전자 차종,가해운전자 성별,가해운전자 연령,가해운전자 상해정도,피해운전자 차종,피해운전자 성별,피해운전자 연령,피해운전자 상해정도
2016101500100135,2016년 10월 15일 08시,토요일,충청남도 서산시 성연면,중상사고,0,1,0,0,차대차 - 측면충돌,교차로운행방법위반,건조,맑음,교차로 - 교차로안,건설기계,남,54세,상해없음,승용,남,29세,중상
2016101500100136,2016년 10월 15일 08시,토요일,충청남도 공주시 옥룡동,중상사고,0,1,0,0,차대사람 - 기타,안전운전불이행,건조,맑음,단일로 - 기타,자전거,기타불명,기타불명,기타불명,보행자,여,67세,중상
2016101500100137,2016년 10월 15일 08시,토요일,충청남도 당진시 합덕읍,경상사고,0,0,2,0,차대차 - 측면충돌,교차로운행방법위반,건조,맑음,교차로 - 교차로안,승합,남,70세,상해없음,승용,남,42세,경상
2016101500100139,2016년 10월 15일 08시,토요일,충청남도 천안시 동남구 봉명동,경상사고,0,0,1,0,차대차 - 측면충돌,안전운전불이행,건조,맑음,단일로 - 기타,승용,남,53세,기타불명,이륜,남,37세,경상
2016101500100192,2016년 10월 15일 10시,토요일,충청남도 아산시 인주면,중상사고,0,1,0,0,차대사람 - 횡단중,안전운전불이행,건조,맑음,단일로 - 기타,화물,남,55세,상해없음,보행자,남,40세,중상
2016101500100193,2016년 10월 15일 10시,토요일,충청남도 아산시 송악면,경상사고,0,0,2,0,차대차 - 추돌,안전운전불이행,건조,맑음,단일로 - 기타,승용,남,33세,상해없음,승용,남,49세,경상
2016101500100239,2016년 10월 15일 11시,토요일,충청남도 천안시 서북구 입장면,경상사고,0,0,1,0,차대차 - 기타,안전운전불이행,건조,맑음,교차로 - 교차로부근,승용,여,60세,상해없음,승용,남,63세,경상
2016101500100240,2016년 10월 15일 11시,토요일,충청남도 천안시 동남구 병천면,중상사고,0,1,1,0,차대차 - 추돌,안전운전불이행,건조,맑음,단일로 - 기타,화물,남,55세,상해없음,농기계,남,65세,경상
2016101500100282,2016년 10월 15일 12시,토요일,충청남도 천안시 서북구 직산읍,사망사고,1,0,0,0,차량단독 - 전도전복,안전운전불이행,건조,맑음,단일로 - 기타,이륜,남,28세,사망,,,,
2016101500100283,2016년 10월 15일 12시,토요일,충청남도 아산시 배방읍,경상사고,0,0,1,0,차대차 - 정면충돌,안전운전불이행,건조,맑음,교차로 - 교차로안,승용,여,40세,상해없음,이륜,남,31세,경상
2016101500100315,2016년 10월 15일 13시,토요일,충청남도 아산시 음봉면,중상사고,0,1,1,0,차대차 - 측면충돌,중앙선침범,건조,맑음,단일로 - 기타,화물,남,28세,경상,화물,남,56세,상해없음
2016101500100316,2016년 10월 15일 13시,토요일,충청남도 천안시 서북구 성거읍,경상사고,0,0,4,0,차대차 - 기타,안전운전불이행,건조,맑음,단일로 - 기타,승용,남,34세,상해없음,승용,남,42세,경상
2016101500100362,2016년 10월 15일 14시,토요일,충청남도 서산시 예천동,중상사고,0,1,0,0,차대차 - 측면충돌,신호위반,건조,맑음,교차로 - 교차로안,승용,남,47세,상해없음,자전거,여,22세,중상
2016101500100363,2016년 10월 15일 14시,토요일,충청남도 부여군 외산면,중상사고,0,1,1,0,차대차 - 기타,안전거리미확보,건조,맑음,단일로 - 기타,승용,남,47세,상해없음,이륜,남,84세,중상
2016101500100364,2016년 10월 15일 14시,토요일,충청남도 청양군 청남면,중상사고,0,1,0,0,차대차 - 측면직각충돌,직진우회전진행방해,건조,맑음,교차로 - 교차로부근,원동기,남,83세,중상,승용,여,53세,상해없음
2016101500100365,2016년 10월 15일 14시,토요일,충청남도 천안시 동남구 병천면,경상사고,0,0,3,0,차대차 - 측면충돌,안전운전불이행,건조,맑음,단일로 - 기타,승용,남,68세,상해없음,승용,여,35세,경상
2016101500100366,2016년 10월 15일 14시,토요일,충청남도 천안시 동남구 청당동,경상사고,0,0,1,0,차대사람 - 기타,안전운전불이행,건조,맑음,단일로 - 기타,승용,여,44세,상해없음,보행자,여,34세,경상
2016101500100394,2016년 10월 15일 15시,토요일,충청남도 태안군 남면,경상사고,0,0,4,0,차대차 - 측면직각충돌,안전운전불이행,건조,맑음,단일로 - 기타,승용,남,45세,상해없음,승용,남,30세,경상
2016101500100395,2016년 10월 15일 15시,토요일,충청남도 천안시 서북구 쌍용동,경상사고,0,0,2,0,차대차 - 측면직각충돌,교차로운행방법위반,건조,맑음,교차로 - 교차로안,승용,여,42세,상해없음,원동기,남,60세,경상
2016101500100396,2016년 10월 15일 15시,토요일,충청남도 천안시 서북구 두정동,경상사고,0,0,1,0,차대차 - 측면직각충돌,교차로운행방법위반,건조,맑음,교차로 - 교차로안,승용,남,37세,상해없음,원동기,남,51세,경상
2016101500100458,2016년 10월 15일 17시,토요일,충청남도 천안시 서북구 성거읍,중상사고,0,1,0,0,차량단독 - 기타,안전운전불이행,건조,맑음,단일로 - 기타,승합,남,68세,상해없음,,,,
2016101500100499,2016년 10월 15일 18시,토요일,충청남도 논산시 취암동,경상사고,0,0,1,0,차대차 - 측면충돌,안전운전불이행,건조,맑음,교차로 - 교차로안,화물,남,62세,상해없음,승용,여,77세,경상
2016101500100500,2016년 10월 15일 18시,토요일,충청남도 홍성군 결성면,중상사고,0,1,0,0,차대사람 - 횡단중,안전운전불이행,건조,맑음,단일로 - 기타,승용,남,45세,상해없음,보행자,남,76세,중상
2016101500100501,2016년 10월 15일 18시,토요일,충청남도 예산군 광시면,경상사고,0,0,1,0,차대차 - 추돌,안전운전불이행,건조,맑음,단일로 - 기타,이륜,남,79세,경상,농기계,남,60세,기타불명
2016101500100545,2016년 10월 15일 19시,토요일,충청남도 천안시 서북구 불당동,경상사고,0,0,1,0,차대차 - 측면직각충돌,안전운전불이행,건조,맑음,단일로 - 기타,승용,여,20세,상해없음,원동기,남,44세,경상
2016101500100546,2016년 10월 15일 19시,토요일,충청남도 천안시 서북구 성환읍,중상사고,0,1,0,0,차대사람 - 횡단중,안전운전불이행,건조,맑음,기타 - 기타,승용,남,20세,상해없음,보행자,여,75세,중상
2016101500100547,2016년 10월 15일 19시,토요일,충청남도 논산시 연무읍,중상사고,0,1,0,0,차량단독 - 전도전복,안전운전불이행,건조,맑음,단일로 - 기타,이륜,남,66세,중상,,,,
2016101500100548,2016년 10월 15일 19시,토요일,충청남도 아산시 음봉면,중상사고,0,1,0,0,차대차 - 측면충돌,안전운전불이행,건조,맑음,교차로 - 교차로안,화물,남,51세,상해없음,건설기계,남,62세,중상
2016101500100549,2016년 10월 15일 19시,토요일,충청남도 금산군 금산읍,중상사고,0,1,0,0,차대사람 - 횡단중,보행자보호의무위반,건조,맑음,단일로 - 횡단보도상,승용,남,68세,상해없음,보행자,남,47세,중상
2016101500100594,2016년 10월 15일 20시,토요일,충청남도 보령시 천북면,중상사고,0,1,0,0,차대사람 - 횡단중,안전운전불이행,건조,맑음,교차로 - 교차로안,승합,남,46세,상해없음,보행자,여,70세,중상
2016101500100595,2016년 10월 15일 20시,토요일,충청남도 당진시 송산면,경상사고,0,0,1,0,차대차 - 추돌,안전운전불이행,건조,맑음,단일로 - 기타,승합,남,48세,상해없음,농기계,남,47세,경상
2016101500100596,2016년 10월 15일 20시,토요일,충청남도 천안시 동남구 목천읍,사망사고,1,0,0,0,차량단독 - 공작물충돌,기타,건조,맑음,단일로 - 기타,이륜,남,72세,사망,,,,
2016101500100622,2016년 10월 15일 21시,토요일,충청남도 아산시 인주면,중상사고,0,1,0,0,차대사람 - 기타,안전운전불이행,건조,맑음,단일로 - 기타,승용,여,45세,상해없음,보행자,여,65세,중상
2016101500100623,2016년 10월 15일 21시,토요일,충청남도 아산시 둔포면,경상사고,0,0,1,0,차대차 - 측면충돌,신호위반,건조,맑음,교차로 - 교차로안,승용,여,40세,상해없음,원동기,남,28세,경상
2016101500100651,2016년 10월 15일 22시,토요일,충청남도 당진시 시곡리,경상사고,0,0,3,0,차대차 - 추돌,안전운전불이행,건조,맑음,교차로 - 교차로부근,승용,남,45세,상해없음,승용,남,41세,경상
2016101600100026,2016년 10월 16일 01시,일요일,충청남도 천안시 서북구 두정동,경상사고,0,0,1,0,차대사람 - 길가장자리구역통행중,안전운전불이행,건조,맑음,교차로 - 교차로부근,승용,남,19세,상해없음,보행자,남,21세,경상
2016101600100027,2016년 10월 16일 01시,일요일,충청남도 보령시 동대동,중상사고,0,1,0,0,차대차 - 추돌,안전운전불이행,건조,맑음,단일로 - 기타,화물,남,45세,상해없음,승용,남,28세,중상
2016101600100055,2016년 10월 16일 03시,일요일,충청남도 천안시 서북구 쌍용동,경상사고,0,0,1,0,차대차 - 측면직각충돌,안전운전불이행,건조,맑음,단일로 - 기타,승용,남,27세,상해없음,승용,남,31세,경상
2016101600100068,2016년 10월 16일 04시,일요일,충청남도 서산시 양대동,중상사고,0,1,0,0,차대사람 - 횡단중,안전운전불이행,건조,맑음,교차로 - 교차로안,승용,남,30세,상해없음,보행자,여,74세,중상
2016101600100138,2016년 10월 16일 10시,일요일,충청남도 공주시 신관동,부상신고사고,0,0,0,1,차대사람 - 횡단중,안전운전불이행,건조,흐림,단일로 - 기타,승용,여,54세,상해없음,보행자,여,42세,부상신고
2016101600100157,2016년 10월 16일 11시,일요일,충청남도 천안시 서북구 두정동,중상사고,0,2,2,0,차대차 - 기타,중앙선침범,건조,맑음,단일로 - 기타,승용,남,28세,중상,승용,남,66세,경상
2016101600100178,2016년 10월 16일 12시,일요일,충청남도 태안군 남면,경상사고,0,0,4,0,차대차 - 측면직각충돌,안전운전불이행,건조,맑음,단일로 - 기타,승용,남,69세,상해없음,승용,남,54세,경상
2016101600100327,2016년 10월 16일 16시,일요일,충청남도 논산시 등화동,중상사고,0,3,4,0,차대차 - 추돌,중앙선침범,습기,비,단일로 - 기타,승용,남,34세,상해없음,화물,남,60세,중상
2016101600100328,2016년 10월 16일 16시,일요일,충청남도 당진시 송악읍,경상사고,0,0,1,0,차대차 - 측면충돌,신호위반,습기,흐림,교차로 - 교차로부근,화물,남,33세,상해없음,승용,남,54세,경상
2016101600100366,2016년 10월 16일 17시,일요일,충청남도 논산시 취암동,중상사고,0,2,2,0,차대차 - 측면직각충돌,교차로운행방법위반,습기,비,교차로 - 교차로안,승용,남,43세,상해없음,승용,남,43세,중상
2016101600100409,2016년 10월 16일 18시,일요일,충청남도 아산시 음봉면,경상사고,0,0,3,0,차대차 - 추돌,안전운전불이행,습기,비,기타 - 기타,승용,남,62세,기타불명,승용,남,66세,경상
2016101600100410,2016년 10월 16일 18시,일요일,충청남도 아산시 신창면,경상사고,0,0,1,0,차대차 - 정면충돌,중앙선침범,습기,비,단일로 - 기타,승용,남,52세,상해없음,화물,남,63세,경상
2016101600100411,2016년 10월 16일 18시,일요일,충청남도 아산시 배방읍,경상사고,0,0,2,0,차대차 - 기타,안전운전불이행,습기,비,기타 - 기타,승용,남,39세,상해없음,승용,남,52세,경상
2016101600100412,2016년 10월 16일 18시,일요일,충청남도 당진시 송악읍,경상사고,0,0,1,0,차대차 - 추돌,안전운전불이행,습기,비,교차로 - 교차로부근,화물,남,49세,상해없음,승합,남,46세,경상
2016101600100465,2016년 10월 16일 19시,일요일,충청남도 천안시 서북구 신당동,경상사고,0,0,1,0,차대차 - 측면충돌,신호위반,습기,비,교차로 - 교차로안,승용,여,56세,상해없음,승용,남,64세,경상
2016101600100466,2016년 10월 16일 19시,일요일,충청남도 서천군 서천읍,경상사고,0,0,2,0,차대차 - 추돌,안전운전불이행,습기,비,교차로 - 교차로부근,승용,남,31세,상해없음,승용,남,35세,경상
2016101600100467,2016년 10월 16일 19시,일요일,충청남도 당진시 원당리,경상사고,0,0,2,0,차대차 - 측면직각충돌,직진우회전진행방해,습기,비,교차로 - 교차로안,승용,남,25세,상해없음,승용,남,28세,경상
2016101600100508,2016년 10월 16일 20시,일요일,충청남도 공주시 의당면,경상사고,0,0,2,0,차대차 - 측면직각충돌,중앙선침범,습기,비,단일로 - 기타,화물,남,43세,상해없음,승용,남,61세,경상
2016101600100539,2016년 10월 16일 21시,일요일,충청남도 천안시 서북구 성거읍,사망사고,1,0,0,0,차대차 - 기타,안전운전불이행,습기,비,기타 - 기타,화물,남,53세,상해없음,승합,남,42세,상해없음
2016101600100540,2016년 10월 16일 21시,일요일,충청남도 홍성군 홍성읍,경상사고,0,0,2,0,차대차 - 측면충돌,차로위반,습기,비,단일로 - 기타,승용,남,32세,상해없음,화물,남,53세,경상
2016101600100572,2016년 10월 16일 22시,일요일,충청남도 천안시 동남구 용곡동,경상사고,0,0,1,0,차대차 - 정면충돌,직진우회전진행방해,습기,비,교차로 - 교차로안,승용,여,47세,상해없음,원동기,남,35세,경상
2016101600100592,2016년 10월 16일 23시,일요일,충청남도 공주시 송선동,부상신고사고,0,0,0,1,차대차 - 추돌,안전운전불이행,습기,비,단일로 - 기타,승용,여,53세,부상신고,승용,여,52세,상해없음
2016101700100069,2016년 10월 17일 07시,월요일,충청남도 천안시 서북구 성정동,경상사고,0,0,1,0,차대차 - 측면직각충돌,안전운전불이행,건조,맑음,단일로 - 기타,승용,남,38세,상해없음,승용,남,29세,경상
2016101700100145,2016년 10월 17일 09시,월요일,충청남도 태안군 태안읍,부상신고사고,0,0,0,1,차대사람 - 횡단중,기타,건조,맑음,단일로 - 기타,승합,남,54세,기타불명,보행자,남,66세,부상신고
2016101700100146,2016년 10월 17일 09시,월요일,충청남도 보령시 주산면,중상사고,0,1,0,0,차대차 - 기타,안전운전불이행,건조,맑음,교차로 - 교차로부근,승용,남,64세,상해없음,이륜,남,78세,중상
2016101700100216,2016년 10월 17일 11시,월요일,충청남도 태안군 안면읍,중상사고,0,1,0,0,차량단독 - 전도전복,안전운전불이행,건조,맑음,단일로 - 기타,이륜,남,69세,중상,,,,
2016101700100218,2016년 10월 17일 11시,월요일,충청남도 홍성군 갈산면,중상사고,0,1,2,0,차대차 - 추돌,안전운전불이행,건조,맑음,단일로 - 기타,승용,남,70세,상해없음,승용,여,53세,중상
2016101700100257,2016년 10월 17일 12시,월요일,충청남도 당진시 순성면,경상사고,0,0,1,0,차대차 - 측면충돌,안전운전불이행,건조,맑음,단일로 - 기타,화물,남,74세,상해없음,화물,남,62세,경상
2016101700100289,2016년 10월 17일 13시,월요일,충청남도 서산시 잠홍동,중상사고,0,1,0,0,차대차 - 정면충돌,안전운전불이행,건조,맑음,교차로 - 교차로안,승용,남,61세,상해없음,이륜,남,50세,중상
2016101700100290,2016년 10월 17일 13시,월요일,충청남도 예산군 응봉면,경상사고,0,0,1,0,차대차 - 정면충돌,안전거리미확보,건조,맑음,단일로 - 기타,화물,남,57세,상해없음,화물,남,69세,경상
2016101700100325,2016년 10월 17일 14시,월요일,충청남도 서천군 서천읍,중상사고,0,1,0,0,차대차 - 추돌,안전운전불이행,건조,맑음,교차로 - 교차로안,이륜,남,67세,중상,승용,남,60세,상해없음
2016101700100326,2016년 10월 17일 14시,월요일,충청남도 서천군 종천면,중상사고,0,2,3,0,차대차 - 측면충돌,중앙선침범,건조,맑음,단일로 - 기타,승합,남,66세,경상,화물,남,50세,경상
2016101700100327,2016년 10월 17일 14시,월요일,충청남도 보령시 동대동,경상사고,0,0,1,0,차대사람 - 길가장자리구역통행중,안전운전불이행,건조,맑음,단일로 - 기타,승용,여,45세,상해없음,보행자,남,57세,경상
2016101700100328,2016년 10월 17일 14시,월요일,충청남도 당진시 송악읍,경상사고,0,0,2,0,차대차 - 기타,교차로운행방법위반,건조,맑음,교차로 - 교차로안,화물,남,59세,상해없음,승용,남,31세,경상
2016101700100403,2016년 10월 17일 16시,월요일,충청남도 천안시 서북구 백석동,경상사고,0,0,1,0,차대사람 - 횡단중,안전운전불이행,건조,맑음,단일로 - 기타,승용,여,52세,상해없음,보행자,남,9세,경상
2016101700100404,2016년 10월 17일 16시,월요일,충청남도 아산시 신창면,경상사고,0,0,1,0,차대사람 - 횡단중,보행자보호의무위반,건조,맑음,단일로 - 기타,승용,남,46세,상해없음,보행자,남,7세,경상
2016101700100496,2016년 10월 17일 18시,월요일,충청남도 논산시 양촌면,중상사고,0,1,0,0,차대사람 - 횡단중,안전운전불이행,건조,맑음,단일로 - 기타,승용,남,70세,상해없음,보행자,여,6세,중상
2016101700100497,2016년 10월 17일 18시,월요일,충청남도 아산시 탕정면,경상사고,0,0,1,0,차대차 - 측면충돌,안전운전불이행,건조,맑음,교차로 - 교차로안,승합,여,26세,상해없음,승용,남,38세,경상
2016101700100498,2016년 10월 17일 18시,월요일,충청남도 당진시 채운동,경상사고,0,0,1,0,차대차 - 추돌,안전운전불이행,건조,맑음,단일로 - 기타,승용,남,43세,상해없음,승용,남,46세,경상
2016101700100539,2016년 10월 17일 19시,월요일,충청남도 태안군 태안읍,중상사고,0,1,0,0,차대차 - 정면충돌,안전운전불이행,건조,맑음,단일로 - 기타,화물,남,50세,상해없음,농기계,남,74세,중상
2016101700100540,2016년 10월 17일 19시,월요일,충청남도 천안시 서북구 두정동,중상사고,0,1,0,0,차대차 - 측면직각충돌,신호위반,건조,맑음,교차로 - 교차로안,승용,여,27세,상해없음,원동기,남,25세,중상
2016101700100541,2016년 10월 17일 19시,월요일,충청남도 천안시 동남구 신방동,경상사고,0,0,1,0,차대차 - 추돌,안전운전불이행,건조,맑음,단일로 - 기타,승용,남,45세,상해없음,승용,남,35세,경상
2016101700100587,2016년 10월 17일 20시,월요일,충청남도 서산시 갈산동,사망사고,1,0,0,0,차대사람 - 횡단중,과속,건조,맑음,단일로 - 기타,승용,남,33세,상해없음,보행자,남,68세,사망
2016101700100588,2016년 10월 17일 20시,월요일,충청남도 태안군 이원면,중상사고,0,1,0,0,차대사람 - 횡단중,안전운전불이행,건조,맑음,단일로 - 기타,승용,여,43세,상해없음,보행자,남,74세,중상
2016101700100589,2016년 10월 17일 20시,월요일,충청남도 아산시 음봉면,중상사고,0,1,0,0,차대차 - 기타,안전운전불이행,건조,맑음,교차로 - 교차로안,승용,남,31세,상해없음,이륜,남,31세,중상
2016101700100626,2016년 10월 17일 21시,월요일,충청남도 홍성군 광천읍,경상사고,0,0,4,0,차대차 - 기타,안전운전불이행,건조,맑음,단일로 - 기타,승용,여,55세,상해없음,승용,남,51세,경상
2016101700100627,2016년 10월 17일 21시,월요일,충청남도 홍성군 홍성읍,중상사고,0,1,0,0,차대사람 - 횡단중,안전운전불이행,건조,맑음,단일로 - 기타,기타불명,기타불명,기타불명,기타불명,보행자,남,62세,중상
2016101700100628,2016년 10월 17일 21시,월요일,충청남도 보령시 내항동,중상사고,0,1,0,0,차량단독 - 전도전복,안전운전불이행,습기,맑음,단일로 - 교량,이륜,남,17세,상해없음,,,,
2016101700100647,2016년 10월 17일 22시,월요일,충청남도 태안군 안면읍,중상사고,0,1,0,0,차량단독 - 전도전복,안전운전불이행,건조,맑음,단일로 - 기타,승용,여,52세,중상,,,,
2016101700100648,2016년 10월 17일 22시,월요일,충청남도 홍성군 홍성읍,경상사고,0,0,1,0,차대차 - 기타,교차로운행방법위반,건조,맑음,교차로 - 교차로안,승용,남,53세,상해없음,화물,남,51세,경상
2016101800100007,2016년 10월 18일 00시,화요일,충청남도 서산시 동문동,경상사고,0,0,1,0,차대차 - 정면충돌,안전운전불이행,건조,맑음,교차로 - 교차로안,승용,여,44세,경상,승용,남,45세,상해없음
2016101800100046,2016년 10월 18일 05시,화요일,충청남도 예산군 예산읍,경상사고,0,0,2,0,차대차 - 측면충돌,신호위반,건조,맑음,교차로 - 교차로안,승용,남,49세,경상,화물,남,43세,경상
2016101800100083,2016년 10월 18일 07시,화요일,충청남도 보령시 신흑동,경상사고,0,0,1,0,차대차 - 측면충돌,신호위반,건조,맑음,교차로 - 교차로안,화물,남,56세,상해없음,승용,여,49세,경상
2016101800100127,2016년 10월 18일 08시,화요일,충청남도 태안군 태안읍,경상사고,0,0,1,0,차대사람 - 횡단중,안전운전불이행,건조,맑음,기타 - 기타,승용,남,58세,기타불명,보행자,여,8세,경상
2016101800100128,2016년 10월 18일 08시,화요일,충청남도 천안시 서북구 성거읍,경상사고,0,0,1,0,차대사람 - 횡단중,기타,건조,맑음,단일로 - 횡단보도부근,화물,남,42세,상해없음,보행자,여,9세,경상
2016101800100129,2016년 10월 18일 08시,화요일,충청남도 아산시 모종동,경상사고,0,0,1,0,차대차 - 기타,안전운전불이행,건조,맑음,단일로 - 기타,승용,남,56세,경상,승용,남,23세,상해없음
2016101800100171,2016년 10월 18일 09시,화요일,충청남도 서산시 예천동,경상사고,0,0,1,0,차대차 - 측면충돌,신호위반,건조,맑음,교차로 - 교차로안,화물,남,38세,상해없음,승용,여,34세,경상
2016101800100172,2016년 10월 18일 09시,화요일,충청남도 서산시 읍내동,경상사고,0,0,1,0,차대차 - 측면충돌,안전운전불이행,건조,맑음,기타 - 기타,승합,여,46세,상해없음,자전거,남,72세,경상
2016101800100173,2016년 10월 18일 09시,화요일,충청남도 부여군 부여읍,경상사고,0,0,1,0,차대차 - 추돌,안전운전불이행,건조,맑음,교차로 - 교차로부근,화물,남,46세,상해없음,승용,남,56세,경상
2016101800100174,2016년 10월 18일 09시,화요일,충청남도 금산군 복수면,경상사고,0,0,1,0,차대차 - 추돌,안전운전불이행,건조,맑음,단일로 - 기타,이륜,남,67세,경상,화물,남,45세,상해없음
2016101800100200,2016년 10월 18일 10시,화요일,충청남도 천안시 동남구 성황동,중상사고,0,1,0,0,차대사람 - 횡단중,안전운전불이행,건조,맑음,교차로 - 교차로부근,승용,남,58세,상해없음,보행자,여,66세,중상
2016101800100255,2016년 10월 18일 12시,화요일,충청남도 보령시 궁촌동,경상사고,0,0,1,0,차대차 - 정면충돌,교차로운행방법위반,건조,맑음,교차로 - 교차로안,승용,여,39세,상해없음,이륜,남,82세,경상
2016101800100256,2016년 10월 18일 12시,화요일,충청남도 당진시 읍내리,중상사고,0,1,0,0,차대차 - 기타,안전운전불이행,건조,맑음,교차로 - 교차로부근,원동기,여,66세,중상,건설기계,남,50세,상해없음
2016101800100313,2016년 10월 18일 14시,화요일,충청남도 아산시 온천동,중상사고,0,1,0,0,차대차 - 측면직각충돌,안전운전불이행,건조,맑음,교차로 - 교차로안,승용,남,79세,상해없음,이륜,남,88세,중상
2016101800100314,2016년 10월 18일 14시,화요일,충청남도 공주시 웅진동,중상사고,0,1,2,0,차대차 - 측면충돌,교차로운행방법위반,건조,맑음,교차로 - 교차로안,화물,남,35세,경상,승용,남,24세,중상
2016101800100315,2016년 10월 18일 14시,화요일,충청남도 예산군 예산읍,중상사고,0,1,0,0,차대차 - 측면충돌,직진우회전진행방해,건조,맑음,교차로 - 교차로안,승용,남,44세,상해없음,이륜,남,77세,중상
2016101800100380,2016년 10월 18일 16시,화요일,충청남도 논산시 벌곡면,중상사고,0,3,2,0,차대차 - 정면충돌,중앙선침범,건조,맑음,단일로 - 기타,승용,남,62세,상해없음,화물,남,51세,경상
2016101800100416,2016년 10월 18일 17시,화요일,충청남도 홍성군 갈산면,경상사고,0,0,1,0,차대차 - 측면충돌,안전운전불이행,건조,맑음,교차로 - 교차로안,화물,남,50세,상해없음,승용,남,49세,경상
2016101800100455,2016년 10월 18일 18시,화요일,충청남도 천안시 서북구 직산읍,경상사고,0,0,1,0,차대차 - 추돌,안전운전불이행,건조,맑음,단일로 - 기타,승용,남,25세,상해없음,승용,남,37세,경상
2016101800100456,2016년 10월 18일 18시,화요일,충청남도 아산시 모종동,경상사고,0,0,3,0,차대차 - 추돌,안전운전불이행,건조,맑음,교차로 - 교차로부근,승용,여,32세,상해없음,승용,남,59세,경상
2016101800100458,2016년 10월 18일 18시,화요일,충청남도 당진시 송악읍,경상사고,0,0,1,0,차대차 - 측면직각충돌,안전운전불이행,건조,맑음,단일로 - 기타,화물,남,56세,상해없음,승용,남,46세,경상
2016101800100594,2016년 10월 18일 21시,화요일,충청남도 서천군 서면,경상사고,0,0,1,0,차량단독 - 전도전복,안전운전불이행,건조,맑음,교차로 - 교차로안,원동기,남,40세,경상,,,,
2016101800100595,2016년 10월 18일 21시,화요일,충청남도 당진시 읍내리,경상사고,0,0,1,0,차대차 - 추돌,안전운전불이행,건조,맑음,교차로 - 교차로부근,승용,남,49세,상해없음,승용,남,61세,경상
2016101900100013,2016년 10월 19일 00시,수요일,충청남도 천안시 서북구 쌍용동,경상사고,0,0,1,0,차대차 - 측면직각충돌,안전거리미확보,건조,맑음,교차로 - 교차로안,승용,남,39세,상해없음,원동기,남,17세,경상
2016101900100051,2016년 10월 19일 05시,수요일,충청남도 아산시 탕정면,경상사고,0,0,1,0,차대사람 - 횡단중,신호위반,기타,안개,교차로 - 교차로안,승용,남,65세,상해없음,보행자,남,25세,경상
2016101900100063,2016년 10월 19일 06시,수요일,충청남도 논산시 연무읍,사망사고,2,0,0,0,차대차 - 측면충돌,교차로운행방법위반,습기,안개,교차로 - 교차로안,화물,남,48세,상해없음,이륜,남,58세,사망
2016101900100064,2016년 10월 19일 06시,수요일,충청남도 예산군 오가면,사망사고,1,0,0,0,차대차 - 측면충돌,안전운전불이행,습기,안개,단일로 - 기타,화물,남,43세,상해없음,자전거,남,67세,사망
2016101900100111,2016년 10월 19일 08시,수요일,충청남도 서산시 예천동,중상사고,0,1,0,0,차대차 - 측면충돌,안전거리미확보,건조,맑음,단일로 - 기타,이륜,남,77세,중상,승용,남,35세,상해없음
2016101900100112,2016년 10월 19일 08시,수요일,충청남도 태안군 소원면,중상사고,0,1,0,0,차대차 - 측면충돌,안전운전불이행,건조,맑음,단일로 - 기타,농기계,남,77세,중상,화물,남,35세,상해없음
2016101900100113,2016년 10월 19일 08시,수요일,충청남도 공주시 신관동,중상사고,0,1,0,0,차대사람 - 기타,안전운전불이행,건조,맑음,단일로 - 기타,승용,남,21세,상해없음,보행자,남,15세,중상
2016101900100148,2016년 10월 19일 09시,수요일,충청남도 당진시 시곡리,경상사고,0,0,2,0,차대차 - 측면직각충돌,안전거리미확보,건조,맑음,단일로 - 기타,승용,남,68세,상해없음,승용,남,62세,경상
2016101900100149,2016년 10월 19일 09시,수요일,충청남도 당진시 원당리,경상사고,0,0,2,0,차대차 - 측면충돌,안전거리미확보,건조,맑음,교차로 - 교차로부근,승용,여,56세,상해없음,승용,남,32세,경상
2016101900100238,2016년 10월 19일 12시,수요일,충청남도 홍성군 갈산면,중상사고,0,1,1,0,차대차 - 기타,안전운전불이행,건조,맑음,교차로 - 교차로안,화물,남,41세,상해없음,승용,여,61세,중상
2016101900100240,2016년 10월 19일 12시,수요일,충청남도 논산시 벌곡면,경상사고,0,0,4,0,차대차 - 추돌,안전운전불이행,건조,맑음,단일로 - 기타,승용,남,57세,상해없음,승용,남,54세,경상
2016101900100270,2016년 10월 19일 13시,수요일,충청남도 태안군 태안읍,중상사고,0,1,0,0,차대차 - 추돌,안전운전불이행,건조,맑음,단일로 - 기타,화물,남,53세,상해없음,승합,남,55세,중상
2016101900100271,2016년 10월 19일 13시,수요일,충청남도 천안시 서북구 성환읍,경상사고,0,0,1,0,차대차 - 추돌,안전운전불이행,건조,맑음,단일로 - 기타,화물,남,33세,상해없음,승합,여,53세,경상
2016101900100272,2016년 10월 19일 13시,수요일,충청남도 공주시 월송동,경상사고,0,0,1,0,차대차 - 측면충돌,직진우회전진행방해,건조,맑음,교차로 - 교차로안,승용,여,46세,기타불명,승용,남,36세,경상