사고번호,사고일시,요일,시군구,사고내용,사망자수,중상자수,경상자수,부상신고자수,사고유형,법규위반,노면상태,기상상태,도로형태,가해운전자 차종,가해운전자 성별,가해운전자 연령,가해운전자 상해정도,피해운전자 차종,피해운전자 성별,피해운전자 연령,피해운전자 상해정도
2016101900100273,2016년 10월 19일 13시,수요일,충청남도 당진시 읍내리,경상사고,0,0,3,0,차대차 - 추돌,안전거리미확보,건조,맑음,단일로 - 기타,승용,남,56세,상해없음,승용,남,49세,경상
2016101900100305,2016년 10월 19일 14시,수요일,충청남도 아산시 온천동,경상사고,0,0,3,0,차대차 - 추돌,안전운전불이행,건조,맑음,기타 - 기타,승용,여,29세,상해없음,승용,여,32세,경상
2016101900100342,2016년 10월 19일 15시,수요일,충청남도 태안군 태안읍,경상사고,0,0,1,0,차대차 - 정면충돌,교차로운행방법위반,건조,맑음,교차로 - 교차로안,승용,남,55세,상해없음,이륜,남,38세,경상
2016101900100343,2016년 10월 19일 15시,수요일,충청남도 천안시 서북구 성환읍,중상사고,0,1,0,0,차대차 - 측면충돌,교차로운행방법위반,건조,맑음,교차로 - 교차로안,승용,남,28세,상해없음,이륜,남,75세,중상
2016101900100380,2016년 10월 19일 16시,수요일,충청남도 당진시 석문면,중상사고,0,1,0,0,차량단독 - 전도전복,안전운전불이행,건조,맑음,교차로 - 교차로부근,승용,남,19세,상해없음,,,,
2016101900100422,2016년 10월 19일 17시,수요일,충청남도 아산시 용화동,중상사고,0,1,0,0,차대차 - 기타,직진우회전진행방해,건조,맑음,교차로 - 교차로안,승용,남,49세,상해없음,자전거,여,74세,중상
2016101900100423,2016년 10월 19일 17시,수요일,충청남도 서천군 서천읍,중상사고,0,1,0,0,차대사람 - 횡단중,안전운전불이행,건조,맑음,단일로 - 기타,화물,남,61세,상해없음,보행자,남,13세,중상
2016101900100469,2016년 10월 19일 18시,수요일,충청남도 논산시 양촌면,중상사고,0,1,0,0,차량단독 - 전도전복,안전운전불이행,건조,맑음,단일로 - 기타,화물,남,48세,중상,,,,
2016101900100470,2016년 10월 19일 18시,수요일,충청남도 홍성군 홍성읍,경상사고,0,0,2,0,차대차 - 정면충돌,교차로운행방법위반,건조,맑음,교차로 - 교차로안,승용,여,56세,경상,승용,남,61세,경상
2016101900100471,2016년 10월 19일 18시,수요일,충청남도 홍성군 홍성읍,중상사고,0,1,0,0,차대차 - 측면직각충돌,기타,건조,맑음,교차로 - 교차로안,승용,남,73세,상해없음,자전거,남,78세,중상
2016101900100533,2016년 10월 19일 19시,수요일,충청남도 부여군 양화면,사망사고,1,0,0,0,차량단독 - 기타,안전운전불이행,건조,맑음,단일로 - 기타,이륜,남,62세,사망,,,,
2016101900100534,2016년 10월 19일 19시,수요일,충청남도 금산군 금산읍,경상사고,0,0,1,0,차대차 - 측면충돌,안전운전불이행,건조,맑음,단일로 - 기타,화물,남,41세,상해없음,건설기계,남,48세,기타불명
2016101900100576,2016년 10월 19일 20시,수요일,충청남도 천안시 서북구 두정동,경상사고,0,0,4,0,차대차 - 정면충돌,신호위반,건조,맑음,교차로 - 교차로안,승용,남,52세,상해없음,승용,여,23세,경상
2016101900100577,2016년 10월 19일 20시,수요일,충청남도 천안시 동남구 원성동,중상사고,0,1,1,0,차대차 - 측면충돌,안전거리미확보,건조,맑음,단일로 - 기타,승용,남,31세,상해없음,승용,남,76세,중상
2016101900100614,2016년 10월 19일 21시,수요일,충청남도 천안시 동남구 신부동,부상신고사고,0,0,0,1,차대차 - 추돌,안전운전불이행,건조,맑음,단일로 - 기타,기타불명,기타불명,기타불명,기타불명,승용,여,38세,부상신고
2016101900100637,2016년 10월 19일 22시,수요일,충청남도 아산시 인주면,경상사고,0,0,2,0,차대차 - 측면충돌,안전운전불이행,건조,맑음,단일로 - 기타,승용,남,56세,상해없음,승용,남,28세,경상
2016101900100663,2016년 10월 19일 23시,수요일,충청남도 천안시 서북구 성정동,중상사고,0,1,0,0,차대차 - 측면직각충돌,안전운전불이행,건조,맑음,단일로 - 기타,화물,남,40세,상해없음,자전거,남,49세,중상
2016102000100044,2016년 10월 20일 04시,목요일,충청남도 당진시 신평면,중상사고,0,1,0,0,차대차 - 추돌,안전운전불이행,건조,맑음,단일로 - 기타,화물,남,44세,중상,농기계,남,66세,상해없음
2016102000100085,2016년 10월 20일 07시,목요일,충청남도 천안시 동남구 사직동,경상사고,0,0,1,0,차대사람 - 횡단중,안전운전불이행,건조,맑음,단일로 - 기타,승용,남,66세,상해없음,보행자,여,66세,경상
2016102000100114,2016년 10월 20일 08시,목요일,충청남도 태안군 태안읍,부상신고사고,0,0,0,1,차대차 - 측면직각충돌,직진우회전진행방해,건조,맑음,교차로 - 교차로안,승용,여,27세,부상신고,화물,남,65세,상해없음
2016102000100115,2016년 10월 20일 08시,목요일,충청남도 천안시 서북구 신당동,중상사고,0,1,0,0,차대차 - 기타,안전운전불이행,건조,맑음,단일로 - 기타,승용,남,35세,상해없음,원동기,남,26세,중상
2016102000100116,2016년 10월 20일 08시,목요일,충청남도 부여군 석성면,중상사고,0,1,0,0,차대차 - 측면직각충돌,교차로운행방법위반,건조,맑음,교차로 - 교차로안,화물,남,54세,상해없음,특수,남,36세,중상
2016102000100117,2016년 10월 20일 08시,목요일,충청남도 천안시 동남구 신부동,경상사고,0,0,1,0,차대차 - 측면직각충돌,안전운전불이행,건조,맑음,교차로 - 교차로부근,승합,남,66세,상해없음,승합,남,39세,경상
2016102000100186,2016년 10월 20일 10시,목요일,충청남도 천안시 서북구 성환읍,경상사고,0,0,1,0,차대차 - 정면충돌,안전운전불이행,건조,맑음,교차로 - 교차로안,승용,남,19세,상해없음,원동기,남,74세,경상
2016102000100187,2016년 10월 20일 10시,목요일,충청남도 아산시 인주면,중상사고,0,1,0,0,차대차 - 추돌,중앙선침범,건조,맑음,단일로 - 기타,승용,남,84세,상해없음,화물,남,31세,중상
2016102000100216,2016년 10월 20일 11시,목요일,충청남도 예산군 봉산면,경상사고,0,0,1,0,차대차 - 추돌,안전운전불이행,건조,맑음,단일로 - 기타,승용,남,80세,상해없음,이륜,남,66세,경상
2016102000100258,2016년 10월 20일 13시,목요일,충청남도 공주시 소학동,중상사고,0,1,0,0,차대차 - 기타,안전운전불이행,건조,맑음,단일로 - 기타,화물,남,38세,상해없음,화물,남,56세,중상
2016102000100259,2016년 10월 20일 13시,목요일,충청남도 천안시 동남구 삼룡동,경상사고,0,0,1,0,차대차 - 추돌,안전거리미확보,건조,맑음,교차로 - 교차로부근,화물,남,41세,상해없음,승용,남,62세,경상
2016102000100312,2016년 10월 20일 15시,목요일,충청남도 서산시 읍내동,부상신고사고,0,0,0,1,차대차 - 정면충돌,안전운전불이행,건조,흐림,교차로 - 교차로안,이륜,남,79세,부상신고,승용,여,35세,상해없음
2016102000100313,2016년 10월 20일 15시,목요일,충청남도 아산시 모종동,부상신고사고,0,0,0,1,차대차 - 추돌,안전운전불이행,건조,맑음,교차로 - 교차로부근,기타불명,기타불명,기타불명,기타불명,승용,여,54세,부상신고
2016102000100436,2016년 10월 20일 18시,목요일,충청남도 태안군 남면,중상사고,0,1,0,0,차대사람 - 횡단중,안전운전불이행,건조,흐림,단일로 - 기타,화물,남,55세,상해없음,보행자,여,43세,중상
2016102000100437,2016년 10월 20일 18시,목요일,충청남도 천안시 동남구 목천읍,경상사고,0,0,1,0,차대사람 - 차도통행중,안전운전불이행,건조,맑음,단일로 - 기타,승용,남,37세,상해없음,보행자,남,59세,경상
2016102000100438,2016년 10월 20일 18시,목요일,충청남도 천안시 동남구 광덕면,중상사고,0,2,2,0,차대사람 - 기타,안전운전불이행,건조,맑음,단일로 - 기타,승용,남,32세,경상,보행자,남,69세,중상
2016102000100485,2016년 10월 20일 19시,목요일,충청남도 금산군 금산읍,경상사고,0,0,1,0,차대차 - 측면충돌,직진우회전진행방해,건조,맑음,교차로 - 교차로안,원동기,남,74세,경상,승용,남,50세,상해없음
2016102000100486,2016년 10월 20일 19시,목요일,충청남도 청양군 청양읍,경상사고,0,0,3,0,차대차 - 측면직각충돌,교차로운행방법위반,건조,맑음,교차로 - 교차로안,승용,여,43세,상해없음,승용,남,62세,경상
2016102000100562,2016년 10월 20일 21시,목요일,충청남도 천안시 서북구 성거읍,경상사고,0,0,1,0,차대차 - 추돌,중앙선침범,건조,맑음,단일로 - 기타,화물,남,48세,상해없음,승용,여,55세,경상
2016102000100563,2016년 10월 20일 21시,목요일,충청남도 당진시 송산면,경상사고,0,0,1,0,차대차 - 측면충돌,교차로운행방법위반,건조,맑음,교차로 - 교차로안,승용,남,34세,상해없음,이륜,남,33세,경상
2016102000100592,2016년 10월 20일 22시,목요일,충청남도 천안시 서북구 입장면,중상사고,0,1,0,0,차대차 - 정면충돌,중앙선침범,건조,맑음,교차로 - 교차로부근,승용,여,29세,상해없음,이륜,남,56세,중상
2016102000100593,2016년 10월 20일 22시,목요일,충청남도 부여군 부여읍,중상사고,0,1,0,0,차대차 - 측면직각충돌,안전운전불이행,건조,맑음,교차로 - 교차로안,화물,여,65세,기타불명,이륜,남,18세,상해없음
2016102000100594,2016년 10월 20일 22시,목요일,충청남도 천안시 동남구 목천읍,경상사고,0,0,1,0,차대차 - 추돌,안전운전불이행,건조,맑음,단일로 - 기타,이륜,남,26세,상해없음,이륜,남,18세,경상
2016102000100617,2016년 10월 20일 23시,목요일,충청남도 홍성군 결성면,부상신고사고,0,0,0,1,차대차 - 측면직각충돌,안전운전불이행,건조,흐림,단일로 - 기타,농기계,남,53세,기타불명,승용,남,47세,부상신고
2016102100100051,2016년 10월 21일 02시,금요일,충청남도 공주시 중학동,경상사고,0,0,1,0,차대차 - 추돌,안전운전불이행,건조,맑음,단일로 - 기타,승용,남,32세,경상,승용,남,50세,상해없음
2016102100100062,2016년 10월 21일 04시,금요일,충청남도 천안시 서북구 차암동,중상사고,0,1,0,0,차대차 - 추돌,안전운전불이행,건조,맑음,단일로 - 기타,승용,남,31세,상해없음,승용,여,48세,중상
2016102100100073,2016년 10월 21일 05시,금요일,충청남도 당진시 면천면,경상사고,0,0,1,0,차대차 - 기타,안전운전불이행,건조,맑음,기타 - 기타,화물,남,49세,상해없음,화물,남,52세,경상
2016102100100096,2016년 10월 21일 06시,금요일,충청남도 서산시 해미면,중상사고,0,1,0,0,차대차 - 정면충돌,안전운전불이행,건조,맑음,단일로 - 기타,승용,남,73세,중상,승용,남,42세,상해없음
2016102100100152,2016년 10월 21일 08시,금요일,충청남도 서산시 대산읍,경상사고,0,0,1,0,차대차 - 정면충돌,중앙선침범,건조,맑음,단일로 - 기타,승용,남,42세,상해없음,승용,남,47세,경상
2016102100100194,2016년 10월 21일 09시,금요일,충청남도 금산군 금성면,경상사고,0,0,2,0,차대차 - 측면직각충돌,직진우회전진행방해,건조,맑음,교차로 - 교차로안,화물,남,60세,상해없음,승용,여,40세,경상
2016102100100195,2016년 10월 21일 09시,금요일,충청남도 천안시 동남구 대흥동,중상사고,0,1,0,0,차대사람 - 횡단중,보행자보호의무위반,건조,맑음,단일로 - 횡단보도상,승용,여,60세,상해없음,보행자,여,80세,중상
2016102100100305,2016년 10월 21일 13시,금요일,충청남도 천안시 동남구 신부동,중상사고,0,1,0,0,차대사람 - 길가장자리구역통행중,안전운전불이행,건조,맑음,단일로 - 기타,승합,남,57세,상해없음,보행자,여,83세,중상
2016102100100306,2016년 10월 21일 13시,금요일,충청남도 천안시 동남구 구성동,경상사고,0,0,1,0,차대차 - 측면직각충돌,안전거리미확보,건조,맑음,단일로 - 기타,승용,남,79세,상해없음,승용,여,44세,경상
2016102100100422,2016년 10월 21일 16시,금요일,충청남도 천안시 서북구 부대동,경상사고,0,0,1,0,차대차 - 측면직각충돌,안전운전불이행,건조,맑음,단일로 - 기타,화물,남,58세,상해없음,승용,남,50세,경상
2016102100100423,2016년 10월 21일 16시,금요일,충청남도 천안시 서북구 쌍용동,중상사고,0,1,1,0,차대차 - 측면직각충돌,신호위반,건조,맑음,교차로 - 교차로안,승용,남,54세,상해없음,승용,남,58세,경상
2016102100100424,2016년 10월 21일 16시,금요일,충청남도 아산시 인주면,경상사고,0,0,1,0,차대차 - 추돌,안전운전불이행,건조,맑음,기타 - 기타,화물,남,45세,상해없음,승용,여,33세,경상
2016102100100425,2016년 10월 21일 16시,금요일,충청남도 아산시 배방읍,중상사고,0,1,0,0,차대차 - 측면직각충돌,신호위반,건조,맑음,교차로 - 교차로안,승용,여,47세,상해없음,승용,남,39세,중상
2016102100100426,2016년 10월 21일 16시,금요일,충청남도 공주시 신관동,중상사고,0,1,0,0,차대차 - 측면직각충돌,교차로운행방법위반,건조,맑음,교차로 - 교차로안,승용,여,37세,상해없음,이륜,남,48세,중상
2016102100100457,2016년 10월 21일 17시,금요일,충청남도 천안시 서북구 쌍용동,경상사고,0,0,1,0,차대차 - 기타,안전운전불이행,건조,맑음,단일로 - 기타,승용,여,27세,상해없음,승용,남,35세,경상
2016102100100458,2016년 10월 21일 17시,금요일,충청남도 천안시 서북구 직산읍,경상사고,0,0,1,0,차대차 - 추돌,안전거리미확보,건조,맑음,단일로 - 기타,화물,남,45세,상해없음,승용,남,44세,경상
2016102100100507,2016년 10월 21일 18시,금요일,충청남도 공주시 계룡면,경상사고,0,0,1,0,차대사람 - 횡단중,안전운전불이행,건조,맑음,단일로 - 기타,승용,여,54세,상해없음,보행자,여,16세,경상
2016102100100508,2016년 10월 21일 18시,금요일,충청남도 당진시 석문면,경상사고,0,0,1,0,차대차 - 추돌,안전운전불이행,건조,맑음,단일로 - 기타,승용,남,63세,상해없음,농기계,남,52세,경상
2016102100100509,2016년 10월 21일 18시,금요일,충청남도 당진시 신평면,중상사고,0,1,0,0,차대사람 - 횡단중,안전운전불이행,건조,맑음,단일로 - 기타,승용,남,52세,상해없음,보행자,남,46세,중상
2016102100100576,2016년 10월 21일 19시,금요일,충청남도 서산시 석남동,중상사고,0,1,0,0,차대사람 - 횡단중,신호위반,건조,맑음,단일로 - 기타,승용,남,60세,상해없음,보행자,남,48세,중상
2016102100100577,2016년 10월 21일 19시,금요일,충청남도 서산시 석림동,경상사고,0,0,1,0,차대차 - 정면충돌,안전운전불이행,건조,맑음,교차로 - 교차로안,승용,남,56세,상해없음,승용,남,36세,경상
2016102100100578,2016년 10월 21일 19시,금요일,충청남도 아산시 신창면,중상사고,0,1,0,0,차대사람 - 횡단중,보행자보호의무위반,건조,맑음,단일로 - 횡단보도상,승용,남,27세,상해없음,보행자,여,46세,중상
2016102100100579,2016년 10월 21일 19시,금요일,충청남도 서천군 마산면,사망사고,1,0,0,0,차대사람 - 기타,안전운전불이행,건조,맑음,단일로 - 기타,승용,여,50세,상해없음,보행자,여,82세,사망
2016102100100580,2016년 10월 21일 19시,금요일,충청남도 서천군 비인면,중상사고,0,1,0,1,차대차 - 추돌,안전운전불이행,건조,맑음,교차로 - 교차로부근,승용,남,62세,부상신고,승용,여,63세,중상
2016102100100638,2016년 10월 21일 20시,금요일,충청남도 천안시 서북구 성정동,경상사고,0,0,1,0,차대차 - 측면직각충돌,중앙선침범,건조,맑음,단일로 - 기타,승용,남,34세,상해없음,원동기,남,41세,경상
2016102100100639,2016년 10월 21일 20시,금요일,충청남도 논산시 채운면,부상신고사고,0,0,0,1,차량단독 - 전도전복,안전운전불이행,건조,맑음,단일로 - 기타,화물,남,51세,부상신고,,,,
2016102100100640,2016년 10월 21일 20시,금요일,충청남도 아산시 송악면,경상사고,0,0,1,0,차대차 - 추돌,안전운전불이행,건조,맑음,교차로 - 교차로부근,승용,남,47세,상해없음,승용,남,37세,경상
2016102100100687,2016년 10월 21일 21시,금요일,충청남도 천안시 서북구 성정동,경상사고,0,0,1,0,차대사람 - 횡단중,안전운전불이행,건조,맑음,교차로 - 교차로부근,승용,남,59세,상해없음,보행자,여,73세,경상
2016102100100688,2016년 10월 21일 21시,금요일,충청남도 논산시 대교동,경상사고,0,0,1,0,차대차 - 정면충돌,교차로운행방법위반,건조,맑음,교차로 - 교차로안,이륜,남,18세,상해없음,승용,여,63세,상해없음
2016102100100725,2016년 10월 21일 22시,금요일,충청남도 아산시 온천동,경상사고,0,0,1,0,차대차 - 추돌,안전운전불이행,건조,맑음,기타 - 기타,승용,남,23세,상해없음,승용,남,53세,경상
2016102200100107,2016년 10월 22일 07시,토요일,충청남도 서산시 음암면,중상사고,0,1,3,0,차대차 - 정면충돌,안전운전불이행,건조,맑음,단일로 - 기타,승용,남,53세,경상,승합,남,52세,상해없음
2016102200100240,2016년 10월 22일 12시,토요일,충청남도 아산시 염치읍,경상사고,0,0,3,0,차대차 - 측면직각충돌,안전운전불이행,건조,맑음,교차로 - 교차로안,화물,남,57세,상해없음,승용,남,36세,경상
2016102200100241,2016년 10월 22일 12시,토요일,충청남도 서천군 한산면,경상사고,0,0,2,0,차대차 - 측면직각충돌,직진우회전진행방해,건조,맑음,교차로 - 교차로안,승용,여,62세,경상,화물,남,52세,경상
2016102200100242,2016년 10월 22일 12시,토요일,충청남도 보령시 동대동,중상사고,0,1,0,0,차대차 - 정면충돌,중앙선침범,건조,맑음,단일로 - 기타,승용,남,70세,상해없음,원동기,남,41세,중상
2016102200100279,2016년 10월 22일 13시,토요일,충청남도 부여군 홍산면,중상사고,0,1,0,0,차대차 - 측면직각충돌,교차로운행방법위반,건조,맑음,교차로 - 교차로안,승합,남,57세,상해없음,이륜,남,74세,중상
2016102200100312,2016년 10월 22일 14시,토요일,충청남도 당진시 석문면,부상신고사고,0,0,0,1,차대차 - 측면직각충돌,교차로운행방법위반,건조,맑음,교차로 - 교차로안,승합,남,54세,상해없음,화물,남,47세,부상신고
2016102200100355,2016년 10월 22일 15시,토요일,충청남도 태안군 태안읍,부상신고사고,0,0,0,2,차대차 - 측면직각충돌,안전거리미확보,건조,맑음,단일로 - 기타,승용,남,44세,부상신고,건설기계,남,46세,상해없음
2016102200100423,2016년 10월 22일 17시,토요일,충청남도 아산시 영인면,경상사고,0,0,2,0,차대차 - 추돌,안전운전불이행,건조,맑음,단일로 - 기타,화물,남,41세,상해없음,승용,남,23세,경상
2016102200100527,2016년 10월 22일 19시,토요일,충청남도 서산시 동문동,경상사고,0,0,1,0,차대사람 - 횡단중,안전운전불이행,건조,맑음,단일로 - 기타,승합,남,59세,상해없음,보행자,남,48세,경상
2016102200100528,2016년 10월 22일 19시,토요일,충청남도 천안시 서북구 성거읍,경상사고,0,0,1,0,차대차 - 측면충돌,안전운전불이행,건조,맑음,교차로 - 교차로부근,화물,남,59세,상해없음,승용,남,37세,경상
2016102200100529,2016년 10월 22일 19시,토요일,충청남도 논산시 연산면,중상사고,0,1,0,0,차대사람 - 차도통행중,안전운전불이행,건조,맑음,단일로 - 기타,승합,남,54세,상해없음,보행자,남,56세,중상
2016102200100530,2016년 10월 22일 19시,토요일,충청남도 예산군 삽교읍,경상사고,0,0,1,0,차대차 - 추돌,안전운전불이행,건조,맑음,단일로 - 기타,승용,남,56세,상해없음,승용,남,37세,경상
2016102200100558,2016년 10월 22일 20시,토요일,충청남도 천안시 서북구 성정동,경상사고,0,0,1,0,차대차 - 측면직각충돌,신호위반,건조,맑음,교차로 - 교차로안,이륜,남,34세,상해없음,이륜,남,22세,경상
2016102200100613,2016년 10월 22일 22시,토요일,충청남도 논산시 지산동,중상사고,0,1,0,0,차대차 - 추돌,안전운전불이행,건조,맑음,교차로 - 교차로부근,승용,남,30세,상해없음,승용,남,53세,중상
2016102200100614,2016년 10월 22일 22시,토요일,충청남도 아산시 배방읍,경상사고,0,0,4,0,차대차 - 기타,신호위반,건조,맑음,교차로 - 교차로안,승용,남,38세,상해없음,승용,남,24세,경상
2016102200100633,2016년 10월 22일 23시,토요일,충청남도 서산시 석림동,중상사고,0,2,4,0,차대차 - 추돌,안전운전불이행,건조,맑음,교차로 - 교차로부근,화물,남,50세,상해없음,승용,남,64세,중상
2016102300100014,2016년 10월 23일 00시,일요일,충청남도 공주시 중동,사망사고,1,0,0,0,차대사람 - 횡단중,안전운전불이행,건조,맑음,기타 - 기타,승용,남,55세,상해없음,보행자,남,46세,사망
2016102300100015,2016년 10월 23일 00시,일요일,충청남도 금산군 금산읍,중상사고,0,3,0,0,차대차 - 추돌,안전운전불이행,건조,맑음,단일로 - 기타,승용,남,53세,상해없음,특수,남,48세,기타불명
2016102300100037,2016년 10월 23일 01시,일요일,충청남도 천안시 동남구 봉명동,경상사고,0,0,1,0,차대차 - 정면충돌,안전운전불이행,건조,맑음,교차로 - 교차로부근,화물,남,49세,상해없음,승용,여,56세,경상
2016102300100076,2016년 10월 23일 05시,일요일,충청남도 천안시 서북구 두정동,중상사고,0,1,2,0,차대차 - 측면직각충돌,안전운전불이행,건조,맑음,단일로 - 기타,승용,남,22세,상해없음,승용,남,38세,기타불명
2016102300100098,2016년 10월 23일 07시,일요일,충청남도 천안시 동남구 신방동,중상사고,0,1,2,0,차대차 - 측면직각충돌,신호위반,건조,맑음,교차로 - 교차로안,승용,남,55세,경상,승용,여,31세,경상
2016102300100099,2016년 10월 23일 07시,일요일,충청남도 아산시 신창면,경상사고,0,0,1,0,차대차 - 측면충돌,교차로운행방법위반,건조,맑음,단일로 - 기타,승용,남,43세,상해없음,이륜,남,74세,상해없음
2016102300100100,2016년 10월 23일 07시,일요일,충청남도 부여군 규암면,경상사고,0,0,3,0,차대차 - 추돌,안전운전불이행,건조,맑음,교차로 - 교차로부근,건설기계,남,39세,상해없음,승용,남,55세,경상
2016102300100118,2016년 10월 23일 08시,일요일,충청남도 아산시 염치읍,중상사고,0,3,2,7,차량단독 - 공작물충돌,안전운전불이행,건조,흐림,교차로 - 교차로안,승합,남,62세,상해없음,,,,
2016102300100134,2016년 10월 23일 09시,일요일,충청남도 논산시 은진면,중상사고,0,1,0,0,차대차 - 정면충돌,안전운전불이행,건조,맑음,교차로 - 교차로안,승용,여,42세,상해없음,이륜,여,71세,중상
2016102300100156,2016년 10월 23일 10시,일요일,충청남도 천안시 동남구 신부동,경상사고,0,0,2,0,차대차 - 추돌,안전운전불이행,건조,맑음,단일로 - 기타,화물,남,39세,상해없음,승용,남,47세,경상
2016102300100179,2016년 10월 23일 11시,일요일,충청남도 천안시 서북구 성환읍,경상사고,0,0,1,0,차대차 - 측면충돌,교차로운행방법위반,건조,맑음,교차로 - 교차로안,승용,여,38세,경상,승용,남,59세,상해없음
2016102300100200,2016년 10월 23일 12시,일요일,충청남도 금산군 금산읍,중상사고,0,1,0,0,차대차 - 측면직각충돌,교차로운행방법위반,건조,흐림,교차로 - 교차로안,승용,남,53세,상해없음,원동기,여,76세,중상
2016102300100266,2016년 10월 23일 15시,일요일,충청남도 논산시 연산면,부상신고사고,0,0,0,1,차량단독 - 전도전복,안전운전불이행,건조,맑음,단일로 - 기타,이륜,남,72세,부상신고,,,,
2016102300100267,2016년 10월 23일 15시,일요일,충청남도 공주시 월송동,중상사고,0,1,0,0,차대차 - 기타,안전운전불이행,건조,흐림,단일로 - 기타,승용,남,60세,기타불명,승용,여,50세,중상
2016102300100304,2016년 10월 23일 16시,일요일,충청남도 서산시 부석면,경상사고,0,0,5,0,차대차 - 정면충돌,중앙선침범,건조,맑음,기타 - 기타,승용,여,31세,기타불명,승용,여,36세,경상
2016102300100305,2016년 10월 23일 16시,일요일,충청남도 천안시 서북구 직산읍,중상사고,0,1,0,0,차대차 - 추돌,안전운전불이행,건조,맑음,단일로 - 기타,승용,여,58세,상해없음,승용,여,49세,중상
2016102300100306,2016년 10월 23일 16시,일요일,충청남도 서천군 판교면,경상사고,0,0,3,0,차대차 - 측면충돌,안전운전불이행,건조,맑음,교차로 - 교차로안,화물,여,48세,경상,승용,남,59세,경상
2016102300100307,2016년 10월 23일 16시,일요일,충청남도 당진시 송악읍,경상사고,0,0,1,0,차대사람 - 기타,안전운전불이행,건조,맑음,단일로 - 기타,승합,남,55세,상해없음,보행자,여,58세,경상
2016102300100344,2016년 10월 23일 17시,일요일,충청남도 아산시 탕정면,중상사고,0,2,1,0,차대차 - 정면충돌,안전운전불이행,건조,맑음,교차로 - 교차로안,승용,남,53세,상해없음,승용,남,55세,경상
2016102300100345,2016년 10월 23일 17시,일요일,충청남도 아산시 탕정면,중상사고,0,1,1,0,차대차 - 기타,안전운전불이행,습기,비,단일로 - 기타,승용,남,54세,상해없음,승용,남,21세,경상
2016102300100346,2016년 10월 23일 17시,일요일,충청남도 서천군 서천읍,경상사고,0,0,1,0,차대차 - 기타,안전운전불이행,습기,비,교차로 - 교차로안,자전거,남,68세,경상,승용,남,26세,상해없음
2016102300100389,2016년 10월 23일 18시,일요일,충청남도 홍성군 홍성읍,중상사고,0,1,0,0,차대사람 - 횡단중,안전운전불이행,습기,비,단일로 - 기타,화물,남,64세,상해없음,보행자,남,63세,중상
2016102300100390,2016년 10월 23일 18시,일요일,충청남도 아산시 배방읍,중상사고,0,1,0,0,차대사람 - 횡단중,신호위반,습기,비,교차로 - 교차로안,승용,남,65세,상해없음,보행자,여,53세,중상
2016102300100391,2016년 10월 23일 18시,일요일,충청남도 공주시 신관동,경상사고,0,0,1,0,차대차 - 추돌,안전운전불이행,습기,비,교차로 - 교차로부근,이륜,남,22세,경상,승용,남,39세,상해없음
2016102300100392,2016년 10월 23일 18시,일요일,충청남도 예산군 응봉면,중상사고,0,1,3,0,차대차 - 추돌,안전거리미확보,습기,비,단일로 - 기타,화물,남,49세,상해없음,승용,남,51세,경상
2016102300100393,2016년 10월 23일 18시,일요일,충청남도 천안시 동남구 신방동,경상사고,0,0,3,0,차대차 - 정면충돌,안전운전불이행,건조,맑음,교차로 - 교차로안,승용,남,55세,상해없음,승용,남,36세,경상
2016102300100451,2016년 10월 23일 19시,일요일,충청남도 논산시 취암동,중상사고,0,1,0,0,차대사람 - 길가장자리구역통행중,안전운전불이행,습기,비,교차로 - 교차로안,승용,남,47세,상해없음,보행자,여,14세,중상
2016102300100481,2016년 10월 23일 20시,일요일,충청남도 홍성군 홍성읍,경상사고,0,0,2,0,차대차 - 측면충돌,안전운전불이행,습기,비,교차로 - 교차로안,승용,여,28세,경상,화물,남,50세,경상
2016102300100482,2016년 10월 23일 20시,일요일,충청남도 홍성군 은하면,경상사고,0,0,1,0,차대차 - 추돌,안전운전불이행,습기,비,교차로 - 교차로안,승용,남,60세,상해없음,화물,남,48세,경상
2016102400100051,2016년 10월 24일 06시,월요일,충청남도 천안시 서북구 입장면,중상사고,0,1,0,0,차대차 - 추돌,안전운전불이행,건조,맑음,단일로 - 기타,승용,남,67세,상해없음,농기계,남,71세,중상
2016102400100052,2016년 10월 24일 06시,월요일,충청남도 천안시 서북구 성환읍,경상사고,0,0,2,0,차대차 - 측면충돌,안전운전불이행,건조,맑음,단일로 - 기타,승합,남,53세,상해없음,승합,남,68세,상해없음
2016102400100053,2016년 10월 24일 06시,월요일,충청남도 서천군 서천읍,경상사고,0,0,1,0,차대차 - 측면직각충돌,교차로운행방법위반,건조,맑음,교차로 - 교차로안,건설기계,남,55세,상해없음,원동기,남,61세,경상
2016102400100054,2016년 10월 24일 06시,월요일,충청남도 부여군 홍산면,중상사고,0,1,0,0,차대차 - 측면직각충돌,신호위반,건조,흐림,교차로 - 교차로안,화물,남,37세,상해없음,화물,남,59세,중상
2016102400100081,2016년 10월 24일 07시,월요일,충청남도 예산군 신양면,중상사고,0,1,0,0,차대사람 - 길가장자리구역통행중,안전운전불이행,건조,맑음,단일로 - 기타,화물,남,33세,상해없음,보행자,여,68세,중상