사고번호,사고일시,요일,시군구,사고내용,사망자수,중상자수,경상자수,부상신고자수,사고유형,법규위반,노면상태,기상상태,도로형태,가해운전자 차종,가해운전자 성별,가해운전자 연령,가해운전자 상해정도,피해운전자 차종,피해운전자 성별,피해운전자 연령,피해운전자 상해정도
2016102800100512,2016년 10월 28일 19시,금요일,충청남도 천안시 서북구 성정동,중상사고,0,1,0,0,차대차 - 정면충돌,안전운전불이행,건조,맑음,교차로 - 교차로안,화물,남,68세,상해없음,이륜,남,57세,중상
2016102800100513,2016년 10월 28일 19시,금요일,충청남도 논산시 취암동,중상사고,0,1,3,0,차대차 - 정면충돌,직진우회전진행방해,건조,맑음,교차로 - 교차로안,승용,남,45세,상해없음,승용,남,52세,중상
2016102800100514,2016년 10월 28일 19시,금요일,충청남도 당진시 석문면,경상사고,0,0,1,0,차대차 - 측면충돌,중앙선침범,건조,맑음,단일로 - 기타,승용,남,48세,상해없음,승용,남,53세,경상
2016102800100553,2016년 10월 28일 20시,금요일,충청남도 태안군 태안읍,중상사고,0,1,2,0,차대차 - 정면충돌,신호위반,습기,비,교차로 - 교차로안,승용,남,58세,경상,승용,여,50세,경상
2016102800100554,2016년 10월 28일 20시,금요일,충청남도 서산시 석림동,경상사고,0,0,2,0,차대차 - 측면직각충돌,안전운전불이행,건조,맑음,교차로 - 교차로안,승합,여,41세,상해없음,승용,남,30세,경상
2016102800100630,2016년 10월 28일 22시,금요일,충청남도 천안시 서북구 성정동,경상사고,0,0,1,0,차대차 - 기타,교차로운행방법위반,건조,맑음,교차로 - 교차로안,화물,남,58세,상해없음,승용,남,27세,경상
2016102900100092,2016년 10월 29일 06시,토요일,충청남도 서산시 성연면,중상사고,0,1,4,0,차대차 - 측면충돌,신호위반,습기,안개,교차로 - 교차로안,승용,여,62세,상해없음,승용,남,48세,상해없음
2016102900100121,2016년 10월 29일 08시,토요일,충청남도 천안시 동남구 신부동,경상사고,0,0,2,0,차대차 - 측면직각충돌,안전운전불이행,건조,맑음,교차로 - 교차로안,승용,남,24세,상해없음,승용,남,36세,경상
2016102900100147,2016년 10월 29일 09시,토요일,충청남도 아산시 배방읍,경상사고,0,0,1,0,차대차 - 정면충돌,중앙선침범,건조,맑음,교차로 - 교차로부근,승용,남,37세,상해없음,승용,남,59세,경상
2016102900100148,2016년 10월 29일 09시,토요일,충청남도 예산군 예산읍,중상사고,0,2,0,1,차대차 - 측면직각충돌,신호위반,건조,흐림,교차로 - 교차로안,승용,여,55세,부상신고,승용,여,42세,중상
2016102900100173,2016년 10월 29일 10시,토요일,충청남도 아산시 배방읍,중상사고,0,1,0,0,차대사람 - 횡단중,안전운전불이행,건조,맑음,기타 - 기타,승용,남,52세,상해없음,보행자,남,53세,중상
2016102900100174,2016년 10월 29일 10시,토요일,충청남도 아산시 배방읍,중상사고,0,1,1,0,차대차 - 추돌,안전운전불이행,건조,맑음,단일로 - 기타,승용,여,55세,상해없음,승용,남,64세,중상
2016102900100204,2016년 10월 29일 11시,토요일,충청남도 서산시 인지면,중상사고,0,2,0,0,차대차 - 정면충돌,중앙선침범,건조,맑음,단일로 - 기타,승용,남,62세,상해없음,승용,남,62세,중상
2016102900100205,2016년 10월 29일 11시,토요일,충청남도 공주시 신관동,중상사고,0,2,3,0,차대차 - 측면직각충돌,안전운전불이행,건조,맑음,교차로 - 교차로부근,승용,남,43세,상해없음,승합,남,51세,경상
2016102900100236,2016년 10월 29일 12시,토요일,충청남도 당진시 신평면,경상사고,0,0,3,0,차대차 - 측면충돌,교차로운행방법위반,건조,맑음,교차로 - 교차로안,화물,남,38세,상해없음,승용,여,23세,경상
2016102900100267,2016년 10월 29일 13시,토요일,충청남도 서산시 음암면,경상사고,0,0,1,0,차대차 - 정면충돌,안전운전불이행,건조,맑음,단일로 - 기타,승용,남,74세,경상,승용,남,46세,기타불명
2016102900100268,2016년 10월 29일 13시,토요일,충청남도 아산시 음봉면,경상사고,0,0,1,0,차대차 - 정면충돌,안전운전불이행,건조,맑음,단일로 - 기타,이륜,남,23세,경상,건설기계,남,48세,상해없음
2016102900100269,2016년 10월 29일 13시,토요일,충청남도 아산시 탕정면,경상사고,0,0,2,0,차대차 - 측면직각충돌,안전운전불이행,건조,맑음,교차로 - 교차로안,승용,여,48세,상해없음,승용,남,33세,경상
2016102900100270,2016년 10월 29일 13시,토요일,충청남도 보령시 청라면,경상사고,0,0,2,2,차대차 - 정면충돌,직진우회전진행방해,건조,맑음,교차로 - 교차로안,화물,남,73세,상해없음,승용,여,40세,부상신고
2016102900100271,2016년 10월 29일 13시,토요일,충청남도 부여군 규암면,중상사고,0,1,0,0,차대사람 - 기타,안전운전불이행,건조,맑음,단일로 - 기타,화물,남,50세,상해없음,보행자,남,79세,중상
2016102900100272,2016년 10월 29일 13시,토요일,충청남도 공주시 정안면,경상사고,0,0,1,0,차대사람 - 횡단중,안전운전불이행,건조,맑음,단일로 - 기타,승용,남,50세,상해없음,보행자,여,48세,경상
2016102900100312,2016년 10월 29일 14시,토요일,충청남도 아산시 온천동,경상사고,0,0,1,0,차대차 - 측면충돌,직진우회전진행방해,건조,맑음,교차로 - 교차로안,이륜,남,52세,경상,승용,남,49세,상해없음
2016102900100345,2016년 10월 29일 15시,토요일,충청남도 홍성군 홍북면,경상사고,0,0,1,0,차대차 - 측면충돌,안전운전불이행,건조,맑음,단일로 - 기타,승용,남,37세,상해없음,승용,남,52세,경상
2016102900100411,2016년 10월 29일 17시,토요일,충청남도 천안시 서북구 성정동,중상사고,0,1,0,0,차대사람 - 횡단중,안전운전불이행,건조,맑음,단일로 - 기타,승용,남,31세,상해없음,보행자,남,60세,중상
2016102900100465,2016년 10월 29일 18시,토요일,충청남도 서산시 성연면,중상사고,0,3,0,0,차대차 - 정면충돌,신호위반,건조,맑음,교차로 - 교차로안,승용,남,46세,상해없음,승용,여,33세,중상
2016102900100466,2016년 10월 29일 18시,토요일,충청남도 태안군 남면,중상사고,0,1,5,0,차대차 - 정면충돌,안전운전불이행,건조,맑음,교차로 - 교차로부근,화물,남,25세,상해없음,승용,남,52세,경상
2016102900100467,2016년 10월 29일 18시,토요일,충청남도 홍성군 홍성읍,중상사고,0,1,0,0,차대사람 - 횡단중,보행자보호의무위반,건조,맑음,단일로 - 횡단보도상,승용,남,31세,상해없음,보행자,남,57세,중상
2016102900100468,2016년 10월 29일 18시,토요일,충청남도 보령시 성주면,중상사고,0,1,0,0,차대사람 - 길가장자리구역통행중,안전운전불이행,건조,맑음,단일로 - 기타,승합,남,57세,상해없음,보행자,남,73세,중상
2016102900100540,2016년 10월 29일 20시,토요일,충청남도 천안시 서북구 두정동,중상사고,0,1,0,0,차대사람 - 횡단중,보행자보호의무위반,건조,맑음,교차로 - 교차로안,승합,남,35세,상해없음,보행자,남,55세,중상
2016102900100541,2016년 10월 29일 20시,토요일,충청남도 논산시 노성면,중상사고,0,2,1,0,차대차 - 추돌,안전거리미확보,건조,맑음,단일로 - 기타,승용,여,33세,상해없음,승합,남,59세,중상
2016102900100613,2016년 10월 29일 23시,토요일,충청남도 아산시 온천동,경상사고,0,0,1,0,차대사람 - 횡단중,안전운전불이행,건조,맑음,교차로 - 교차로부근,승합,남,44세,상해없음,보행자,남,54세,경상
2016103000100038,2016년 10월 30일 01시,일요일,충청남도 아산시 도고면,경상사고,0,0,1,0,차대사람 - 횡단중,안전운전불이행,건조,맑음,단일로 - 기타,기타불명,기타불명,기타불명,기타불명,보행자,남,37세,경상
2016103000100057,2016년 10월 30일 02시,일요일,충청남도 공주시 월송동,경상사고,0,0,1,0,차량단독 - 전도전복,안전운전불이행,건조,맑음,단일로 - 기타,승용,남,27세,경상,,,,
2016103000100082,2016년 10월 30일 03시,일요일,충청남도 천안시 서북구 성정동,경상사고,0,0,1,0,차대차 - 추돌,안전운전불이행,건조,맑음,단일로 - 기타,승용,여,24세,상해없음,승용,남,64세,경상
2016103000100094,2016년 10월 30일 05시,일요일,충청남도 서산시 석림동,중상사고,0,1,0,0,차대사람 - 횡단중,안전운전불이행,건조,맑음,교차로 - 교차로부근,화물,남,54세,상해없음,보행자,여,67세,중상
2016103000100100,2016년 10월 30일 06시,일요일,충청남도 논산시 연산면,중상사고,0,2,0,0,차대차 - 측면충돌,직진우회전진행방해,건조,맑음,교차로 - 교차로안,승합,남,60세,상해없음,화물,남,62세,중상
2016103000100110,2016년 10월 30일 07시,일요일,충청남도 천안시 서북구 성정동,경상사고,0,0,1,0,차대차 - 측면충돌,중앙선침범,건조,맑음,교차로 - 교차로부근,승용,남,30세,기타불명,화물,남,51세,경상
2016103000100111,2016년 10월 30일 07시,일요일,충청남도 당진시 읍내리,경상사고,0,0,2,0,차대차 - 측면충돌,교차로운행방법위반,건조,맑음,교차로 - 교차로안,승용,남,23세,상해없음,승용,남,55세,경상
2016103000100146,2016년 10월 30일 09시,일요일,충청남도 천안시 서북구 성거읍,경상사고,0,0,1,0,차대차 - 측면충돌,신호위반,건조,맑음,교차로 - 교차로안,건설기계,남,42세,상해없음,승용,여,57세,경상
2016103000100170,2016년 10월 30일 10시,일요일,충청남도 홍성군 홍성읍,경상사고,0,0,1,0,차대차 - 추돌,안전운전불이행,건조,맑음,단일로 - 기타,승용,남,25세,상해없음,승용,남,44세,경상
2016103000100171,2016년 10월 30일 10시,일요일,충청남도 보령시 천북면,중상사고,0,1,0,0,차량단독 - 전도전복,안전운전불이행,건조,맑음,단일로 - 기타,승용,남,82세,상해없음,,,,
2016103000100193,2016년 10월 30일 11시,일요일,충청남도 태안군 소원면,경상사고,0,0,2,0,차대차 - 추돌,안전운전불이행,건조,맑음,교차로 - 교차로부근,승용,남,42세,경상,승용,남,62세,경상
2016103000100194,2016년 10월 30일 11시,일요일,충청남도 천안시 동남구 원성동,경상사고,0,0,1,0,차대차 - 측면직각충돌,교차로운행방법위반,건조,맑음,교차로 - 교차로안,승용,남,62세,상해없음,이륜,남,34세,경상
2016103000100272,2016년 10월 30일 14시,일요일,충청남도 금산군 금산읍,중상사고,0,1,0,0,차대사람 - 횡단중,안전운전불이행,건조,맑음,교차로 - 교차로안,승용,남,74세,상해없음,보행자,여,79세,중상
2016103000100314,2016년 10월 30일 15시,일요일,충청남도 천안시 서북구 두정동,경상사고,0,0,1,0,차대차 - 측면직각충돌,직진우회전진행방해,건조,맑음,교차로 - 교차로안,승용,남,31세,상해없음,승용,남,23세,경상
2016103000100345,2016년 10월 30일 16시,일요일,충청남도 계룡시 신도안면,경상사고,0,0,1,0,차량단독 - 전도전복,안전운전불이행,건조,맑음,단일로 - 기타,화물,남,49세,경상,,,,
2016103000100370,2016년 10월 30일 17시,일요일,충청남도 천안시 동남구 삼룡동,경상사고,0,0,1,0,차대차 - 측면직각충돌,안전운전불이행,건조,맑음,교차로 - 교차로부근,승용,남,43세,상해없음,승용,여,42세,경상
2016103000100409,2016년 10월 30일 18시,일요일,충청남도 태안군 근흥면,경상사고,0,0,1,0,차대차 - 측면직각충돌,중앙선침범,건조,맑음,기타 - 기타,농기계,남,60세,경상,승용,여,41세,상해없음
2016103000100411,2016년 10월 30일 18시,일요일,충청남도 청양군 청양읍,중상사고,0,1,0,0,차량단독 - 전도전복,안전운전불이행,건조,맑음,단일로 - 기타,자전거,여,76세,중상,,,,
2016103000100412,2016년 10월 30일 18시,일요일,충청남도 천안시 동남구 용곡동,부상신고사고,0,0,0,1,차대차 - 추돌,안전운전불이행,습기,맑음,단일로 - 기타,승용,남,43세,상해없음,승용,남,31세,부상신고
2016103000100413,2016년 10월 30일 18시,일요일,충청남도 천안시 동남구 용곡동,경상사고,0,0,3,0,차대차 - 기타,안전운전불이행,건조,맑음,단일로 - 기타,승용,남,43세,상해없음,승용,남,29세,경상
2016103000100416,2016년 10월 30일 18시,일요일,충청남도 당진시 송악읍,경상사고,0,0,1,0,차대차 - 추돌,안전거리미확보,건조,맑음,단일로 - 기타,승용,여,35세,상해없음,승용,남,51세,경상
2016103000100442,2016년 10월 30일 19시,일요일,충청남도 서산시 인지면,중상사고,0,1,0,0,차량단독 - 전도전복,안전운전불이행,건조,맑음,기타 - 기타,이륜,남,16세,중상,,,,
2016103000100443,2016년 10월 30일 19시,일요일,충청남도 아산시 음봉면,중상사고,0,1,0,0,차대차 - 정면충돌,안전운전불이행,건조,맑음,단일로 - 기타,승용,남,25세,상해없음,원동기,남,36세,중상
2016103000100446,2016년 10월 30일 19시,일요일,충청남도 당진시 읍내리,경상사고,0,0,2,0,차대차 - 추돌,안전운전불이행,건조,맑음,단일로 - 기타,승용,남,40세,상해없음,승용,남,36세,경상
2016103000100447,2016년 10월 30일 19시,일요일,충청남도 천안시 동남구 사직동,중상사고,0,1,0,0,차대사람 - 횡단중,보행자보호의무위반,건조,맑음,단일로 - 기타,승용,남,58세,상해없음,보행자,여,51세,중상
2016103000100481,2016년 10월 30일 20시,일요일,충청남도 논산시 취암동,중상사고,0,3,2,0,차대차 - 추돌,안전운전불이행,건조,맑음,교차로 - 교차로부근,승용,남,49세,상해없음,승용,남,27세,중상
2016103000100482,2016년 10월 30일 20시,일요일,충청남도 서천군 서천읍,중상사고,0,1,8,0,차대차 - 측면직각충돌,직진우회전진행방해,건조,맑음,교차로 - 교차로안,승용,남,61세,경상,승합,남,62세,경상
2016103000100483,2016년 10월 30일 20시,일요일,충청남도 천안시 동남구 목천읍,부상신고사고,0,0,0,1,차대사람 - 횡단중,안전운전불이행,건조,맑음,단일로 - 기타,승용,남,48세,상해없음,보행자,여,18세,부상신고
2016103000100513,2016년 10월 30일 21시,일요일,충청남도 천안시 서북구 입장면,사망사고,1,0,0,0,차대차 - 측면충돌,안전운전불이행,건조,맑음,단일로 - 기타,승용,남,33세,상해없음,승용,남,29세,사망
2016103000100514,2016년 10월 30일 21시,일요일,충청남도 홍성군 광천읍,경상사고,0,0,2,0,차대차 - 측면충돌,교차로운행방법위반,건조,맑음,교차로 - 교차로안,승용,남,59세,상해없음,승용,여,59세,경상
2016103000100515,2016년 10월 30일 21시,일요일,충청남도 천안시 동남구 구성동,중상사고,0,1,0,0,차대사람 - 횡단중,안전운전불이행,기타,흐림,단일로 - 횡단보도부근,승합,남,46세,상해없음,보행자,남,28세,중상
2016103100100021,2016년 10월 31일 02시,월요일,충청남도 홍성군 구항면,중상사고,0,1,0,0,차량단독 - 전도전복,안전운전불이행,건조,맑음,단일로 - 기타,승용,남,18세,중상,,,,
2016103100100033,2016년 10월 31일 04시,월요일,충청남도 아산시 모종동,중상사고,0,1,0,0,차대차 - 추돌,안전운전불이행,건조,맑음,교차로 - 교차로안,승용,여,40세,상해없음,자전거,남,15세,중상
2016103100100034,2016년 10월 31일 04시,월요일,충청남도 공주시 우성면,부상신고사고,0,0,0,1,차량단독 - 공작물충돌,안전운전불이행,건조,맑음,단일로 - 기타,승용,남,26세,부상신고,,,,
2016103100100066,2016년 10월 31일 06시,월요일,충청남도 천안시 서북구 성거읍,중상사고,0,1,1,0,차대차 - 기타,신호위반,건조,맑음,교차로 - 교차로부근,승용,남,59세,상해없음,승용,남,50세,경상
2016103100100067,2016년 10월 31일 06시,월요일,충청남도 천안시 동남구 다가동,경상사고,0,0,1,0,차대차 - 측면직각충돌,안전운전불이행,건조,흐림,교차로 - 교차로안,승용,남,64세,상해없음,승용,남,67세,상해없음
2016103100100119,2016년 10월 31일 08시,월요일,충청남도 천안시 서북구 쌍용동,경상사고,0,0,2,0,차대차 - 기타,신호위반,건조,맑음,단일로 - 기타,승용,남,48세,상해없음,승용,남,34세,경상
2016103100100154,2016년 10월 31일 09시,월요일,충청남도 천안시 서북구 불당동,경상사고,0,0,1,0,차대사람 - 기타,안전운전불이행,건조,맑음,교차로 - 교차로부근,승용,여,52세,상해없음,보행자,남,34세,경상
2016103100100180,2016년 10월 31일 10시,월요일,충청남도 공주시 우성면,중상사고,0,1,1,0,차대차 - 측면직각충돌,안전운전불이행,건조,맑음,교차로 - 교차로안,화물,남,54세,상해없음,승용,남,72세,중상
2016103100100206,2016년 10월 31일 11시,월요일,충청남도 천안시 서북구 두정동,경상사고,0,0,1,0,차대차 - 추돌,안전운전불이행,건조,맑음,미분류 - 미분류,승용,여,62세,상해없음,승용,여,32세,경상
2016103100100207,2016년 10월 31일 11시,월요일,충청남도 서천군 장항읍,중상사고,0,1,0,0,차대차 - 측면직각충돌,교차로운행방법위반,건조,맑음,교차로 - 교차로안,승용,여,56세,상해없음,이륜,남,73세,중상
2016103100100260,2016년 10월 31일 13시,월요일,충청남도 금산군 금성면,중상사고,0,1,0,0,차대차 - 측면충돌,신호위반,건조,흐림,교차로 - 교차로안,화물,남,57세,상해없음,승용,여,33세,중상
2016103100100288,2016년 10월 31일 14시,월요일,충청남도 천안시 서북구 불당동,경상사고,0,0,1,0,차대차 - 측면충돌,교차로운행방법위반,건조,맑음,교차로 - 교차로안,승용,남,47세,상해없음,승용,여,26세,경상
2016103100100289,2016년 10월 31일 14시,월요일,충청남도 논산시 연무읍,중상사고,0,1,0,0,차대사람 - 차도통행중,안전운전불이행,건조,흐림,단일로 - 기타,승용,남,65세,상해없음,보행자,여,60세,중상
2016103100100318,2016년 10월 31일 15시,월요일,충청남도 태안군 태안읍,중상사고,0,1,0,0,차대차 - 측면충돌,교차로운행방법위반,건조,맑음,교차로 - 교차로안,화물,남,78세,상해없음,승용,남,60세,중상
2016103100100387,2016년 10월 31일 17시,월요일,충청남도 논산시 강경읍,중상사고,0,2,0,0,차대차 - 기타,안전운전불이행,건조,맑음,단일로 - 기타,화물,남,68세,상해없음,승합,남,69세,중상
2016103100100388,2016년 10월 31일 17시,월요일,충청남도 당진시 석문면,경상사고,0,0,1,0,차대차 - 측면직각충돌,중앙선침범,습기,비,단일로 - 기타,화물,남,50세,상해없음,승용,남,59세,경상
2016103100100438,2016년 10월 31일 18시,월요일,충청남도 서산시 해미면,경상사고,0,0,3,0,차대차 - 추돌,안전운전불이행,건조,맑음,교차로 - 교차로부근,승용,여,55세,경상,승용,남,45세,경상
2016103100100439,2016년 10월 31일 18시,월요일,충청남도 천안시 서북구 쌍용동,경상사고,0,0,1,0,차대차 - 기타,차로위반,건조,맑음,단일로 - 기타,승용,남,81세,상해없음,승용,남,46세,경상
2016103100100440,2016년 10월 31일 18시,월요일,충청남도 청양군 청양읍,사망사고,1,0,0,0,차대사람 - 기타,안전운전불이행,건조,흐림,교차로 - 교차로안,화물,남,47세,상해없음,보행자,여,72세,사망
2016103100100441,2016년 10월 31일 18시,월요일,충청남도 천안시 동남구 신방동,경상사고,0,0,1,0,차대차 - 추돌,차로위반,건조,맑음,단일로 - 기타,화물,남,51세,상해없음,승용,남,27세,경상
2016103100100499,2016년 10월 31일 19시,월요일,충청남도 천안시 동남구 신방동,부상신고사고,0,0,0,1,차대차 - 정면충돌,안전운전불이행,건조,맑음,교차로 - 교차로부근,승용,남,55세,상해없음,이륜,남,17세,부상신고
2016103100100541,2016년 10월 31일 20시,월요일,충청남도 천안시 서북구 성정동,경상사고,0,0,1,0,차대사람 - 기타,안전운전불이행,건조,맑음,기타 - 기타,승용,남,34세,상해없음,보행자,남,39세,경상
2016103100100542,2016년 10월 31일 20시,월요일,충청남도 당진시 읍내리,중상사고,0,1,1,0,차대차 - 측면직각충돌,신호위반,건조,맑음,교차로 - 교차로안,승용,남,28세,상해없음,승용,여,39세,중상
2016103100100543,2016년 10월 31일 20시,월요일,충청남도 천안시 동남구 봉명동,경상사고,0,0,1,0,차대차 - 정면충돌,직진우회전진행방해,건조,맑음,교차로 - 교차로안,승용,여,36세,상해없음,이륜,남,34세,경상
2016103100100591,2016년 10월 31일 22시,월요일,충청남도 천안시 서북구 성정동,경상사고,0,0,1,0,차대차 - 측면직각충돌,안전운전불이행,건조,맑음,교차로 - 교차로부근,승용,남,51세,상해없음,원동기,남,48세,경상
2016103100100614,2016년 10월 31일 23시,월요일,충청남도 천안시 서북구 쌍용동,중상사고,0,1,0,0,차대사람 - 횡단중,신호위반,건조,맑음,교차로 - 교차로부근,승용,남,51세,상해없음,보행자,남,54세,중상
2016103100100615,2016년 10월 31일 23시,월요일,충청남도 천안시 서북구 성거읍,사망사고,1,0,0,0,차대차 - 추돌,안전운전불이행,건조,맑음,단일로 - 기타,승용,남,41세,사망,화물,남,50세,기타불명
2016110100100012,2016년 11월 1일 00시,화요일,충청남도 논산시 성동면,사망사고,1,0,0,0,차대사람 - 횡단중,안전운전불이행,건조,맑음,단일로 - 기타,승용,남,19세,상해없음,보행자,여,84세,사망
2016110100100013,2016년 11월 1일 00시,화요일,충청남도 아산시 탕정면,부상신고사고,0,0,0,1,차대사람 - 기타,안전운전불이행,건조,맑음,교차로 - 교차로부근,승용,여,47세,상해없음,보행자,남,22세,부상신고
2016110100100063,2016년 11월 1일 06시,화요일,충청남도 아산시 염치읍,경상사고,0,0,1,0,차대차 - 추돌,안전운전불이행,건조,맑음,교차로 - 교차로부근,승용,남,63세,상해없음,승용,남,36세,경상
2016110100100084,2016년 11월 1일 07시,화요일,충청남도 천안시 서북구 성정동,경상사고,0,0,1,0,차대차 - 기타,안전운전불이행,건조,맑음,교차로 - 교차로안,승용,남,47세,상해없음,승용,남,32세,경상
2016110100100085,2016년 11월 1일 07시,화요일,충청남도 천안시 서북구 성정동,중상사고,0,1,0,0,차대차 - 기타,안전운전불이행,건조,맑음,단일로 - 기타,승합,남,37세,상해없음,화물,남,40세,중상
2016110100100086,2016년 11월 1일 07시,화요일,충청남도 홍성군 홍성읍,중상사고,0,1,1,0,차대차 - 측면충돌,교차로운행방법위반,건조,맑음,교차로 - 교차로안,승용,남,57세,상해없음,원동기,남,77세,중상
2016110100100133,2016년 11월 1일 08시,화요일,충청남도 서천군 서면,중상사고,0,1,0,0,차대사람 - 기타,안전운전불이행,건조,맑음,단일로 - 기타,승용,여,67세,상해없음,보행자,여,7세,중상
2016110100100134,2016년 11월 1일 08시,화요일,충청남도 예산군 삽교읍,경상사고,0,0,2,0,차대차 - 측면직각충돌,중앙선침범,건조,맑음,단일로 - 기타,화물,남,56세,경상,승용,여,28세,경상
2016110100100135,2016년 11월 1일 08시,화요일,충청남도 당진시 우강면,중상사고,0,2,0,0,차대차 - 측면직각충돌,교차로운행방법위반,건조,맑음,교차로 - 교차로안,승용,여,53세,중상,화물,남,32세,중상
2016110100100183,2016년 11월 1일 09시,화요일,충청남도 서산시 성연면,경상사고,0,0,1,0,차대차 - 측면직각충돌,신호위반,건조,맑음,교차로 - 교차로안,특수,남,48세,상해없음,승용,남,55세,경상
2016110100100210,2016년 11월 1일 10시,화요일,충청남도 아산시 온천동,경상사고,0,0,1,0,차대사람 - 횡단중,안전운전불이행,건조,맑음,단일로 - 기타,승용,남,45세,상해없음,보행자,여,78세,경상
2016110100100211,2016년 11월 1일 10시,화요일,충청남도 청양군 청양읍,경상사고,0,0,1,0,차대차 - 측면충돌,안전운전불이행,건조,맑음,교차로 - 교차로안,농기계,남,68세,경상,승용,남,67세,상해없음
2016110100100239,2016년 11월 1일 11시,화요일,충청남도 보령시 내항동,중상사고,0,1,1,0,차대차 - 정면충돌,중앙선침범,건조,맑음,단일로 - 기타,승용,여,55세,경상,승용,여,57세,중상
2016110100100240,2016년 11월 1일 11시,화요일,충청남도 금산군 금산읍,사망사고,1,0,0,0,차량단독 - 기타,안전운전불이행,건조,맑음,단일로 - 기타,원동기,남,79세,상해없음,,,,
2016110100100241,2016년 11월 1일 11시,화요일,충청남도 천안시 동남구 풍세면,경상사고,0,0,2,0,차대차 - 측면직각충돌,안전운전불이행,건조,맑음,단일로 - 기타,승용,남,34세,상해없음,승용,남,36세,경상
2016110100100270,2016년 11월 1일 12시,화요일,충청남도 아산시 음봉면,경상사고,0,0,1,0,차대차 - 추돌,안전운전불이행,건조,맑음,단일로 - 기타,승용,여,39세,상해없음,승용,남,28세,경상
2016110100100301,2016년 11월 1일 13시,화요일,충청남도 서천군 장항읍,경상사고,0,0,1,0,차대차 - 측면직각충돌,직진우회전진행방해,건조,맑음,교차로 - 교차로안,승용,여,49세,상해없음,화물,남,57세,경상
2016110100100329,2016년 11월 1일 14시,화요일,충청남도 서산시 고북면,중상사고,0,1,0,0,차대차 - 추돌,안전거리미확보,건조,맑음,교차로 - 교차로안,이륜,남,79세,중상,승용,남,66세,상해없음
2016110100100330,2016년 11월 1일 14시,화요일,충청남도 서천군 화양면,경상사고,0,0,1,0,차대사람 - 차도통행중,안전운전불이행,건조,맑음,단일로 - 기타,화물,남,54세,상해없음,보행자,여,84세,경상
2016110100100331,2016년 11월 1일 14시,화요일,충청남도 보령시 대천동,중상사고,0,1,0,0,차대사람 - 횡단중,보행자보호의무위반,건조,맑음,교차로 - 교차로안,승용,여,56세,상해없음,보행자,여,71세,중상
2016110100100332,2016년 11월 1일 14시,화요일,충청남도 공주시 소학동,중상사고,0,2,0,0,차대차 - 정면충돌,중앙선침범,건조,맑음,단일로 - 기타,화물,남,66세,기타불명,승용,남,68세,중상
2016110100100368,2016년 11월 1일 15시,화요일,충청남도 보령시 궁촌동,경상사고,0,0,1,0,차대사람 - 횡단중,보행자보호의무위반,건조,맑음,교차로 - 교차로안,승용,남,57세,상해없음,보행자,남,57세,경상
2016110100100369,2016년 11월 1일 15시,화요일,충청남도 천안시 동남구 목천읍,중상사고,0,1,6,0,차대차 - 추돌,안전운전불이행,건조,맑음,단일로 - 기타,승합,남,59세,상해없음,승용,남,42세,경상
2016110100100405,2016년 11월 1일 16시,화요일,충청남도 계룡시 신도안면,경상사고,0,0,3,0,차대차 - 추돌,안전운전불이행,건조,맑음,교차로 - 교차로부근,승용,남,52세,상해없음,승용,여,41세,경상
2016110100100406,2016년 11월 1일 16시,화요일,충청남도 서천군 서천읍,경상사고,0,0,2,0,차대차 - 측면직각충돌,교차로운행방법위반,건조,맑음,교차로 - 교차로안,승용,여,65세,상해없음,승합,남,44세,경상
2016110100100440,2016년 11월 1일 17시,화요일,충청남도 공주시 유구읍,경상사고,0,0,1,0,차대차 - 정면충돌,안전운전불이행,건조,맑음,교차로 - 교차로안,승용,남,61세,기타불명,승용,남,33세,경상
2016110100100547,2016년 11월 1일 19시,화요일,충청남도 태안군 남면,사망사고,1,0,0,0,차대사람 - 기타,안전운전불이행,건조,흐림,단일로 - 기타,승합,남,58세,상해없음,보행자,남,65세,사망
2016110100100569,2016년 11월 1일 20시,화요일,충청남도 태안군 고남면,중상사고,0,1,0,0,차대사람 - 차도통행중,안전운전불이행,건조,맑음,단일로 - 기타,승용,여,37세,상해없음,보행자,남,54세,중상
2016110100100570,2016년 11월 1일 20시,화요일,충청남도 천안시 서북구 성정동,중상사고,0,1,0,0,차대차 - 추돌,안전운전불이행,건조,맑음,단일로 - 기타,원동기,남,60세,중상,승용,남,31세,상해없음
2016110100100598,2016년 11월 1일 21시,화요일,충청남도 서산시 동문동,경상사고,0,0,1,0,차대사람 - 횡단중,보행자보호의무위반,건조,흐림,교차로 - 교차로안,승용,여,50세,상해없음,보행자,남,49세,경상
2016110100100599,2016년 11월 1일 21시,화요일,충청남도 아산시 둔포면,중상사고,0,1,0,0,차대차 - 정면충돌,신호위반,건조,맑음,단일로 - 기타,승용,남,46세,상해없음,승용,남,28세,중상
2016110100100629,2016년 11월 1일 22시,화요일,충청남도 홍성군 금마면,경상사고,0,0,2,0,차대차 - 측면직각충돌,신호위반,건조,맑음,교차로 - 교차로안,승용,남,45세,상해없음,승용,남,25세,경상
2016110200100011,2016년 11월 2일 00시,수요일,충청남도 서산시 해미면,중상사고,0,1,0,0,차량단독 - 도로외이탈 - 기타,안전운전불이행,건조,흐림,단일로 - 기타,승용,남,52세,중상,,,,