사고번호,사고일시,요일,시군구,사고내용,사망자수,중상자수,경상자수,부상신고자수,사고유형,법규위반,노면상태,기상상태,도로형태,가해운전자 차종,가해운전자 성별,가해운전자 연령,가해운전자 상해정도,피해운전자 차종,피해운전자 성별,피해운전자 연령,피해운전자 상해정도
2016111500100047,2016년 11월 15일 04시,화요일,충청남도 아산시 남동,중상사고,0,1,0,0,차대차 - 추돌,안전운전불이행,건조,맑음,단일로 - 기타,승용,남,16세,상해없음,자전거,남,21세,중상
2016111500100048,2016년 11월 15일 04시,화요일,충청남도 당진시 송악읍,중상사고,0,1,2,0,차대차 - 측면충돌,교차로운행방법위반,건조,맑음,단일로 - 기타,승용,남,41세,상해없음,승용,남,35세,경상
2016111500100069,2016년 11월 15일 06시,화요일,충청남도 서천군 종천면,경상사고,0,0,3,0,차대차 - 측면직각충돌,신호위반,건조,맑음,교차로 - 교차로안,승용,남,34세,상해없음,승용,남,39세,경상
2016111500100070,2016년 11월 15일 06시,화요일,충청남도 천안시 동남구 구성동,사망사고,1,0,1,0,차대차 - 기타,안전운전불이행,건조,맑음,단일로 - 기타,화물,남,55세,상해없음,화물,남,44세,경상
2016111500100088,2016년 11월 15일 07시,화요일,충청남도 천안시 서북구 백석동,경상사고,0,0,2,0,차대차 - 추돌,안전운전불이행,건조,맑음,단일로 - 기타,승용,남,77세,상해없음,화물,남,41세,상해없음
2016111500100090,2016년 11월 15일 07시,화요일,충청남도 천안시 동남구 병천면,부상신고사고,0,0,0,1,차대차 - 추돌,안전운전불이행,건조,맑음,단일로 - 기타,승용,여,19세,상해없음,승용,남,33세,부상신고
2016111500100121,2016년 11월 15일 08시,화요일,충청남도 서산시 석남동,경상사고,0,0,1,0,차대차 - 측면직각충돌,안전운전불이행,건조,맑음,교차로 - 교차로안,자전거,여,49세,경상,승용,남,38세,상해없음
2016111500100164,2016년 11월 15일 09시,화요일,충청남도 공주시 산성동,중상사고,0,1,1,0,차대사람 - 횡단중,보행자보호의무위반,건조,맑음,단일로 - 기타,이륜,남,60세,경상,보행자,여,77세,중상
2016111500100204,2016년 11월 15일 10시,화요일,충청남도 서산시 동문동,경상사고,0,0,1,0,차대사람 - 횡단중,안전운전불이행,건조,맑음,교차로 - 교차로안,승용,남,60세,상해없음,보행자,남,65세,경상
2016111500100205,2016년 11월 15일 10시,화요일,충청남도 금산군 금산읍,경상사고,0,0,1,0,차대차 - 측면충돌,안전운전불이행,건조,맑음,단일로 - 기타,이륜,남,79세,경상,화물,남,39세,상해없음
2016111500100239,2016년 11월 15일 11시,화요일,충청남도 천안시 동남구 사직동,경상사고,0,0,1,0,차량단독 - 기타,기타,건조,맑음,단일로 - 기타,승합,남,59세,상해없음,,,,
2016111500100271,2016년 11월 15일 12시,화요일,충청남도 공주시 봉정동,경상사고,0,0,1,0,차대차 - 추돌,안전운전불이행,기타,맑음,기타 - 기타,승용,남,44세,상해없음,원동기,남,79세,경상
2016111500100300,2016년 11월 15일 13시,화요일,충청남도 천안시 서북구 와촌동,부상신고사고,0,0,0,1,차대차 - 측면직각충돌,안전운전불이행,건조,맑음,단일로 - 기타,자전거,남,80세,부상신고,승용,남,54세,상해없음
2016111500100301,2016년 11월 15일 13시,화요일,충청남도 서천군 장항읍,중상사고,0,1,0,0,차대차 - 측면직각충돌,직진우회전진행방해,건조,맑음,교차로 - 교차로안,자전거,여,68세,중상,승용,남,70세,상해없음
2016111500100302,2016년 11월 15일 13시,화요일,충청남도 공주시 금흥동,중상사고,0,1,0,0,차대차 - 측면충돌,신호위반,건조,맑음,교차로 - 교차로안,승용,남,71세,상해없음,이륜,남,76세,중상
2016111500100304,2016년 11월 15일 13시,화요일,충청남도 부여군 규암면,경상사고,0,0,1,0,차대차 - 추돌,안전운전불이행,건조,맑음,단일로 - 기타,승합,남,56세,상해없음,승용,여,28세,경상
2016111500100420,2016년 11월 15일 16시,화요일,충청남도 천안시 동남구 풍세면,중상사고,0,1,0,0,차대차 - 측면충돌,안전운전불이행,건조,맑음,단일로 - 기타,승용,남,44세,상해없음,이륜,남,49세,중상
2016111500100525,2016년 11월 15일 18시,화요일,충청남도 서산시 해미면,중상사고,0,1,1,0,차대차 - 측면직각충돌,신호위반,건조,맑음,교차로 - 교차로안,승용,남,75세,경상,승용,남,52세,중상
2016111500100526,2016년 11월 15일 18시,화요일,충청남도 태안군 안면읍,중상사고,0,3,0,0,차대차 - 측면직각충돌,직진우회전진행방해,건조,맑음,교차로 - 교차로안,승용,남,54세,중상,승용,여,36세,중상
2016111500100527,2016년 11월 15일 18시,화요일,충청남도 천안시 서북구 백석동,부상신고사고,0,0,0,1,차대차 - 추돌,안전운전불이행,건조,맑음,교차로 - 교차로부근,승용,남,38세,상해없음,승용,남,52세,부상신고
2016111500100528,2016년 11월 15일 18시,화요일,충청남도 아산시 배방읍,중상사고,0,2,0,0,차대차 - 측면직각충돌,차로위반,건조,맑음,단일로 - 기타,승용,남,59세,상해없음,승용,여,33세,중상
2016111500100529,2016년 11월 15일 18시,화요일,충청남도 보령시 명천동,중상사고,0,1,0,0,차대사람 - 횡단중,안전운전불이행,건조,맑음,단일로 - 기타,승용,여,42세,상해없음,보행자,여,70세,중상
2016111500100530,2016년 11월 15일 18시,화요일,충청남도 공주시 중동,경상사고,0,0,1,0,차대차 - 측면충돌,직진우회전진행방해,건조,맑음,교차로 - 교차로안,승용,여,48세,상해없음,승용,남,59세,경상
2016111500100531,2016년 11월 15일 18시,화요일,충청남도 당진시 순성면,중상사고,0,1,0,0,차대사람 - 길가장자리구역통행중,안전운전불이행,건조,맑음,단일로 - 기타,화물,남,72세,상해없음,보행자,남,34세,중상
2016111500100585,2016년 11월 15일 19시,화요일,충청남도 서산시 예천동,경상사고,0,0,1,0,차대차 - 측면직각충돌,안전거리미확보,건조,맑음,교차로 - 교차로부근,승용,남,27세,상해없음,원동기,남,18세,경상
2016111500100586,2016년 11월 15일 19시,화요일,충청남도 태안군 태안읍,중상사고,0,1,0,0,차대차 - 정면충돌,기타,건조,맑음,단일로 - 기타,승용,남,55세,상해없음,승용,여,56세,중상
2016111500100622,2016년 11월 15일 20시,화요일,충청남도 서산시 석림동,경상사고,0,0,1,0,차대차 - 측면직각충돌,기타,건조,맑음,교차로 - 교차로안,원동기,남,16세,경상,승용,남,29세,상해없음
2016111500100623,2016년 11월 15일 20시,화요일,충청남도 태안군 소원면,중상사고,0,1,1,0,차대차 - 정면충돌,중앙선침범,건조,맑음,단일로 - 기타,화물,남,51세,중상,승용,남,55세,경상
2016111500100663,2016년 11월 15일 21시,화요일,충청남도 아산시 용화동,경상사고,0,0,2,0,차대차 - 기타,안전운전불이행,건조,맑음,단일로 - 기타,승합,남,51세,상해없음,승용,여,40세,경상
2016111500100691,2016년 11월 15일 22시,화요일,충청남도 천안시 서북구 성정동,경상사고,0,0,1,0,차대차 - 추돌,안전운전불이행,건조,맑음,기타 - 기타,승용,남,27세,상해없음,승용,남,35세,경상
2016111500100692,2016년 11월 15일 22시,화요일,충청남도 천안시 동남구 목천읍,중상사고,0,1,0,0,차대차 - 측면충돌,안전운전불이행,건조,맑음,교차로 - 교차로안,특수,남,48세,상해없음,승용,여,45세,중상
2016111500100717,2016년 11월 15일 23시,화요일,충청남도 서산시 동문동,부상신고사고,0,0,0,1,차대차 - 추돌,안전운전불이행,건조,맑음,단일로 - 기타,이륜,남,39세,부상신고,승용,남,24세,상해없음
2016111600100010,2016년 11월 16일 00시,수요일,충청남도 천안시 서북구 성정동,경상사고,0,0,4,0,차대차 - 추돌,안전운전불이행,건조,맑음,단일로 - 기타,승용,남,50세,상해없음,승용,남,22세,경상
2016111600100036,2016년 11월 16일 02시,수요일,충청남도 당진시 송악읍,경상사고,0,0,1,0,차대차 - 기타,안전운전불이행,건조,맑음,단일로 - 기타,화물,남,55세,상해없음,화물,남,56세,경상
2016111600100044,2016년 11월 16일 04시,수요일,충청남도 천안시 동남구 원성동,중상사고,0,1,0,0,차대차 - 기타,안전운전불이행,건조,맑음,단일로 - 기타,승용,남,39세,기타불명,화물,남,44세,중상
2016111600100054,2016년 11월 16일 05시,수요일,충청남도 서산시 예천동,중상사고,0,1,0,0,차대사람 - 차도통행중,안전운전불이행,건조,맑음,단일로 - 기타,화물,남,69세,상해없음,보행자,남,53세,중상
2016111600100100,2016년 11월 16일 07시,수요일,충청남도 논산시 광석면,중상사고,0,1,0,0,차대사람 - 길가장자리구역통행중,안전운전불이행,건조,맑음,단일로 - 기타,승용,여,25세,상해없음,보행자,남,79세,중상
2016111600100101,2016년 11월 16일 07시,수요일,충청남도 아산시 영인면,중상사고,0,1,0,0,차대차 - 측면충돌,안전운전불이행,건조,맑음,교차로 - 교차로안,승용,남,54세,상해없음,승용,여,69세,중상
2016111600100140,2016년 11월 16일 08시,수요일,충청남도 아산시 염치읍,경상사고,0,0,1,0,차대차 - 측면충돌,차로위반,건조,맑음,단일로 - 기타,화물,남,34세,상해없음,승용,남,58세,경상
2016111600100141,2016년 11월 16일 08시,수요일,충청남도 천안시 동남구 신부동,중상사고,0,1,0,0,차대사람 - 횡단중,안전운전불이행,건조,맑음,단일로 - 기타,승용,남,70세,상해없음,보행자,여,58세,중상
2016111600100142,2016년 11월 16일 08시,수요일,충청남도 천안시 동남구 풍세면,경상사고,0,0,1,0,차대차 - 측면충돌,차로위반,건조,맑음,교차로 - 교차로안,화물,남,52세,상해없음,승용,남,19세,경상
2016111600100188,2016년 11월 16일 09시,수요일,충청남도 홍성군 갈산면,중상사고,0,1,1,0,차대차 - 기타,신호위반,건조,맑음,교차로 - 교차로안,승용,남,66세,경상,승용,남,47세,중상
2016111600100190,2016년 11월 16일 09시,수요일,충청남도 당진시 송악읍,경상사고,0,0,2,0,차대차 - 추돌,안전운전불이행,건조,맑음,교차로 - 교차로부근,승용,남,29세,상해없음,승용,남,69세,경상
2016111600100225,2016년 11월 16일 10시,수요일,충청남도 청양군 청양읍,사망사고,1,1,0,0,차대사람 - 기타,안전운전불이행,기타,맑음,단일로 - 기타,화물,남,65세,상해없음,보행자,남,44세,중상
2016111600100226,2016년 11월 16일 10시,수요일,충청남도 천안시 동남구 원성동,경상사고,0,0,1,0,차대차 - 측면충돌,신호위반,건조,맑음,교차로 - 교차로안,승합,남,32세,상해없음,승용,남,46세,경상
2016111600100255,2016년 11월 16일 11시,수요일,충청남도 태안군 남면,중상사고,0,1,0,0,차대차 - 측면충돌,중앙선침범,건조,맑음,단일로 - 기타,승용,남,78세,상해없음,승용,남,54세,중상
2016111600100256,2016년 11월 16일 11시,수요일,충청남도 서산시 석남동,경상사고,0,0,1,0,차대차 - 정면충돌,교차로운행방법위반,건조,맑음,교차로 - 교차로안,승용,여,56세,경상,화물,남,56세,상해없음
2016111600100257,2016년 11월 16일 11시,수요일,충청남도 천안시 서북구 두정동,경상사고,0,0,1,0,차대차 - 추돌,안전거리미확보,건조,맑음,교차로 - 교차로부근,승용,여,37세,상해없음,승용,남,46세,경상
2016111600100305,2016년 11월 16일 12시,수요일,충청남도 아산시 둔포면,중상사고,0,1,0,0,차대차 - 측면충돌,안전운전불이행,건조,맑음,단일로 - 기타,승용,남,80세,상해없음,승용,남,65세,중상
2016111600100334,2016년 11월 16일 13시,수요일,충청남도 공주시 유구읍,경상사고,0,0,1,0,차대차 - 측면직각충돌,안전운전불이행,건조,맑음,교차로 - 교차로안,화물,남,51세,상해없음,승용,여,43세,경상
2016111600100335,2016년 11월 16일 13시,수요일,충청남도 천안시 동남구 신부동,부상신고사고,0,0,0,1,차대차 - 측면직각충돌,신호위반,건조,맑음,교차로 - 교차로안,이륜,남,63세,부상신고,화물,남,48세,상해없음
2016111600100365,2016년 11월 16일 14시,수요일,충청남도 아산시 둔포면,중상사고,0,1,1,0,차대차 - 추돌,안전운전불이행,건조,맑음,단일로 - 기타,승용,남,36세,기타불명,승용,남,44세,중상
2016111600100478,2016년 11월 16일 17시,수요일,충청남도 아산시 모종동,중상사고,0,1,0,0,차대사람 - 횡단중,보행자보호의무위반,건조,맑음,교차로 - 교차로안,승합,남,59세,상해없음,보행자,여,70세,중상
2016111600100527,2016년 11월 16일 18시,수요일,충청남도 보령시 신흑동,경상사고,0,0,1,0,차대사람 - 길가장자리구역통행중,안전운전불이행,건조,맑음,교차로 - 교차로안,승용,남,33세,상해없음,보행자,남,68세,경상
2016111600100528,2016년 11월 16일 18시,수요일,충청남도 당진시 송악읍,중상사고,0,2,2,0,차대차 - 측면직각충돌,교차로운행방법위반,건조,맑음,교차로 - 교차로안,승용,남,52세,경상,건설기계,남,33세,상해없음
2016111600100574,2016년 11월 16일 19시,수요일,충청남도 논산시 취암동,중상사고,0,1,0,0,차대차 - 측면충돌,직진우회전진행방해,건조,맑음,교차로 - 교차로안,승용,여,25세,상해없음,이륜,남,16세,중상
2016111600100575,2016년 11월 16일 19시,수요일,충청남도 아산시 송악면,사망사고,1,0,0,0,차대차 - 측면직각충돌,안전운전불이행,건조,맑음,단일로 - 기타,승용,남,48세,기타불명,이륜,남,69세,사망
2016111600100576,2016년 11월 16일 19시,수요일,충청남도 아산시 온천동,경상사고,0,0,2,0,차대차 - 기타,안전운전불이행,건조,맑음,교차로 - 교차로안,승용,여,35세,경상,승용,여,41세,경상
2016111600100634,2016년 11월 16일 21시,수요일,충청남도 당진시 시곡리,경상사고,0,0,1,0,차대차 - 측면직각충돌,안전운전불이행,건조,맑음,교차로 - 교차로부근,기타불명,기타불명,기타불명,기타불명,승용,여,36세,경상
2016111700100012,2016년 11월 17일 00시,목요일,충청남도 천안시 서북구 성정동,중상사고,0,1,1,0,차대차 - 정면충돌,중앙선침범,건조,맑음,단일로 - 기타,승용,남,51세,상해없음,승용,남,46세,경상
2016111700100037,2016년 11월 17일 01시,목요일,충청남도 당진시 정미면,경상사고,0,0,1,0,차량단독 - 공작물충돌,안전운전불이행,건조,맑음,단일로 - 기타,승용,남,35세,경상,,,,
2016111700100058,2016년 11월 17일 03시,목요일,충청남도 천안시 서북구 쌍용동,경상사고,0,0,1,0,차대사람 - 기타,안전운전불이행,건조,맑음,단일로 - 기타,승용,여,40세,상해없음,보행자,남,28세,경상
2016111700100079,2016년 11월 17일 06시,목요일,충청남도 태안군 태안읍,경상사고,0,0,1,0,차대차 - 추돌,안전거리미확보,건조,맑음,교차로 - 교차로부근,화물,남,67세,상해없음,화물,여,47세,상해없음
2016111700100080,2016년 11월 17일 06시,목요일,충청남도 논산시 부창동,중상사고,0,1,0,0,차대차 - 측면충돌,안전운전불이행,건조,맑음,단일로 - 기타,승용,여,56세,상해없음,이륜,남,42세,중상
2016111700100081,2016년 11월 17일 06시,목요일,충청남도 천안시 동남구 원성동,경상사고,0,0,1,0,차대차 - 정면충돌,신호위반,건조,맑음,교차로 - 교차로안,화물,남,53세,상해없음,승용,남,35세,경상
2016111700100150,2016년 11월 17일 09시,목요일,충청남도 홍성군 홍성읍,중상사고,0,1,1,0,차대차 - 정면충돌,교차로운행방법위반,건조,맑음,교차로 - 교차로안,승용,여,58세,중상,승용,여,51세,경상
2016111700100151,2016년 11월 17일 09시,목요일,충청남도 아산시 신창면,경상사고,0,0,1,0,차대차 - 측면충돌,신호위반,건조,맑음,교차로 - 교차로안,승용,여,50세,상해없음,승용,남,58세,경상
2016111700100152,2016년 11월 17일 09시,목요일,충청남도 서천군 비인면,경상사고,0,0,2,0,차대차 - 추돌,안전운전불이행,건조,맑음,교차로 - 교차로안,건설기계,남,33세,상해없음,승용,남,75세,경상
2016111700100184,2016년 11월 17일 10시,목요일,충청남도 아산시 장존동,경상사고,0,0,1,0,차대차 - 기타,안전운전불이행,건조,맑음,단일로 - 기타,건설기계,남,44세,상해없음,승용,여,42세,경상
2016111700100217,2016년 11월 17일 11시,목요일,충청남도 아산시 염치읍,경상사고,0,0,1,0,차대차 - 추돌,안전운전불이행,건조,맑음,단일로 - 기타,승용,여,41세,상해없음,승용,남,32세,경상
2016111700100218,2016년 11월 17일 11시,목요일,충청남도 당진시 신평면,사망사고,1,0,0,0,차대사람 - 길가장자리구역통행중,안전운전불이행,건조,맑음,교차로 - 교차로안,화물,남,48세,상해없음,보행자,남,72세,사망
2016111700100245,2016년 11월 17일 12시,목요일,충청남도 천안시 서북구 성정동,경상사고,0,0,1,0,차대차 - 측면직각충돌,중앙선침범,건조,맑음,단일로 - 기타,승용,여,34세,상해없음,원동기,남,41세,경상
2016111700100246,2016년 11월 17일 12시,목요일,충청남도 당진시 송악읍,중상사고,0,1,0,0,차대사람 - 횡단중,안전운전불이행,건조,맑음,교차로 - 교차로안,건설기계,남,47세,상해없음,보행자,남,25세,중상
2016111700100271,2016년 11월 17일 13시,목요일,충청남도 천안시 서북구 성성동,경상사고,0,0,1,0,차대차 - 측면직각충돌,안전운전불이행,건조,맑음,단일로 - 기타,화물,남,54세,상해없음,승용,남,35세,경상
2016111700100272,2016년 11월 17일 13시,목요일,충청남도 아산시 온천동,경상사고,0,0,3,0,차대차 - 추돌,안전운전불이행,건조,맑음,교차로 - 교차로부근,승용,남,31세,기타불명,승용,여,41세,경상
2016111700100273,2016년 11월 17일 13시,목요일,충청남도 청양군 청양읍,중상사고,0,1,0,0,차대차 - 측면직각충돌,직진우회전진행방해,건조,맑음,교차로 - 교차로안,승용,남,59세,상해없음,승용,여,68세,중상
2016111700100314,2016년 11월 17일 14시,목요일,충청남도 천안시 서북구 불당동,경상사고,0,0,2,0,차대차 - 추돌,안전운전불이행,건조,맑음,교차로 - 교차로부근,승용,남,52세,상해없음,승용,남,48세,경상
2016111700100315,2016년 11월 17일 14시,목요일,충청남도 청양군 청양읍,중상사고,0,1,0,0,차대차 - 측면충돌,안전운전불이행,건조,맑음,단일로 - 기타,승용,여,56세,상해없음,이륜,남,60세,중상
2016111700100385,2016년 11월 17일 16시,목요일,충청남도 서산시 운산면,중상사고,0,1,0,0,차대차 - 정면충돌,안전운전불이행,건조,맑음,단일로 - 기타,승합,남,37세,상해없음,농기계,남,46세,중상
2016111700100386,2016년 11월 17일 16시,목요일,충청남도 서산시 동문동,중상사고,0,1,0,0,차대차 - 추돌,안전운전불이행,건조,맑음,교차로 - 교차로부근,승용,남,21세,상해없음,승용,여,46세,중상
2016111700100387,2016년 11월 17일 16시,목요일,충청남도 홍성군 홍성읍,경상사고,0,0,1,0,차대차 - 측면충돌,교차로운행방법위반,건조,맑음,교차로 - 교차로안,화물,남,52세,상해없음,승용,남,31세,경상
2016111700100388,2016년 11월 17일 16시,목요일,충청남도 아산시 모종동,경상사고,0,0,1,0,차대차 - 측면충돌,안전운전불이행,건조,맑음,교차로 - 교차로안,승용,남,56세,상해없음,자전거,남,64세,경상
2016111700100389,2016년 11월 17일 16시,목요일,충청남도 천안시 동남구 신부동,경상사고,0,0,1,0,차대차 - 추돌,안전운전불이행,건조,맑음,단일로 - 기타,승용,남,62세,상해없음,승용,남,44세,경상
2016111700100431,2016년 11월 17일 17시,목요일,충청남도 홍성군 홍성읍,중상사고,0,1,0,0,차대사람 - 횡단중,안전운전불이행,건조,맑음,교차로 - 교차로안,화물,남,58세,상해없음,보행자,여,72세,중상
2016111700100433,2016년 11월 17일 17시,목요일,충청남도 금산군 남일면,경상사고,0,0,1,0,차대사람 - 길가장자리구역통행중,안전운전불이행,건조,맑음,단일로 - 기타,화물,남,67세,상해없음,보행자,여,81세,경상
2016111700100434,2016년 11월 17일 17시,목요일,충청남도 천안시 동남구 신방동,경상사고,0,0,1,0,차대차 - 추돌,안전운전불이행,건조,맑음,교차로 - 교차로부근,승용,여,34세,상해없음,승용,남,39세,경상
2016111700100482,2016년 11월 17일 18시,목요일,충청남도 아산시 염치읍,경상사고,0,0,1,0,차대차 - 추돌,안전운전불이행,건조,기타,단일로 - 기타,승용,남,68세,상해없음,화물,남,49세,경상
2016111700100483,2016년 11월 17일 18시,목요일,충청남도 예산군 삽교읍,중상사고,0,1,0,1,차대차 - 측면직각충돌,직진우회전진행방해,건조,맑음,교차로 - 교차로안,승용,여,28세,부상신고,승용,남,65세,중상
2016111700100546,2016년 11월 17일 19시,목요일,충청남도 논산시 연무읍,경상사고,0,0,1,0,차대사람 - 횡단중,신호위반,건조,맑음,교차로 - 교차로부근,이륜,남,47세,상해없음,보행자,남,51세,경상
2016111700100547,2016년 11월 17일 19시,목요일,충청남도 아산시 인주면,중상사고,0,1,2,0,차대차 - 기타,안전운전불이행,건조,맑음,단일로 - 기타,승용,남,63세,상해없음,승용,여,60세,기타불명
2016111700100585,2016년 11월 17일 20시,목요일,충청남도 천안시 서북구 백석동,경상사고,0,0,1,0,차대차 - 기타,안전운전불이행,건조,맑음,교차로 - 교차로부근,승용,여,58세,상해없음,승용,남,33세,경상
2016111700100613,2016년 11월 17일 21시,목요일,충청남도 홍성군 홍성읍,경상사고,0,0,1,0,차대차 - 측면충돌,교차로운행방법위반,건조,맑음,교차로 - 교차로안,승용,남,33세,상해없음,승용,남,28세,경상
2016111700100614,2016년 11월 17일 21시,목요일,충청남도 보령시 청라면,중상사고,0,1,0,0,차대사람 - 길가장자리구역통행중,안전운전불이행,건조,맑음,단일로 - 기타,승용,여,54세,상해없음,보행자,여,54세,중상
2016111700100615,2016년 11월 17일 21시,목요일,충청남도 천안시 동남구 성남면,경상사고,0,0,4,0,차대차 - 정면충돌,안전운전불이행,건조,맑음,단일로 - 기타,승합,남,41세,상해없음,승용,남,43세,경상
2016111700100644,2016년 11월 17일 22시,목요일,충청남도 아산시 도고면,중상사고,0,2,0,0,차대차 - 측면충돌,안전운전불이행,건조,맑음,교차로 - 교차로안,승용,남,35세,중상,승용,남,31세,중상
2016111700100645,2016년 11월 17일 22시,목요일,충청남도 보령시 죽정동,중상사고,0,1,0,0,차대차 - 추돌,안전운전불이행,건조,맑음,교차로 - 교차로부근,승용,남,35세,상해없음,승용,남,40세,중상
2016111800100099,2016년 11월 18일 07시,금요일,충청남도 태안군 태안읍,경상사고,0,0,2,0,차대차 - 정면충돌,안전운전불이행,건조,맑음,단일로 - 기타,화물,남,68세,경상,승용,여,56세,경상
2016111800100126,2016년 11월 18일 08시,금요일,충청남도 서천군 서천읍,중상사고,0,1,0,0,차대사람 - 횡단중,안전운전불이행,건조,맑음,교차로 - 교차로안,화물,남,69세,상해없음,보행자,남,81세,중상
2016111800100127,2016년 11월 18일 08시,금요일,충청남도 천안시 동남구 구성동,경상사고,0,0,2,0,차대차 - 측면직각충돌,직진우회전진행방해,건조,맑음,교차로 - 교차로안,특수,남,39세,상해없음,승용,남,62세,경상
2016111800100166,2016년 11월 18일 09시,금요일,충청남도 천안시 서북구 성정동,중상사고,0,1,0,0,차대사람 - 기타,안전운전불이행,건조,맑음,교차로 - 교차로안,승용,남,55세,상해없음,보행자,남,55세,중상
2016111800100167,2016년 11월 18일 09시,금요일,충청남도 천안시 서북구 쌍용동,경상사고,0,0,1,0,차대차 - 측면직각충돌,교차로운행방법위반,건조,맑음,교차로 - 교차로안,승용,여,41세,상해없음,승용,여,43세,경상
2016111800100168,2016년 11월 18일 09시,금요일,충청남도 공주시 정안면,경상사고,0,0,2,0,차대차 - 측면직각충돌,안전운전불이행,건조,맑음,단일로 - 기타,화물,남,65세,상해없음,승용,남,71세,경상
2016111800100169,2016년 11월 18일 09시,금요일,충청남도 부여군 부여읍,경상사고,0,0,1,0,차대차 - 측면직각충돌,신호위반,건조,맑음,교차로 - 교차로안,화물,남,59세,상해없음,승용,여,39세,경상
2016111800100194,2016년 11월 18일 10시,금요일,충청남도 당진시 원당리,경상사고,0,0,1,0,차대차 - 측면충돌,안전운전불이행,건조,맑음,단일로 - 기타,승용,남,73세,상해없음,이륜,남,87세,경상
2016111800100216,2016년 11월 18일 11시,금요일,충청남도 예산군 신암면,경상사고,0,0,4,0,차대차 - 정면충돌,신호위반,건조,맑음,교차로 - 교차로안,승용,남,73세,경상,승합,남,56세,경상
2016111800100217,2016년 11월 18일 11시,금요일,충청남도 당진시 읍내리,경상사고,0,0,1,0,차대차 - 추돌,안전운전불이행,건조,맑음,단일로 - 기타,승용,남,61세,상해없음,승용,여,78세,경상
2016111800100254,2016년 11월 18일 12시,금요일,충청남도 서천군 종천면,부상신고사고,0,0,0,1,차대차 - 측면직각충돌,안전운전불이행,습기,비,교차로 - 교차로안,원동기,여,61세,부상신고,화물,남,55세,상해없음
2016111800100255,2016년 11월 18일 12시,금요일,충청남도 천안시 동남구 병천면,사망사고,1,1,0,0,차대차 - 추돌,안전거리미확보,건조,맑음,교차로 - 교차로부근,승합,남,64세,상해없음,승용,남,62세,사망
2016111800100293,2016년 11월 18일 13시,금요일,충청남도 논산시 취암동,중상사고,0,1,0,0,차대차 - 추돌,안전운전불이행,습기,비,교차로 - 교차로부근,승용,남,65세,상해없음,원동기,여,53세,중상
2016111800100323,2016년 11월 18일 14시,금요일,충청남도 서산시 동문동,경상사고,0,0,1,0,차대차 - 정면충돌,안전운전불이행,습기,비,단일로 - 기타,승용,남,42세,상해없음,승용,남,58세,경상
2016111800100354,2016년 11월 18일 15시,금요일,충청남도 아산시 용화동,경상사고,0,0,1,0,차대차 - 추돌,안전운전불이행,습기,비,단일로 - 기타,이륜,남,78세,경상,화물,남,55세,상해없음
2016111800100388,2016년 11월 18일 16시,금요일,충청남도 서산시 인지면,중상사고,0,1,0,0,차대사람 - 횡단중,안전운전불이행,건조,맑음,단일로 - 기타,화물,남,46세,상해없음,보행자,여,67세,중상
2016111800100443,2016년 11월 18일 17시,금요일,충청남도 천안시 서북구 직산읍,경상사고,0,0,1,0,차대차 - 추돌,안전운전불이행,건조,맑음,단일로 - 기타,승용,여,51세,상해없음,승용,남,53세,상해없음
2016111800100444,2016년 11월 18일 17시,금요일,충청남도 천안시 서북구 두정동,중상사고,0,1,0,0,차대사람 - 기타,신호위반,습기,비,단일로 - 기타,승용,여,31세,상해없음,보행자,여,26세,중상
2016111800100445,2016년 11월 18일 17시,금요일,충청남도 아산시 온천동,경상사고,0,0,1,0,차대차 - 측면직각충돌,신호위반,습기,비,교차로 - 교차로안,승합,여,37세,상해없음,승용,남,57세,경상
2016111800100446,2016년 11월 18일 17시,금요일,충청남도 아산시 도고면,경상사고,0,0,1,0,차대차 - 측면충돌,직진우회전진행방해,습기,흐림,교차로 - 교차로안,승합,남,47세,기타불명,승용,남,31세,경상
2016111800100514,2016년 11월 18일 18시,금요일,충청남도 천안시 서북구 두정동,중상사고,0,1,0,1,차대사람 - 횡단중,안전운전불이행,습기,비,단일로 - 기타,원동기,남,40세,부상신고,보행자,남,55세,중상
2016111800100515,2016년 11월 18일 18시,금요일,충청남도 보령시 주교면,중상사고,0,1,2,0,차대차 - 추돌,안전운전불이행,습기,비,단일로 - 기타,승용,남,70세,상해없음,승용,여,50세,중상
2016111800100517,2016년 11월 18일 18시,금요일,충청남도 예산군 응봉면,경상사고,0,0,1,0,차대차 - 정면충돌,직진우회전진행방해,습기,비,교차로 - 교차로안,승용,남,41세,상해없음,승용,여,48세,경상
2016111800100518,2016년 11월 18일 18시,금요일,충청남도 당진시 원당리,중상사고,0,1,0,0,차대사람 - 횡단중,안전운전불이행,습기,비,단일로 - 기타,승용,남,34세,상해없음,보행자,남,79세,중상
2016111800100519,2016년 11월 18일 18시,금요일,충청남도 천안시 동남구 신부동,경상사고,0,0,1,0,차대차 - 기타,안전운전불이행,습기,비,교차로 - 교차로부근,승용,남,62세,상해없음,승용,여,45세,경상