사고번호,사고일시,요일,시군구,사고내용,사망자수,중상자수,경상자수,부상신고자수,사고유형,법규위반,노면상태,기상상태,도로형태,가해운전자 차종,가해운전자 성별,가해운전자 연령,가해운전자 상해정도,피해운전자 차종,피해운전자 성별,피해운전자 연령,피해운전자 상해정도
2016111800100600,2016년 11월 18일 19시,금요일,충청남도 천안시 서북구 두정동,경상사고,0,0,1,0,차대차 - 기타,교차로운행방법위반,건조,맑음,교차로 - 교차로안,승합,여,47세,상해없음,승용,여,27세,경상
2016111800100658,2016년 11월 18일 20시,금요일,충청남도 아산시 실옥동,경상사고,0,0,1,0,차대차 - 정면충돌,직진우회전진행방해,습기,비,교차로 - 교차로안,승용,남,49세,상해없음,승용,남,37세,경상
2016111800100750,2016년 11월 18일 22시,금요일,충청남도 아산시 좌부동,경상사고,0,0,1,0,차대사람 - 횡단중,안전운전불이행,습기,비,기타 - 기타,승용,여,24세,상해없음,보행자,여,42세,경상
2016111800100751,2016년 11월 18일 22시,금요일,충청남도 보령시 동대동,경상사고,0,0,1,0,차대사람 - 횡단중,보행자보호의무위반,습기,비,단일로 - 횡단보도상,이륜,남,35세,상해없음,보행자,여,49세,경상
2016111800100752,2016년 11월 18일 22시,금요일,충청남도 천안시 동남구 청당동,경상사고,0,0,1,0,차대차 - 추돌,안전운전불이행,건조,맑음,단일로 - 기타,이륜,남,17세,경상,화물,남,55세,기타불명
2016111800100790,2016년 11월 18일 23시,금요일,충청남도 천안시 서북구 두정동,경상사고,0,0,2,0,차대차 - 추돌,신호위반,습기,비,교차로 - 교차로안,승용,남,46세,상해없음,승용,남,60세,상해없음
2016111800100791,2016년 11월 18일 23시,금요일,충청남도 논산시 부창동,중상사고,0,1,0,0,차량단독 - 기타,안전운전불이행,습기,비,단일로 - 기타,승용,남,40세,중상,,,,
2016111900100114,2016년 11월 19일 06시,토요일,충청남도 계룡시 엄사면,중상사고,0,1,0,0,차대차 - 정면충돌,신호위반,습기,비,교차로 - 교차로부근,승용,남,31세,상해없음,승용,남,63세,중상
2016111900100115,2016년 11월 19일 06시,토요일,충청남도 천안시 동남구 영성동,경상사고,0,0,1,0,차대사람 - 횡단중,안전운전불이행,건조,맑음,단일로 - 횡단보도상,기타불명,기타불명,기타불명,기타불명,보행자,남,35세,경상
2016111900100205,2016년 11월 19일 10시,토요일,충청남도 서산시 팔봉면,중상사고,0,1,0,0,차대차 - 측면직각충돌,중앙선침범,습기,흐림,단일로 - 기타,화물,남,65세,중상,건설기계,남,61세,상해없음
2016111900100206,2016년 11월 19일 10시,토요일,충청남도 홍성군 서부면,경상사고,0,0,2,0,차대차 - 추돌,안전거리미확보,습기,흐림,교차로 - 교차로부근,건설기계,남,26세,기타불명,승용,남,69세,경상
2016111900100207,2016년 11월 19일 10시,토요일,충청남도 서천군 마서면,경상사고,0,0,5,0,차대차 - 추돌,안전운전불이행,습기,맑음,교차로 - 교차로안,화물,남,36세,상해없음,승용,남,37세,경상
2016111900100208,2016년 11월 19일 10시,토요일,충청남도 서천군 장항읍,경상사고,0,0,1,0,차대차 - 측면직각충돌,안전운전불이행,건조,맑음,단일로 - 기타,승용,여,54세,상해없음,승용,여,47세,경상
2016111900100209,2016년 11월 19일 10시,토요일,충청남도 공주시 우성면,경상사고,0,0,1,0,차대차 - 기타,안전운전불이행,건조,맑음,단일로 - 기타,승용,남,57세,상해없음,승합,남,48세,상해없음
2016111900100241,2016년 11월 19일 11시,토요일,충청남도 아산시 배방읍,경상사고,0,0,1,0,차대사람 - 횡단중,보행자보호의무위반,건조,맑음,단일로 - 기타,승합,남,57세,기타불명,보행자,남,10세,경상
2016111900100242,2016년 11월 19일 11시,토요일,충청남도 논산시 연무읍,경상사고,0,0,2,0,차대차 - 기타,안전운전불이행,건조,맑음,단일로 - 기타,화물,여,49세,경상,승용,남,57세,경상
2016111900100280,2016년 11월 19일 12시,토요일,충청남도 논산시 성동면,중상사고,0,1,1,0,차대차 - 측면직각충돌,안전거리미확보,건조,맑음,단일로 - 기타,건설기계,남,37세,상해없음,승용,여,42세,중상
2016111900100281,2016년 11월 19일 12시,토요일,충청남도 보령시 명천동,경상사고,0,0,1,0,차대차 - 측면직각충돌,안전운전불이행,건조,맑음,단일로 - 기타,원동기,남,50세,경상,승용,남,53세,상해없음
2016111900100282,2016년 11월 19일 12시,토요일,충청남도 천안시 동남구 목천읍,경상사고,0,0,2,0,차대차 - 기타,차로위반,건조,맑음,단일로 - 기타,승용,남,67세,상해없음,승용,남,38세,경상
2016111900100318,2016년 11월 19일 13시,토요일,충청남도 논산시 연무읍,중상사고,0,1,1,0,차대차 - 기타,안전운전불이행,건조,맑음,단일로 - 기타,화물,남,63세,중상,승용,남,26세,경상
2016111900100363,2016년 11월 19일 14시,토요일,충청남도 서천군 마서면,경상사고,0,0,3,0,차대차 - 기타,안전운전불이행,건조,맑음,단일로 - 기타,승용,남,55세,상해없음,승합,남,39세,경상
2016111900100364,2016년 11월 19일 14시,토요일,충청남도 공주시 유구읍,경상사고,0,0,2,0,차대차 - 추돌,안전운전불이행,건조,맑음,단일로 - 기타,승용,남,56세,상해없음,승합,남,36세,경상
2016111900100365,2016년 11월 19일 14시,토요일,충청남도 당진시 신평면,부상신고사고,0,0,0,1,차대사람 - 기타,안전운전불이행,건조,맑음,단일로 - 기타,승용,여,23세,상해없음,보행자,여,55세,부상신고
2016111900100402,2016년 11월 19일 15시,토요일,충청남도 보령시 명천동,경상사고,0,0,3,0,차대차 - 측면직각충돌,신호위반,건조,맑음,단일로 - 기타,승용,여,56세,경상,승용,여,36세,경상
2016111900100440,2016년 11월 19일 16시,토요일,충청남도 공주시 신관동,경상사고,0,0,1,0,차대사람 - 기타,안전운전불이행,건조,맑음,단일로 - 기타,승용,여,24세,상해없음,보행자,여,25세,경상
2016111900100482,2016년 11월 19일 17시,토요일,충청남도 논산시 지산동,경상사고,0,0,1,0,차대차 - 기타,안전운전불이행,건조,맑음,단일로 - 기타,승용,기타불명,기타불명,기타불명,승용,남,38세,기타불명
2016111900100533,2016년 11월 19일 18시,토요일,충청남도 아산시 염치읍,경상사고,0,0,2,0,차대차 - 추돌,안전운전불이행,건조,맑음,단일로 - 기타,승용,남,58세,상해없음,승용,남,49세,경상
2016111900100534,2016년 11월 19일 18시,토요일,충청남도 아산시 모종동,경상사고,0,0,1,0,차대사람 - 횡단중,안전운전불이행,습기,비,단일로 - 기타,기타불명,기타불명,기타불명,기타불명,보행자,여,39세,경상
2016111900100535,2016년 11월 19일 18시,토요일,충청남도 당진시 채운동,경상사고,0,0,5,0,차대차 - 추돌,안전운전불이행,건조,맑음,교차로 - 교차로부근,승합,남,47세,상해없음,승용,여,64세,경상
2016111900100536,2016년 11월 19일 18시,토요일,충청남도 청양군 정산면,경상사고,0,0,1,0,차대사람 - 횡단중,안전운전불이행,건조,맑음,교차로 - 교차로부근,승용,남,52세,상해없음,보행자,남,61세,경상
2016111900100674,2016년 11월 19일 21시,토요일,충청남도 서산시 해미면,중상사고,0,1,0,0,차대차 - 추돌,안전운전불이행,건조,맑음,단일로 - 기타,승용,남,52세,상해없음,원동기,남,24세,중상
2016111900100701,2016년 11월 19일 22시,토요일,충청남도 당진시 송악읍,경상사고,0,0,3,0,차대차 - 측면직각충돌,중앙선침범,건조,맑음,단일로 - 기타,승용,남,73세,상해없음,승용,남,32세,경상
2016111900100702,2016년 11월 19일 22시,토요일,충청남도 금산군 금성면,경상사고,0,0,2,0,차대차 - 추돌,안전거리미확보,습기,비,교차로 - 교차로안,승용,남,65세,상해없음,승용,남,56세,상해없음
2016111900100730,2016년 11월 19일 23시,토요일,충청남도 서산시 예천동,중상사고,0,1,0,0,차량단독 - 공작물충돌,안전운전불이행,건조,맑음,교차로 - 교차로부근,승용,남,30세,중상,,,,
2016111900100731,2016년 11월 19일 23시,토요일,충청남도 아산시 송악면,중상사고,0,1,0,0,차대사람 - 길가장자리구역통행중,안전운전불이행,건조,맑음,단일로 - 기타,승용,남,40세,상해없음,보행자,남,54세,중상
2016112000100057,2016년 11월 20일 03시,일요일,충청남도 서산시 인지면,중상사고,0,1,0,0,차량단독 - 전도전복,안전운전불이행,건조,맑음,단일로 - 기타,승용,남,21세,중상,,,,
2016112000100094,2016년 11월 20일 06시,일요일,충청남도 공주시 신관동,경상사고,0,0,1,0,차대차 - 추돌,안전운전불이행,건조,맑음,교차로 - 교차로부근,승용,남,26세,상해없음,승합,남,49세,경상
2016112000100095,2016년 11월 20일 06시,일요일,충청남도 천안시 동남구 병천면,경상사고,0,0,1,0,차대차 - 정면충돌,안전운전불이행,건조,맑음,단일로 - 기타,승용,남,48세,상해없음,승용,남,39세,경상
2016112000100152,2016년 11월 20일 10시,일요일,충청남도 천안시 서북구 쌍용동,경상사고,0,0,2,0,차대차 - 기타,안전거리미확보,건조,맑음,단일로 - 기타,승용,여,32세,상해없음,승합,남,50세,상해없음
2016112000100181,2016년 11월 20일 11시,일요일,충청남도 당진시 석문면,중상사고,0,1,3,0,차대차 - 측면직각충돌,차로위반,건조,맑음,교차로 - 교차로부근,화물,남,53세,경상,승합,남,52세,상해없음
2016112000100239,2016년 11월 20일 13시,일요일,충청남도 논산시 내동,중상사고,0,1,0,0,차대차 - 측면충돌,안전거리미확보,건조,맑음,단일로 - 기타,화물,남,74세,상해없음,이륜,남,76세,중상
2016112000100240,2016년 11월 20일 13시,일요일,충청남도 아산시 둔포면,경상사고,0,0,1,0,차대차 - 측면충돌,안전운전불이행,건조,맑음,교차로 - 교차로안,승용,남,43세,상해없음,이륜,남,29세,경상
2016112000100241,2016년 11월 20일 13시,일요일,충청남도 공주시 우성면,중상사고,0,1,1,0,차대차 - 추돌,안전운전불이행,건조,맑음,단일로 - 기타,승용,남,35세,상해없음,승합,남,41세,경상
2016112000100242,2016년 11월 20일 13시,일요일,충청남도 공주시 정안면,경상사고,0,0,2,0,차대차 - 추돌,안전운전불이행,건조,맑음,단일로 - 기타,승용,남,43세,상해없음,승용,남,47세,상해없음
2016112000100303,2016년 11월 20일 15시,일요일,충청남도 당진시 송악읍,경상사고,0,0,1,0,차량단독 - 전도전복,안전운전불이행,건조,맑음,교차로 - 교차로부근,이륜,남,54세,경상,,,,
2016112000100304,2016년 11월 20일 15시,일요일,충청남도 공주시 탄천면,경상사고,0,0,2,0,차대차 - 측면직각충돌,안전운전불이행,건조,맑음,단일로 - 기타,승용,여,57세,상해없음,승용,여,44세,경상
2016112000100336,2016년 11월 20일 16시,일요일,충청남도 아산시 신인동,경상사고,0,0,2,0,차대차 - 측면충돌,안전운전불이행,건조,맑음,교차로 - 교차로부근,승용,남,51세,상해없음,승용,남,44세,경상
2016112000100337,2016년 11월 20일 16시,일요일,충청남도 서천군 종천면,중상사고,0,1,1,0,차량단독 - 전도전복,안전운전불이행,건조,맑음,단일로 - 기타,승용,여,65세,경상,,,,
2016112000100338,2016년 11월 20일 16시,일요일,충청남도 서천군 판교면,경상사고,0,0,1,0,차대차 - 측면직각충돌,교차로운행방법위반,건조,맑음,교차로 - 교차로안,이륜,남,62세,경상,승용,여,60세,상해없음
2016112000100377,2016년 11월 20일 17시,일요일,충청남도 천안시 동남구 구룡동,경상사고,0,0,2,0,차대차 - 추돌,안전운전불이행,건조,맑음,단일로 - 기타,승용,여,64세,상해없음,승용,여,41세,경상
2016112000100411,2016년 11월 20일 18시,일요일,충청남도 아산시 배방읍,경상사고,0,0,1,0,차대차 - 측면직각충돌,안전운전불이행,건조,맑음,기타 - 기타,승용,여,41세,상해없음,승용,여,46세,경상
2016112000100474,2016년 11월 20일 20시,일요일,충청남도 아산시 음봉면,중상사고,0,2,0,0,차대차 - 측면충돌,안전운전불이행,건조,맑음,기타 - 기타,승용,남,69세,상해없음,승용,남,68세,중상
2016112000100515,2016년 11월 20일 22시,일요일,충청남도 천안시 동남구 신방동,부상신고사고,0,0,0,3,차대차 - 기타,신호위반,건조,맑음,교차로 - 교차로안,기타불명,기타불명,기타불명,기타불명,승용,남,38세,부상신고
2016112000100544,2016년 11월 20일 23시,일요일,충청남도 서산시 예천동,경상사고,0,0,2,0,차대차 - 추돌,안전운전불이행,건조,맑음,단일로 - 기타,승용,남,49세,상해없음,승용,남,69세,경상
2016112100100024,2016년 11월 21일 03시,월요일,충청남도 태안군 태안읍,중상사고,0,1,0,0,차대차 - 측면직각충돌,신호위반,건조,맑음,교차로 - 교차로안,승용,남,80세,상해없음,승용,남,62세,중상
2016112100100051,2016년 11월 21일 06시,월요일,충청남도 아산시 득산동,사망사고,1,0,0,0,차대차 - 측면충돌,신호위반,건조,맑음,교차로 - 교차로안,자전거,여,71세,사망,승용,남,49세,상해없음
2016112100100052,2016년 11월 21일 06시,월요일,충청남도 아산시 배방읍,부상신고사고,0,0,0,1,차대차 - 추돌,기타,건조,맑음,단일로 - 터널,승용,남,35세,부상신고,승합,남,57세,상해없음
2016112100100053,2016년 11월 21일 06시,월요일,충청남도 청양군 대치면,경상사고,0,0,2,0,차대차 - 정면충돌,중앙선침범,건조,맑음,단일로 - 기타,승용,여,36세,경상,승용,남,44세,경상
2016112100100075,2016년 11월 21일 07시,월요일,충청남도 논산시 부창동,경상사고,0,0,1,0,차대차 - 측면충돌,안전거리미확보,건조,맑음,미분류 - 미분류,자전거,남,62세,경상,화물,남,52세,상해없음
2016112100100076,2016년 11월 21일 07시,월요일,충청남도 논산시 등화동,중상사고,0,1,0,0,차대차 - 추돌,안전운전불이행,건조,맑음,교차로 - 교차로부근,화물,남,56세,상해없음,승용,여,47세,중상
2016112100100077,2016년 11월 21일 07시,월요일,충청남도 아산시 염치읍,중상사고,0,1,1,0,차대차 - 기타,안전운전불이행,건조,맑음,기타 - 기타,승용,남,35세,상해없음,승합,남,34세,중상
2016112100100102,2016년 11월 21일 08시,월요일,충청남도 서산시 석림동,중상사고,0,1,0,0,차대사람 - 횡단중,안전운전불이행,건조,흐림,교차로 - 교차로부근,승용,여,40세,상해없음,보행자,여,16세,중상
2016112100100148,2016년 11월 21일 09시,월요일,충청남도 논산시 노성면,경상사고,0,0,1,0,차대차 - 측면직각충돌,안전운전불이행,건조,맑음,교차로 - 교차로안,화물,남,56세,상해없음,승용,여,54세,경상
2016112100100190,2016년 11월 21일 10시,월요일,충청남도 천안시 서북구 성성동,경상사고,0,0,1,0,차대차 - 기타,안전운전불이행,건조,맑음,단일로 - 기타,화물,남,50세,상해없음,승용,여,41세,경상
2016112100100191,2016년 11월 21일 10시,월요일,충청남도 논산시 가야곡면,중상사고,0,1,2,0,차량단독 - 전도전복,과속,건조,맑음,단일로 - 기타,승용,남,19세,상해없음,,,,
2016112100100192,2016년 11월 21일 10시,월요일,충청남도 홍성군 갈산면,중상사고,0,1,0,0,차량단독 - 전도전복,안전운전불이행,건조,맑음,단일로 - 기타,이륜,남,69세,중상,,,,
2016112100100193,2016년 11월 21일 10시,월요일,충청남도 공주시 월송동,사망사고,1,0,0,0,차대사람 - 보도통행중,기타,건조,맑음,단일로 - 기타,화물,남,61세,상해없음,보행자,남,69세,사망
2016112100100222,2016년 11월 21일 11시,월요일,충청남도 아산시 탕정면,중상사고,0,1,0,0,차대사람 - 기타,기타,건조,맑음,단일로 - 기타,승용,기타불명,기타불명,기타불명,보행자,여,82세,중상
2016112100100223,2016년 11월 21일 11시,월요일,충청남도 서천군 서천읍,경상사고,0,0,4,0,차대차 - 측면직각충돌,직진우회전진행방해,건조,맑음,교차로 - 교차로안,승용,여,49세,경상,화물,남,23세,경상
2016112100100251,2016년 11월 21일 12시,월요일,충청남도 보령시 명천동,경상사고,0,0,1,0,차대사람 - 횡단중,안전운전불이행,건조,맑음,단일로 - 기타,승용,남,38세,상해없음,보행자,여,43세,경상
2016112100100252,2016년 11월 21일 12시,월요일,충청남도 부여군 부여읍,경상사고,0,0,1,0,차대사람 - 기타,안전운전불이행,습기,맑음,단일로 - 기타,화물,남,65세,상해없음,보행자,남,54세,경상
2016112100100274,2016년 11월 21일 13시,월요일,충청남도 서산시 읍내동,중상사고,0,1,0,0,차대사람 - 횡단중,보행자보호의무위반,건조,맑음,단일로 - 횡단보도상,승용,남,55세,상해없음,보행자,남,80세,중상
2016112100100275,2016년 11월 21일 13시,월요일,충청남도 아산시 권곡동,경상사고,0,0,1,0,차대차 - 기타,안전운전불이행,건조,맑음,단일로 - 기타,승용,남,29세,상해없음,승용,남,42세,경상
2016112100100343,2016년 11월 21일 15시,월요일,충청남도 천안시 서북구 백석동,경상사고,0,0,1,0,차대차 - 기타,교차로운행방법위반,건조,맑음,교차로 - 교차로안,승용,남,55세,상해없음,승용,남,38세,경상
2016112100100344,2016년 11월 21일 15시,월요일,충청남도 계룡시 금암동,중상사고,0,1,0,0,차대차 - 측면직각충돌,과속,건조,맑음,교차로 - 교차로부근,승용,남,69세,상해없음,자전거,남,13세,중상
2016112100100383,2016년 11월 21일 16시,월요일,충청남도 서천군 판교면,사망사고,1,0,0,0,차량단독 - 전도전복,안전운전불이행,건조,맑음,단일로 - 기타,농기계,남,75세,사망,,,,
2016112100100479,2016년 11월 21일 18시,월요일,충청남도 논산시 강경읍,경상사고,0,0,1,0,차대차 - 측면충돌,안전운전불이행,건조,맑음,교차로 - 교차로부근,자전거,남,80세,경상,자전거,여,37세,상해없음
2016112100100480,2016년 11월 21일 18시,월요일,충청남도 아산시 인주면,중상사고,0,1,0,0,차대사람 - 횡단중,안전운전불이행,건조,맑음,단일로 - 기타,화물,남,58세,상해없음,보행자,여,73세,중상
2016112100100481,2016년 11월 21일 18시,월요일,충청남도 보령시 대천동,경상사고,0,0,1,0,차대사람 - 횡단중,안전운전불이행,건조,맑음,단일로 - 기타,승용,남,50세,상해없음,보행자,남,74세,경상
2016112100100482,2016년 11월 21일 18시,월요일,충청남도 당진시 송악읍,부상신고사고,0,0,0,1,차대차 - 측면충돌,안전운전불이행,건조,맑음,단일로 - 기타,기타불명,기타불명,기타불명,기타불명,승용,남,41세,부상신고
2016112100100526,2016년 11월 21일 19시,월요일,충청남도 당진시 석문면,경상사고,0,0,3,0,차대차 - 정면충돌,교차로운행방법위반,건조,맑음,교차로 - 교차로안,승용,남,31세,상해없음,승용,남,36세,경상
2016112100100560,2016년 11월 21일 20시,월요일,충청남도 천안시 서북구 성정동,중상사고,0,1,0,0,차대차 - 측면직각충돌,안전운전불이행,건조,맑음,교차로 - 교차로안,승용,여,43세,상해없음,원동기,남,38세,중상
2016112100100584,2016년 11월 21일 21시,월요일,충청남도 천안시 서북구 쌍용동,중상사고,0,1,6,0,차대차 - 측면직각충돌,안전운전불이행,건조,맑음,단일로 - 기타,승용,여,29세,상해없음,승용,남,36세,경상
2016112100100585,2016년 11월 21일 21시,월요일,충청남도 예산군 신양면,경상사고,0,0,1,0,차대차 - 추돌,안전운전불이행,건조,맑음,단일로 - 기타,승용,남,33세,상해없음,화물,남,43세,경상
2016112100100608,2016년 11월 21일 22시,월요일,충청남도 당진시 읍내리,중상사고,0,1,0,0,차대차 - 측면충돌,중앙선침범,건조,맑음,단일로 - 기타,승용,남,21세,상해없음,이륜,남,17세,중상
2016112100100631,2016년 11월 21일 23시,월요일,충청남도 아산시 둔포면,중상사고,0,1,1,0,차대차 - 기타,안전운전불이행,건조,맑음,단일로 - 기타,승용,남,24세,상해없음,승용,남,46세,상해없음
2016112100100632,2016년 11월 21일 23시,월요일,충청남도 아산시 염치읍,경상사고,0,0,1,0,차대차 - 측면충돌,안전운전불이행,건조,맑음,교차로 - 교차로안,승용,남,49세,기타불명,승용,남,40세,경상
2016112200100049,2016년 11월 22일 05시,화요일,충청남도 천안시 서북구 백석동,경상사고,0,0,1,1,차대차 - 측면직각충돌,신호위반,건조,맑음,교차로 - 교차로안,이륜,남,19세,부상신고,승용,남,47세,경상
2016112200100050,2016년 11월 22일 05시,화요일,충청남도 청양군 대치면,중상사고,0,1,0,0,차량단독 - 전도전복,안전운전불이행,건조,맑음,단일로 - 기타,승용,남,23세,상해없음,,,,
2016112200100105,2016년 11월 22일 08시,화요일,충청남도 서산시 동문동,중상사고,0,1,0,0,차대차 - 정면충돌,안전운전불이행,건조,맑음,교차로 - 교차로부근,자전거,남,17세,중상,승용,여,44세,상해없음
2016112200100134,2016년 11월 22일 09시,화요일,충청남도 논산시 반월동,중상사고,0,1,1,0,차대차 - 측면충돌,안전운전불이행,습기,비,단일로 - 기타,승용,여,32세,상해없음,승용,남,70세,경상
2016112200100135,2016년 11월 22일 09시,화요일,충청남도 부여군 홍산면,중상사고,0,1,0,0,차대차 - 측면직각충돌,직진우회전진행방해,건조,맑음,교차로 - 교차로안,승용,여,62세,상해없음,자전거,남,80세,중상
2016112200100158,2016년 11월 22일 10시,화요일,충청남도 천안시 서북구 두정동,경상사고,0,0,1,0,차대차 - 측면충돌,신호위반,건조,맑음,교차로 - 교차로안,화물,남,27세,상해없음,화물,남,68세,경상
2016112200100159,2016년 11월 22일 10시,화요일,충청남도 아산시 음봉면,경상사고,0,0,5,0,차대차 - 정면충돌,중앙선침범,건조,맑음,단일로 - 기타,승용,남,44세,상해없음,화물,남,58세,상해없음
2016112200100209,2016년 11월 22일 12시,화요일,충청남도 서산시 동문동,경상사고,0,0,1,0,차대사람 - 길가장자리구역통행중,안전운전불이행,건조,맑음,기타 - 기타,승용,여,68세,상해없음,보행자,여,78세,경상
2016112200100210,2016년 11월 22일 12시,화요일,충청남도 천안시 서북구 성환읍,경상사고,0,0,1,0,차대차 - 추돌,안전운전불이행,건조,맑음,단일로 - 기타,승용,남,48세,상해없음,승용,남,35세,경상
2016112200100267,2016년 11월 22일 14시,화요일,충청남도 서천군 서천읍,중상사고,0,1,0,0,차대차 - 정면충돌,중앙선침범,건조,맑음,단일로 - 기타,승용,남,75세,상해없음,원동기,남,77세,중상
2016112200100268,2016년 11월 22일 14시,화요일,충청남도 공주시 소학동,중상사고,0,1,0,0,차량단독 - 전도전복,안전운전불이행,건조,맑음,단일로 - 기타,이륜,남,80세,중상,,,,
2016112200100318,2016년 11월 22일 16시,화요일,충청남도 아산시 송악면,경상사고,0,0,1,0,차대차 - 측면충돌,안전운전불이행,건조,맑음,단일로 - 기타,화물,남,54세,상해없음,승용,여,45세,경상
2016112200100356,2016년 11월 22일 17시,화요일,충청남도 아산시 음봉면,경상사고,0,0,1,0,차대사람 - 횡단중,중앙선침범,건조,맑음,교차로 - 교차로부근,승용,남,35세,상해없음,보행자,여,42세,경상
2016112200100357,2016년 11월 22일 17시,화요일,충청남도 예산군 응봉면,경상사고,0,0,1,0,차대차 - 측면직각충돌,신호위반,건조,맑음,교차로 - 교차로안,화물,남,32세,상해없음,승용,남,61세,경상
2016112200100358,2016년 11월 22일 17시,화요일,충청남도 금산군 군북면,경상사고,0,0,2,0,차대차 - 측면충돌,안전운전불이행,건조,맑음,단일로 - 기타,승용,남,24세,상해없음,승용,남,63세,경상
2016112200100410,2016년 11월 22일 18시,화요일,충청남도 천안시 서북구 직산읍,경상사고,0,0,1,0,차대차 - 정면충돌,안전운전불이행,건조,맑음,교차로 - 교차로안,승용,여,42세,상해없음,원동기,남,42세,경상
2016112200100411,2016년 11월 22일 18시,화요일,충청남도 천안시 서북구 직산읍,경상사고,0,0,1,0,차대차 - 측면충돌,안전운전불이행,건조,맑음,교차로 - 교차로안,기타불명,기타불명,기타불명,기타불명,승용,남,40세,경상
2016112200100462,2016년 11월 22일 19시,화요일,충청남도 천안시 서북구 직산읍,경상사고,0,0,1,0,차대차 - 측면충돌,신호위반,건조,맑음,교차로 - 교차로안,승합,남,25세,상해없음,승용,남,30세,경상
2016112200100464,2016년 11월 22일 19시,화요일,충청남도 천안시 동남구 대흥동,경상사고,0,0,1,1,차대차 - 정면충돌,중앙선침범,건조,맑음,단일로 - 기타,승용,여,21세,부상신고,승용,남,49세,경상
2016112200100465,2016년 11월 22일 19시,화요일,충청남도 천안시 동남구 대흥동,경상사고,0,0,1,0,차대사람 - 길가장자리구역통행중,안전운전불이행,건조,맑음,단일로 - 기타,승용,남,49세,상해없음,보행자,남,51세,경상
2016112200100495,2016년 11월 22일 20시,화요일,충청남도 서산시 해미면,중상사고,0,1,0,0,차대사람 - 횡단중,안전운전불이행,건조,맑음,교차로 - 교차로안,승용,남,34세,상해없음,보행자,남,43세,중상
2016112200100496,2016년 11월 22일 20시,화요일,충청남도 논산시 강산동,경상사고,0,0,2,0,차대차 - 추돌,안전운전불이행,건조,맑음,단일로 - 기타,화물,남,53세,상해없음,승용,남,60세,경상
2016112200100497,2016년 11월 22일 20시,화요일,충청남도 서천군 장항읍,중상사고,0,2,0,0,차대차 - 추돌,안전거리미확보,건조,맑음,교차로 - 교차로부근,승용,남,62세,상해없음,승용,남,65세,중상
2016112300100016,2016년 11월 23일 00시,수요일,충청남도 천안시 동남구 구성동,경상사고,0,0,2,0,차대차 - 정면충돌,중앙선침범,건조,맑음,단일로 - 기타,승용,남,24세,상해없음,승용,남,26세,경상
2016112300100056,2016년 11월 23일 05시,수요일,충청남도 천안시 동남구 목천읍,경상사고,0,0,2,0,차대차 - 추돌,안전운전불이행,건조,맑음,단일로 - 기타,승용,여,22세,경상,승용,여,57세,상해없음
2016112300100076,2016년 11월 23일 06시,수요일,충청남도 공주시 신관동,중상사고,0,1,0,0,차대차 - 추돌,안전운전불이행,건조,맑음,단일로 - 기타,화물,남,59세,상해없음,자전거,여,78세,중상
2016112300100077,2016년 11월 23일 06시,수요일,충청남도 금산군 금산읍,중상사고,0,1,0,0,차대사람 - 횡단중,안전운전불이행,건조,맑음,단일로 - 기타,화물,남,39세,상해없음,보행자,남,80세,중상
2016112300100132,2016년 11월 23일 08시,수요일,충청남도 서산시 석림동,중상사고,0,2,0,0,차대차 - 측면직각충돌,직진우회전진행방해,건조,맑음,단일로 - 기타,승용,여,39세,상해없음,승용,남,48세,중상
2016112300100133,2016년 11월 23일 08시,수요일,충청남도 보령시 궁촌동,경상사고,0,0,3,0,차대차 - 정면충돌,신호위반,건조,맑음,교차로 - 교차로안,승용,여,54세,경상,승합,남,45세,상해없음
2016112300100204,2016년 11월 23일 10시,수요일,충청남도 서천군 장항읍,사망사고,1,0,0,0,차대차 - 측면직각충돌,직진우회전진행방해,건조,맑음,교차로 - 교차로안,자전거,여,79세,사망,승용,남,38세,상해없음
2016112300100205,2016년 11월 23일 10시,수요일,충청남도 서천군 서천읍,경상사고,0,0,1,0,차대차 - 기타,안전운전불이행,건조,맑음,교차로 - 교차로안,승용,남,71세,상해없음,원동기,남,72세,경상
2016112300100259,2016년 11월 23일 12시,수요일,충청남도 서산시 예천동,경상사고,0,0,1,0,차대사람 - 기타,기타,건조,맑음,단일로 - 기타,승합,남,51세,상해없음,보행자,여,74세,경상
2016112300100307,2016년 11월 23일 14시,수요일,충청남도 계룡시 엄사면,중상사고,0,2,0,0,차대차 - 추돌,안전운전불이행,건조,맑음,단일로 - 기타,승용,남,24세,상해없음,이륜,남,70세,중상
2016112300100308,2016년 11월 23일 14시,수요일,충청남도 보령시 신흑동,경상사고,0,0,1,0,차대사람 - 횡단중,안전운전불이행,건조,맑음,단일로 - 기타,화물,남,36세,상해없음,보행자,여,76세,경상
2016112300100309,2016년 11월 23일 14시,수요일,충청남도 보령시 남곡동,중상사고,0,1,0,0,차량단독 - 전도전복,안전운전불이행,건조,맑음,단일로 - 기타,이륜,남,77세,상해없음,,,,