사고번호,사고일시,요일,시군구,사고내용,사망자수,중상자수,경상자수,부상신고자수,사고유형,법규위반,노면상태,기상상태,도로형태,가해운전자 차종,가해운전자 성별,가해운전자 연령,가해운전자 상해정도,피해운전자 차종,피해운전자 성별,피해운전자 연령,피해운전자 상해정도
2016112800100088,2016년 11월 28일 07시,월요일,충청남도 천안시 동남구 다가동,중상사고,0,1,0,0,차대사람 - 횡단중,보행자보호의무위반,습기,흐림,교차로 - 교차로부근,화물,남,35세,상해없음,보행자,여,64세,중상
2016112800100126,2016년 11월 28일 08시,월요일,충청남도 천안시 서북구 신당동,경상사고,0,0,2,0,차대차 - 측면직각충돌,신호위반,습기,흐림,교차로 - 교차로안,화물,남,52세,상해없음,화물,남,19세,경상
2016112800100127,2016년 11월 28일 08시,월요일,충청남도 아산시 둔포면,경상사고,0,0,1,0,차량단독 - 전도전복,안전운전불이행,결빙,흐림,단일로 - 기타,화물,남,56세,경상,,,,
2016112800100128,2016년 11월 28일 08시,월요일,충청남도 서천군 서천읍,경상사고,0,0,1,0,차대차 - 추돌,안전운전불이행,건조,맑음,단일로 - 기타,승용,여,50세,경상,화물,남,60세,기타불명
2016112800100171,2016년 11월 28일 09시,월요일,충청남도 태안군 태안읍,경상사고,0,0,2,0,차대차 - 측면충돌,교차로운행방법위반,건조,맑음,교차로 - 교차로안,승용,남,58세,경상,화물,남,74세,경상
2016112800100211,2016년 11월 28일 10시,월요일,충청남도 태안군 근흥면,중상사고,0,1,0,0,차대차 - 측면충돌,안전운전불이행,건조,맑음,단일로 - 기타,특수,남,70세,상해없음,이륜,남,82세,중상
2016112800100212,2016년 11월 28일 10시,월요일,충청남도 아산시 초사동,경상사고,0,0,1,0,차대차 - 측면직각충돌,신호위반,건조,맑음,교차로 - 교차로안,승용,여,54세,상해없음,승용,여,47세,상해없음
2016112800100213,2016년 11월 28일 10시,월요일,충청남도 천안시 동남구 삼룡동,경상사고,0,0,1,0,차대차 - 기타,안전운전불이행,건조,맑음,단일로 - 기타,승용,남,72세,상해없음,승용,남,25세,경상
2016112800100305,2016년 11월 28일 13시,월요일,충청남도 서산시 성연면,경상사고,0,0,1,0,차대차 - 측면충돌,신호위반,건조,맑음,교차로 - 교차로안,승용,여,60세,상해없음,화물,남,43세,경상
2016112800100306,2016년 11월 28일 13시,월요일,충청남도 태안군 태안읍,중상사고,0,1,0,0,차대사람 - 횡단중,보행자보호의무위반,건조,기타,교차로 - 교차로부근,화물,남,61세,상해없음,보행자,여,33세,중상
2016112800100307,2016년 11월 28일 13시,월요일,충청남도 서천군 화양면,중상사고,0,1,0,0,차량단독 - 도로외이탈 - 추락,안전운전불이행,건조,맑음,단일로 - 기타,승용,남,58세,상해없음,,,,
2016112800100350,2016년 11월 28일 14시,월요일,충청남도 공주시 금학동,경상사고,0,0,1,0,차대사람 - 횡단중,안전운전불이행,건조,맑음,단일로 - 횡단보도상,승용,남,49세,기타불명,보행자,남,9세,경상
2016112800100381,2016년 11월 28일 15시,월요일,충청남도 청양군 청양읍,경상사고,0,0,1,1,차대차 - 측면직각충돌,안전운전불이행,건조,맑음,교차로 - 교차로안,승용,여,51세,부상신고,화물,남,60세,경상
2016112800100382,2016년 11월 28일 15시,월요일,충청남도 천안시 동남구 대흥동,경상사고,0,0,1,0,차대사람 - 횡단중,안전운전불이행,건조,맑음,단일로 - 기타,승용,여,50세,상해없음,보행자,남,61세,경상
2016112800100459,2016년 11월 28일 17시,월요일,충청남도 서천군 서면,경상사고,0,0,1,0,차대사람 - 기타,안전운전불이행,건조,맑음,단일로 - 기타,승용,여,61세,상해없음,보행자,여,56세,경상
2016112800100460,2016년 11월 28일 17시,월요일,충청남도 천안시 동남구 성황동,경상사고,0,0,1,0,차대차 - 추돌,중앙선침범,건조,맑음,단일로 - 기타,승용,남,72세,상해없음,승용,남,47세,경상
2016112800100521,2016년 11월 28일 18시,월요일,충청남도 서천군 서천읍,경상사고,0,0,2,0,차대차 - 추돌,안전운전불이행,건조,맑음,단일로 - 기타,특수,남,69세,상해없음,승용,여,24세,경상
2016112800100568,2016년 11월 28일 19시,월요일,충청남도 천안시 동남구 신방동,경상사고,0,0,1,0,차대차 - 측면충돌,교차로운행방법위반,건조,맑음,교차로 - 교차로안,승용,여,30세,상해없음,승용,남,41세,경상
2016112800100610,2016년 11월 28일 20시,월요일,충청남도 아산시 음봉면,경상사고,0,0,1,0,차대차 - 추돌,안전운전불이행,건조,맑음,단일로 - 기타,승용,남,48세,상해없음,승용,남,39세,경상
2016112800100611,2016년 11월 28일 20시,월요일,충청남도 천안시 동남구 안서동,경상사고,0,0,1,0,차대차 - 정면충돌,안전운전불이행,건조,맑음,단일로 - 기타,승합,남,50세,상해없음,승용,남,25세,경상
2016112800100628,2016년 11월 28일 21시,월요일,충청남도 공주시 신관동,경상사고,0,0,1,0,차대차 - 측면직각충돌,신호위반,건조,맑음,교차로 - 교차로안,화물,남,49세,상해없음,승용,여,49세,경상
2016112800100653,2016년 11월 28일 22시,월요일,충청남도 아산시 신창면,경상사고,0,0,1,0,차대사람 - 횡단중,안전운전불이행,건조,맑음,교차로 - 교차로안,승용,남,50세,상해없음,보행자,여,22세,경상
2016112800100677,2016년 11월 28일 23시,월요일,충청남도 공주시 우성면,경상사고,0,0,1,0,차대차 - 정면충돌,중앙선침범,건조,맑음,단일로 - 기타,승용,여,23세,상해없음,승용,남,34세,경상
2016112900100022,2016년 11월 29일 02시,화요일,충청남도 보령시 신흑동,중상사고,0,2,0,0,차대차 - 정면충돌,중앙선침범,건조,맑음,단일로 - 기타,승용,남,57세,상해없음,승용,여,46세,중상
2016112900100057,2016년 11월 29일 06시,화요일,충청남도 청양군 비봉면,사망사고,1,0,0,0,차량단독 - 공작물충돌,안전운전불이행,건조,맑음,단일로 - 기타,화물,남,61세,사망,,,,
2016112900100077,2016년 11월 29일 07시,화요일,충청남도 홍성군 홍성읍,경상사고,0,0,1,0,차대차 - 측면충돌,신호위반,건조,맑음,교차로 - 교차로안,화물,남,33세,상해없음,승용,남,42세,경상
2016112900100123,2016년 11월 29일 08시,화요일,충청남도 서천군 기산면,중상사고,0,2,0,0,차대차 - 측면충돌,중앙선침범,건조,맑음,단일로 - 기타,화물,남,54세,중상,승용,남,37세,중상
2016112900100124,2016년 11월 29일 08시,화요일,충청남도 금산군 금산읍,중상사고,0,1,0,0,차대사람 - 횡단중,안전운전불이행,건조,맑음,단일로 - 기타,화물,남,44세,상해없음,보행자,여,82세,중상
2016112900100174,2016년 11월 29일 09시,화요일,충청남도 계룡시 엄사면,경상사고,0,0,1,0,차대차 - 측면직각충돌,신호위반,건조,맑음,교차로 - 교차로부근,승용,여,38세,상해없음,화물,남,36세,경상
2016112900100175,2016년 11월 29일 09시,화요일,충청남도 공주시 신관동,중상사고,0,1,0,0,차대사람 - 횡단중,안전운전불이행,건조,맑음,교차로 - 교차로부근,승용,남,65세,상해없음,보행자,여,20세,중상
2016112900100176,2016년 11월 29일 09시,화요일,충청남도 당진시 채운동,경상사고,0,0,1,0,차대차 - 측면충돌,교차로운행방법위반,건조,맑음,교차로 - 교차로부근,승용,남,38세,상해없음,승용,남,54세,경상
2016112900100177,2016년 11월 29일 09시,화요일,충청남도 당진시 읍내리,중상사고,0,1,0,0,차대사람 - 횡단중,교차로운행방법위반,건조,맑음,교차로 - 교차로안,승용,여,39세,상해없음,보행자,남,75세,중상
2016112900100198,2016년 11월 29일 10시,화요일,충청남도 아산시 실옥동,경상사고,0,0,3,0,차대차 - 정면충돌,안전운전불이행,건조,맑음,교차로 - 교차로안,화물,남,47세,상해없음,승용,남,71세,경상
2016112900100230,2016년 11월 29일 11시,화요일,충청남도 금산군 금산읍,중상사고,0,1,0,0,차대사람 - 횡단중,안전운전불이행,건조,맑음,교차로 - 교차로안,승용,남,32세,상해없음,보행자,남,74세,중상
2016112900100261,2016년 11월 29일 12시,화요일,충청남도 논산시 연무읍,중상사고,0,1,0,0,차량단독 - 기타,안전운전불이행,건조,맑음,단일로 - 기타,승합,남,61세,상해없음,,,,
2016112900100294,2016년 11월 29일 13시,화요일,충청남도 천안시 서북구 입장면,중상사고,0,1,0,0,차대사람 - 기타,안전운전불이행,건조,맑음,단일로 - 기타,승용,남,48세,상해없음,보행자,여,72세,중상
2016112900100317,2016년 11월 29일 14시,화요일,충청남도 예산군 예산읍,중상사고,0,2,0,0,차대사람 - 길가장자리구역통행중,안전운전불이행,건조,맑음,단일로 - 기타,화물,남,50세,상해없음,보행자,남,42세,중상
2016112900100358,2016년 11월 29일 15시,화요일,충청남도 아산시 온천동,중상사고,0,1,0,0,차대사람 - 횡단중,안전운전불이행,건조,맑음,단일로 - 기타,승용,여,42세,상해없음,보행자,여,37세,중상
2016112900100360,2016년 11월 29일 15시,화요일,충청남도 당진시 읍내리,경상사고,0,0,1,0,차대차 - 추돌,안전운전불이행,건조,맑음,단일로 - 기타,승용,남,27세,상해없음,이륜,남,42세,경상
2016112900100361,2016년 11월 29일 15시,화요일,충청남도 천안시 동남구 원성동,중상사고,0,1,0,0,차대사람 - 횡단중,보행자보호의무위반,건조,맑음,단일로 - 기타,승용,남,31세,기타불명,보행자,남,77세,중상
2016112900100393,2016년 11월 29일 16시,화요일,충청남도 당진시 채운동,중상사고,0,1,0,0,차대차 - 측면충돌,교차로운행방법위반,건조,맑음,교차로 - 교차로부근,승용,여,42세,상해없음,건설기계,남,25세,상해없음
2016112900100394,2016년 11월 29일 16시,화요일,충청남도 천안시 동남구 원성동,중상사고,0,1,0,0,차대차 - 기타,안전운전불이행,건조,맑음,단일로 - 기타,승용,여,46세,상해없음,이륜,남,55세,중상
2016112900100395,2016년 11월 29일 16시,화요일,충청남도 논산시 연무읍,경상사고,0,0,1,0,차대차 - 측면직각충돌,안전운전불이행,건조,맑음,단일로 - 기타,승용,여,51세,상해없음,화물,남,50세,경상
2016112900100440,2016년 11월 29일 17시,화요일,충청남도 계룡시 엄사면,중상사고,0,1,0,0,차대사람 - 보도통행중,안전운전불이행,건조,맑음,교차로 - 교차로안,승용,여,37세,상해없음,보행자,남,55세,중상
2016112900100532,2016년 11월 29일 19시,화요일,충청남도 서산시 동문동,경상사고,0,0,1,0,차대사람 - 횡단중,안전운전불이행,건조,맑음,교차로 - 교차로안,승용,남,25세,상해없음,보행자,여,18세,경상
2016112900100572,2016년 11월 29일 20시,화요일,충청남도 서산시 잠홍동,부상신고사고,0,0,0,1,차대사람 - 횡단중,안전운전불이행,건조,맑음,교차로 - 교차로부근,화물,남,55세,상해없음,보행자,남,47세,부상신고
2016112900100573,2016년 11월 29일 20시,화요일,충청남도 논산시 광석면,중상사고,0,1,0,0,차대사람 - 길가장자리구역통행중,안전운전불이행,건조,맑음,단일로 - 기타,승용,남,58세,상해없음,보행자,남,60세,중상
2016112900100595,2016년 11월 29일 21시,화요일,충청남도 공주시 유구읍,경상사고,0,0,2,0,차대차 - 측면충돌,신호위반,건조,맑음,교차로 - 교차로안,승용,여,58세,경상,승용,여,53세,경상
2016112900100619,2016년 11월 29일 22시,화요일,충청남도 태안군 태안읍,중상사고,0,1,0,0,차대차 - 정면충돌,안전운전불이행,건조,맑음,교차로 - 교차로부근,승용,남,37세,상해없음,승용,여,51세,중상
2016112900100645,2016년 11월 29일 23시,화요일,충청남도 천안시 서북구 두정동,경상사고,0,0,1,0,차대차 - 기타,중앙선침범,건조,맑음,미분류 - 미분류,승용,남,44세,상해없음,승용,남,34세,경상
2016113000100047,2016년 11월 30일 04시,수요일,충청남도 논산시 내동,중상사고,0,3,1,0,차대차 - 추돌,안전운전불이행,건조,맑음,단일로 - 기타,승합,남,70세,상해없음,건설기계,남,45세,기타불명
2016113000100053,2016년 11월 30일 05시,수요일,충청남도 천안시 서북구 두정동,경상사고,0,0,1,0,차대차 - 기타,안전거리미확보,건조,맑음,단일로 - 기타,화물,남,25세,상해없음,승용,남,55세,경상
2016113000100054,2016년 11월 30일 05시,수요일,충청남도 공주시 신관동,경상사고,0,0,1,0,차대차 - 측면충돌,신호위반,건조,맑음,교차로 - 교차로안,승용,남,45세,상해없음,승용,여,42세,경상
2016113000100065,2016년 11월 30일 06시,수요일,충청남도 아산시 탕정면,중상사고,0,1,0,0,차대차 - 추돌,안전운전불이행,건조,맑음,단일로 - 기타,승용,여,54세,상해없음,원동기,남,36세,중상
2016113000100066,2016년 11월 30일 06시,수요일,충청남도 예산군 덕산면,경상사고,0,0,2,0,차대차 - 추돌,안전운전불이행,건조,맑음,단일로 - 기타,승용,여,43세,경상,농기계,남,50세,경상
2016113000100116,2016년 11월 30일 08시,수요일,충청남도 보령시 성주면,경상사고,0,0,1,0,차대차 - 추돌,안전운전불이행,습기,맑음,교차로 - 교차로부근,건설기계,남,34세,상해없음,승용,여,64세,경상
2016113000100145,2016년 11월 30일 09시,수요일,충청남도 천안시 서북구 신당동,경상사고,0,0,2,0,차대차 - 측면직각충돌,안전운전불이행,건조,맑음,단일로 - 기타,화물,남,58세,상해없음,승용,남,60세,경상
2016113000100147,2016년 11월 30일 09시,수요일,충청남도 부여군 남면,중상사고,0,1,0,0,차대차 - 측면직각충돌,안전운전불이행,건조,맑음,교차로 - 교차로안,이륜,남,57세,상해없음,이륜,남,72세,중상
2016113000100148,2016년 11월 30일 09시,수요일,충청남도 천안시 동남구 병천면,중상사고,0,1,0,0,차대차 - 측면충돌,안전운전불이행,건조,맑음,교차로 - 교차로안,승용,여,45세,상해없음,이륜,남,71세,중상
2016113000100198,2016년 11월 30일 11시,수요일,충청남도 천안시 동남구 청수동,경상사고,0,0,2,0,차대차 - 정면충돌,안전운전불이행,건조,맑음,단일로 - 기타,승용,남,28세,기타불명,승용,남,78세,경상
2016113000100216,2016년 11월 30일 12시,수요일,충청남도 서산시 동문동,중상사고,0,1,0,0,차대사람 - 횡단중,보행자보호의무위반,건조,맑음,교차로 - 교차로안,승용,남,46세,상해없음,보행자,여,78세,중상
2016113000100236,2016년 11월 30일 13시,수요일,충청남도 천안시 서북구 성정동,경상사고,0,0,2,0,차대차 - 측면직각충돌,안전운전불이행,건조,맑음,교차로 - 교차로안,이륜,남,37세,경상,승용,여,45세,경상
2016113000100298,2016년 11월 30일 15시,수요일,충청남도 계룡시 신도안면,경상사고,0,0,1,0,차대차 - 측면충돌,기타,습기,비,단일로 - 기타,승용,남,61세,상해없음,자전거,남,6세,경상
2016113000100299,2016년 11월 30일 15시,수요일,충청남도 천안시 서북구 성거읍,중상사고,0,1,4,0,차대차 - 추돌,안전운전불이행,건조,맑음,단일로 - 기타,승용,남,37세,중상,승용,남,34세,경상
2016113000100336,2016년 11월 30일 16시,수요일,충청남도 공주시 옥룡동,경상사고,0,0,1,0,차대차 - 추돌,안전운전불이행,습기,비,단일로 - 횡단보도부근,이륜,남,60세,경상,승합,여,58세,상해없음
2016113000100419,2016년 11월 30일 18시,수요일,충청남도 천안시 서북구 백석동,경상사고,0,0,1,0,차대차 - 추돌,안전운전불이행,건조,맑음,단일로 - 기타,승용,남,68세,기타불명,승용,여,43세,경상
2016113000100420,2016년 11월 30일 18시,수요일,충청남도 아산시 온천동,중상사고,0,1,0,0,차대차 - 추돌,안전운전불이행,건조,맑음,단일로 - 기타,승용,남,53세,기타불명,승용,여,26세,중상
2016113000100421,2016년 11월 30일 18시,수요일,충청남도 당진시 순성면,경상사고,0,0,1,0,차대차 - 기타,안전운전불이행,건조,맑음,단일로 - 기타,승용,여,41세,상해없음,승용,남,25세,경상
2016113000100476,2016년 11월 30일 19시,수요일,충청남도 태안군 태안읍,경상사고,0,0,1,0,차대차 - 정면충돌,안전운전불이행,건조,맑음,교차로 - 교차로안,승용,여,63세,상해없음,승용,남,37세,경상
2016113000100477,2016년 11월 30일 19시,수요일,충청남도 천안시 서북구 직산읍,경상사고,0,0,3,0,차대차 - 기타,안전운전불이행,건조,맑음,교차로 - 교차로안,승용,남,27세,상해없음,승용,남,30세,경상
2016113000100478,2016년 11월 30일 19시,수요일,충청남도 천안시 서북구 쌍용동,경상사고,0,0,1,0,차대차 - 기타,안전운전불이행,건조,맑음,단일로 - 기타,승용,남,25세,상해없음,승용,남,35세,경상
2016113000100479,2016년 11월 30일 19시,수요일,충청남도 부여군 외산면,중상사고,0,3,0,0,차대차 - 추돌,안전운전불이행,습기,비,단일로 - 기타,화물,남,50세,상해없음,승합,남,59세,중상
2016113000100502,2016년 11월 30일 20시,수요일,충청남도 서산시 인지면,중상사고,0,1,0,0,차량단독 - 전도전복,안전운전불이행,건조,맑음,단일로 - 기타,승용,남,36세,중상,,,,
2016113000100503,2016년 11월 30일 20시,수요일,충청남도 천안시 서북구 성정동,경상사고,0,0,2,0,차대차 - 추돌,안전운전불이행,건조,맑음,단일로 - 기타,승용,남,27세,상해없음,승용,남,22세,경상
2016113000100504,2016년 11월 30일 20시,수요일,충청남도 부여군 부여읍,경상사고,0,0,1,0,차대사람 - 횡단중,안전운전불이행,건조,흐림,교차로 - 교차로안,기타불명,기타불명,기타불명,기타불명,보행자,여,65세,경상
2016113000100550,2016년 11월 30일 21시,수요일,충청남도 논산시 취암동,경상사고,0,0,1,0,차대차 - 측면충돌,기타,건조,맑음,교차로 - 교차로안,승용,남,33세,상해없음,승용,여,45세,경상
2016113000100551,2016년 11월 30일 21시,수요일,충청남도 천안시 동남구 신부동,경상사고,0,0,1,0,차대차 - 기타,중앙선침범,건조,맑음,단일로 - 기타,승용,남,47세,상해없음,이륜,남,49세,경상
2016120100100035,2016년 12월 1일 01시,목요일,충청남도 아산시 온천동,중상사고,0,1,1,0,차대차 - 측면충돌,안전운전불이행,건조,맑음,교차로 - 교차로안,승용,남,35세,상해없음,승용,남,49세,중상
2016120100100054,2016년 12월 1일 04시,목요일,충청남도 천안시 서북구 입장면,중상사고,0,1,0,0,차대사람 - 횡단중,안전운전불이행,건조,맑음,단일로 - 기타,화물,남,55세,상해없음,보행자,남,47세,중상
2016120100100065,2016년 12월 1일 05시,목요일,충청남도 서산시 지곡면,중상사고,0,1,0,0,차대차 - 정면충돌,안전운전불이행,습기,맑음,단일로 - 기타,승용,남,68세,상해없음,승용,여,50세,중상
2016120100100080,2016년 12월 1일 06시,목요일,충청남도 서산시 지곡면,중상사고,0,1,0,0,차대사람 - 횡단중,안전운전불이행,습기,흐림,단일로 - 기타,승용,여,57세,상해없음,보행자,남,37세,중상
2016120100100105,2016년 12월 1일 07시,목요일,충청남도 천안시 서북구 와촌동,경상사고,0,0,1,0,차대사람 - 횡단중,안전운전불이행,건조,맑음,교차로 - 교차로안,화물,남,54세,상해없음,보행자,남,31세,경상
2016120100100106,2016년 12월 1일 07시,목요일,충청남도 홍성군 홍성읍,중상사고,0,1,0,0,차대사람 - 기타,안전운전불이행,건조,맑음,단일로 - 기타,승합,남,44세,상해없음,보행자,남,54세,중상
2016120100100142,2016년 12월 1일 08시,목요일,충청남도 천안시 서북구 차암동,부상신고사고,0,0,0,1,차대차 - 추돌,안전운전불이행,건조,맑음,단일로 - 기타,승용,남,27세,상해없음,승용,남,27세,부상신고
2016120100100143,2016년 12월 1일 08시,목요일,충청남도 천안시 서북구 두정동,경상사고,0,0,2,0,차대차 - 측면직각충돌,교차로운행방법위반,건조,맑음,교차로 - 교차로안,승용,남,30세,상해없음,승용,남,27세,경상
2016120100100144,2016년 12월 1일 08시,목요일,충청남도 천안시 서북구 불당동,경상사고,0,0,1,0,차대차 - 기타,중앙선침범,건조,맑음,교차로 - 교차로부근,승용,남,26세,상해없음,승용,남,29세,경상
2016120100100192,2016년 12월 1일 09시,목요일,충청남도 공주시 신풍면,경상사고,0,0,2,0,차대차 - 측면충돌,신호위반,습기,안개,교차로 - 교차로안,화물,남,58세,경상,승용,남,36세,경상
2016120100100245,2016년 12월 1일 11시,목요일,충청남도 서산시 팔봉면,중상사고,0,1,0,0,차대사람 - 차도통행중,안전운전불이행,건조,맑음,단일로 - 기타,화물,남,75세,상해없음,보행자,여,81세,중상
2016120100100270,2016년 12월 1일 12시,목요일,충청남도 당진시 읍내리,중상사고,0,1,2,0,차대차 - 측면직각충돌,직진우회전진행방해,건조,맑음,교차로 - 교차로안,승용,남,31세,상해없음,승용,여,30세,중상
2016120100100271,2016년 12월 1일 12시,목요일,충청남도 청양군 청양읍,중상사고,0,1,0,0,차대차 - 측면충돌,안전운전불이행,건조,맑음,단일로 - 기타,화물,남,61세,상해없음,이륜,남,71세,중상
2016120100100272,2016년 12월 1일 12시,목요일,충청남도 천안시 동남구 봉명동,중상사고,0,1,0,0,차대차 - 측면직각충돌,과속,건조,맑음,교차로 - 교차로안,화물,남,50세,상해없음,자전거,남,73세,중상
2016120100100323,2016년 12월 1일 14시,목요일,충청남도 서산시 해미면,중상사고,0,2,0,0,차대차 - 측면직각충돌,신호위반,건조,맑음,교차로 - 교차로안,승용,남,46세,중상,승용,남,71세,상해없음
2016120100100324,2016년 12월 1일 14시,목요일,충청남도 아산시 읍내동,경상사고,0,0,1,0,차대차 - 측면충돌,안전운전불이행,건조,맑음,교차로 - 교차로안,승용,남,39세,상해없음,화물,여,50세,경상
2016120100100395,2016년 12월 1일 16시,목요일,충청남도 예산군 덕산면,경상사고,0,0,1,0,차대차 - 측면직각충돌,안전운전불이행,건조,맑음,단일로 - 기타,승용,남,28세,상해없음,승용,남,49세,경상
2016120100100396,2016년 12월 1일 16시,목요일,충청남도 당진시 송악읍,경상사고,0,0,1,0,차량단독 - 도로외이탈 - 기타,기타,건조,맑음,단일로 - 기타,승용,남,33세,경상,,,,
2016120100100443,2016년 12월 1일 17시,목요일,충청남도 서산시 해미면,중상사고,0,1,1,0,차대차 - 기타,안전운전불이행,건조,맑음,교차로 - 교차로안,승용,여,46세,상해없음,화물,남,42세,경상
2016120100100444,2016년 12월 1일 17시,목요일,충청남도 천안시 서북구 두정동,경상사고,0,0,1,0,차대차 - 기타,안전운전불이행,건조,맑음,단일로 - 기타,승용,남,34세,상해없음,이륜,남,53세,경상
2016120100100445,2016년 12월 1일 17시,목요일,충청남도 논산시 양촌면,중상사고,0,1,1,0,차대차 - 측면충돌,중앙선침범,건조,맑음,단일로 - 기타,화물,여,49세,상해없음,승합,남,74세,경상
2016120100100446,2016년 12월 1일 17시,목요일,충청남도 부여군 부여읍,중상사고,0,1,0,0,차대차 - 정면충돌,안전운전불이행,건조,맑음,단일로 - 기타,화물,남,49세,상해없음,이륜,남,75세,중상
2016120100100447,2016년 12월 1일 17시,목요일,충청남도 금산군 추부면,경상사고,0,0,7,0,차대차 - 측면충돌,안전운전불이행,건조,맑음,단일로 - 기타,승합,남,75세,상해없음,화물,남,64세,경상
2016120100100497,2016년 12월 1일 18시,목요일,충청남도 서산시 예천동,경상사고,0,0,1,0,차대사람 - 횡단중,안전운전불이행,건조,맑음,단일로 - 기타,승용,여,34세,상해없음,보행자,남,12세,경상
2016120100100498,2016년 12월 1일 18시,목요일,충청남도 천안시 서북구 성거읍,중상사고,0,1,0,0,차대사람 - 횡단중,안전운전불이행,건조,맑음,단일로 - 기타,승용,남,40세,상해없음,보행자,남,79세,중상
2016120100100499,2016년 12월 1일 18시,목요일,충청남도 홍성군 홍북면,사망사고,1,0,1,0,차대차 - 추돌,안전운전불이행,건조,맑음,단일로 - 기타,화물,남,55세,사망,농기계,남,55세,경상
2016120100100500,2016년 12월 1일 18시,목요일,충청남도 아산시 배방읍,중상사고,0,1,0,0,차대차 - 정면충돌,중앙선침범,건조,맑음,단일로 - 기타,화물,남,39세,상해없음,이륜,남,30세,중상
2016120100100501,2016년 12월 1일 18시,목요일,충청남도 서천군 종천면,중상사고,0,1,0,0,차대차 - 측면직각충돌,신호위반,건조,맑음,교차로 - 교차로안,승용,여,40세,상해없음,승용,여,44세,중상
2016120100100502,2016년 12월 1일 18시,목요일,충청남도 보령시 궁촌동,경상사고,0,0,1,0,차대사람 - 횡단중,안전운전불이행,건조,맑음,단일로 - 횡단보도상,승합,남,55세,상해없음,보행자,남,51세,경상
2016120100100608,2016년 12월 1일 21시,목요일,충청남도 태안군 태안읍,경상사고,0,0,1,0,차대사람 - 보도통행중,보행자보호의무위반,건조,맑음,교차로 - 교차로부근,승용,남,19세,상해없음,보행자,남,25세,경상
2016120100100610,2016년 12월 1일 21시,목요일,충청남도 아산시 송악면,중상사고,0,1,0,0,차대차 - 정면충돌,중앙선침범,건조,흐림,교차로 - 교차로부근,승용,남,44세,상해없음,승용,여,49세,중상
2016120100100635,2016년 12월 1일 22시,목요일,충청남도 아산시 도고면,경상사고,0,0,2,0,차대차 - 추돌,안전운전불이행,건조,맑음,단일로 - 기타,승용,남,42세,상해없음,승용,남,42세,경상
2016120100100655,2016년 12월 1일 23시,목요일,충청남도 부여군 부여읍,중상사고,0,2,0,0,차대차 - 측면직각충돌,신호위반,건조,맑음,교차로 - 교차로안,승용,남,41세,중상,승용,남,60세,중상
2016120200100103,2016년 12월 2일 07시,금요일,충청남도 천안시 서북구 성정동,경상사고,0,0,1,0,차대사람 - 횡단중,신호위반,건조,맑음,단일로 - 기타,승용,남,70세,상해없음,보행자,남,24세,경상
2016120200100139,2016년 12월 2일 08시,금요일,충청남도 천안시 서북구 쌍용동,중상사고,0,2,0,0,차대차 - 정면충돌,신호위반,건조,맑음,교차로 - 교차로안,승용,남,20세,상해없음,승용,여,53세,중상
2016120200100181,2016년 12월 2일 09시,금요일,충청남도 서산시 고북면,사망사고,1,0,0,0,차대차 - 측면충돌,교차로운행방법위반,건조,맑음,교차로 - 교차로안,이륜,남,80세,사망,건설기계,남,41세,상해없음
2016120200100182,2016년 12월 2일 09시,금요일,충청남도 논산시 은진면,중상사고,0,1,0,0,차량단독 - 기타,안전운전불이행,건조,맑음,교차로 - 교차로부근,승합,남,62세,상해없음,,,,
2016120200100184,2016년 12월 2일 09시,금요일,충청남도 보령시 명천동,경상사고,0,0,1,0,차대차 - 기타,안전운전불이행,건조,맑음,기타 - 기타,승용,남,67세,상해없음,승용,여,34세,경상
2016120200100236,2016년 12월 2일 11시,금요일,충청남도 당진시 순성면,경상사고,0,0,3,0,차대차 - 추돌,안전거리미확보,건조,맑음,단일로 - 기타,건설기계,남,56세,상해없음,승용,남,25세,경상
2016120200100344,2016년 12월 2일 14시,금요일,충청남도 천안시 서북구 불당동,경상사고,0,0,2,0,차대차 - 기타,안전운전불이행,건조,맑음,교차로 - 교차로부근,승용,여,29세,상해없음,승용,여,37세,경상
2016120200100381,2016년 12월 2일 15시,금요일,충청남도 서천군 화양면,중상사고,0,1,2,0,차대차 - 측면충돌,불법유턴,건조,맑음,단일로 - 기타,승용,여,48세,경상,승용,남,40세,중상
2016120200100382,2016년 12월 2일 15시,금요일,충청남도 공주시 중동,중상사고,0,1,0,0,차량단독 - 기타,안전운전불이행,건조,맑음,단일로 - 기타,승합,남,55세,기타불명,,,,
2016120200100383,2016년 12월 2일 15시,금요일,충청남도 천안시 동남구 신부동,중상사고,0,1,0,0,차대사람 - 횡단중,안전운전불이행,건조,맑음,단일로 - 기타,승용,여,27세,상해없음,보행자,남,57세,중상
2016120200100422,2016년 12월 2일 16시,금요일,충청남도 논산시 강산동,중상사고,0,1,0,0,차대차 - 측면충돌,중앙선침범,건조,맑음,교차로 - 교차로부근,승용,남,63세,중상,화물,남,34세,상해없음
2016120200100471,2016년 12월 2일 17시,금요일,충청남도 아산시 염치읍,경상사고,0,0,4,0,차대차 - 정면충돌,안전운전불이행,건조,맑음,교차로 - 교차로안,화물,남,44세,상해없음,승용,남,39세,경상