사고번호,사고일시,요일,시군구,사고내용,사망자수,중상자수,경상자수,부상신고자수,사고유형,법규위반,노면상태,기상상태,도로형태,가해운전자 차종,가해운전자 성별,가해운전자 연령,가해운전자 상해정도,피해운전자 차종,피해운전자 성별,피해운전자 연령,피해운전자 상해정도
2016120200100472,2016년 12월 2일 17시,금요일,충청남도 보령시 대천동,사망사고,1,0,0,0,차대차 - 추돌,안전운전불이행,건조,맑음,단일로 - 기타,승용,남,56세,사망,건설기계,남,40세,상해없음
2016120200100535,2016년 12월 2일 18시,금요일,충청남도 아산시 둔포면,경상사고,0,0,2,0,차대차 - 정면충돌,신호위반,건조,맑음,교차로 - 교차로안,화물,남,62세,경상,승용,남,55세,경상
2016120200100536,2016년 12월 2일 18시,금요일,충청남도 예산군 삽교읍,중상사고,0,1,0,0,차대사람 - 횡단중,안전운전불이행,건조,맑음,단일로 - 기타,승용,남,48세,상해없음,보행자,여,8세,중상
2016120200100537,2016년 12월 2일 18시,금요일,충청남도 당진시 신평면,경상사고,0,0,3,0,차대차 - 추돌,안전운전불이행,건조,맑음,교차로 - 교차로부근,화물,남,54세,상해없음,승용,남,34세,경상
2016120200100538,2016년 12월 2일 18시,금요일,충청남도 천안시 동남구 풍세면,경상사고,0,0,1,0,차대사람 - 횡단중,안전운전불이행,건조,맑음,단일로 - 기타,승용,여,42세,상해없음,보행자,여,61세,경상
2016120200100620,2016년 12월 2일 20시,금요일,충청남도 태안군 소원면,중상사고,0,2,1,0,차대차 - 측면충돌,과속,건조,맑음,교차로 - 교차로안,화물,남,55세,경상,승용,남,56세,중상
2016120200100622,2016년 12월 2일 20시,금요일,충청남도 천안시 서북구 쌍용동,경상사고,0,0,1,0,차대차 - 기타,안전거리미확보,건조,맑음,단일로 - 기타,화물,여,59세,상해없음,승용,남,55세,경상
2016120200100623,2016년 12월 2일 20시,금요일,충청남도 논산시 취암동,경상사고,0,0,1,0,차대차 - 추돌,안전운전불이행,건조,맑음,단일로 - 기타,승용,남,49세,상해없음,승용,여,39세,경상
2016120200100624,2016년 12월 2일 20시,금요일,충청남도 아산시 탕정면,중상사고,0,2,0,0,차대차 - 정면충돌,중앙선침범,건조,맑음,단일로 - 기타,승용,남,53세,상해없음,승용,남,64세,중상
2016120200100708,2016년 12월 2일 23시,금요일,충청남도 천안시 서북구 백석동,경상사고,0,0,2,0,차대차 - 추돌,안전운전불이행,건조,맑음,단일로 - 기타,승용,남,45세,상해없음,승용,남,56세,경상
2016120300100041,2016년 12월 3일 01시,토요일,충청남도 서산시 석림동,경상사고,0,0,1,0,차대차 - 측면충돌,교차로운행방법위반,건조,맑음,교차로 - 교차로안,승용,남,40세,상해없음,승용,여,54세,경상
2016120300100063,2016년 12월 3일 02시,토요일,충청남도 서산시 예천동,중상사고,0,1,3,0,차대차 - 측면충돌,직진우회전진행방해,건조,맑음,교차로 - 교차로안,화물,남,30세,상해없음,승용,남,41세,경상
2016120300100101,2016년 12월 3일 05시,토요일,충청남도 논산시 광석면,경상사고,0,0,3,0,차대차 - 측면직각충돌,안전운전불이행,건조,맑음,단일로 - 기타,승용,남,54세,상해없음,승용,남,53세,경상
2016120300100118,2016년 12월 3일 06시,토요일,충청남도 태안군 안면읍,중상사고,0,3,0,0,차대차 - 정면충돌,중앙선침범,결빙,맑음,단일로 - 기타,화물,남,37세,중상,승용,남,53세,중상
2016120300100137,2016년 12월 3일 07시,토요일,충청남도 아산시 영인면,중상사고,0,1,0,0,차대차 - 측면직각충돌,안전운전불이행,건조,맑음,교차로 - 교차로안,승용,남,27세,상해없음,승용,남,49세,중상
2016120300100138,2016년 12월 3일 07시,토요일,충청남도 보령시 궁촌동,중상사고,0,1,2,0,차대차 - 측면직각충돌,신호위반,건조,맑음,교차로 - 교차로안,승용,남,19세,경상,화물,남,55세,중상
2016120300100159,2016년 12월 3일 08시,토요일,충청남도 천안시 서북구 불당동,경상사고,0,0,1,0,차대차 - 측면직각충돌,신호위반,건조,맑음,교차로 - 교차로안,승용,여,54세,경상,화물,남,41세,상해없음
2016120300100160,2016년 12월 3일 08시,토요일,충청남도 천안시 동남구 병천면,경상사고,0,0,1,0,차대차 - 측면충돌,중앙선침범,건조,맑음,단일로 - 기타,승용,남,54세,상해없음,승용,여,49세,경상
2016120300100178,2016년 12월 3일 09시,토요일,충청남도 청양군 비봉면,경상사고,0,0,1,0,차량단독 - 전도전복,안전운전불이행,건조,맑음,단일로 - 기타,승용,여,35세,경상,,,,
2016120300100200,2016년 12월 3일 10시,토요일,충청남도 홍성군 결성면,중상사고,0,1,0,0,차대차 - 기타,안전운전불이행,건조,맑음,단일로 - 기타,화물,남,38세,상해없음,이륜,남,56세,중상
2016120300100234,2016년 12월 3일 11시,토요일,충청남도 서산시 해미면,경상사고,0,0,2,0,차대차 - 정면충돌,안전운전불이행,건조,맑음,단일로 - 기타,승용,남,80세,상해없음,승용,남,25세,경상
2016120300100235,2016년 12월 3일 11시,토요일,충청남도 아산시 온천동,중상사고,0,1,0,0,차대사람 - 길가장자리구역통행중,안전운전불이행,건조,맑음,단일로 - 기타,승용,남,77세,상해없음,보행자,여,56세,중상
2016120300100236,2016년 12월 3일 11시,토요일,충청남도 당진시 읍내리,경상사고,0,0,1,0,차대차 - 측면충돌,교차로운행방법위반,건조,맑음,교차로 - 교차로안,화물,여,52세,상해없음,승용,여,47세,경상
2016120300100237,2016년 12월 3일 11시,토요일,충청남도 천안시 동남구 성황동,중상사고,0,1,0,0,차대차 - 정면충돌,직진우회전진행방해,건조,맑음,교차로 - 교차로안,승용,남,48세,상해없음,이륜,남,24세,중상
2016120300100265,2016년 12월 3일 12시,토요일,충청남도 태안군 태안읍,중상사고,0,1,0,0,차대차 - 기타,안전운전불이행,건조,맑음,단일로 - 기타,건설기계,남,44세,상해없음,자전거,남,8세,중상
2016120300100266,2016년 12월 3일 12시,토요일,충청남도 보령시 남포면,경상사고,0,0,1,0,차대차 - 정면충돌,중앙선침범,건조,맑음,단일로 - 기타,승용,남,67세,상해없음,승용,남,38세,경상
2016120300100267,2016년 12월 3일 12시,토요일,충청남도 예산군 예산읍,중상사고,0,1,1,0,차대차 - 기타,안전운전불이행,건조,맑음,단일로 - 기타,승용,남,41세,상해없음,이륜,남,75세,경상
2016120300100318,2016년 12월 3일 13시,토요일,충청남도 청양군 청양읍,중상사고,0,1,0,0,차대차 - 측면충돌,직진우회전진행방해,건조,맑음,교차로 - 교차로안,화물,남,72세,상해없음,이륜,남,61세,중상
2016120300100375,2016년 12월 3일 15시,토요일,충청남도 태안군 남면,경상사고,0,0,1,0,차대차 - 정면충돌,신호위반,건조,맑음,단일로 - 기타,승용,남,42세,상해없음,승용,남,28세,경상
2016120300100376,2016년 12월 3일 15시,토요일,충청남도 홍성군 홍성읍,경상사고,0,0,1,0,차대사람 - 횡단중,보행자보호의무위반,건조,맑음,교차로 - 교차로부근,승용,남,65세,상해없음,보행자,남,9세,경상
2016120300100443,2016년 12월 3일 17시,토요일,충청남도 아산시 둔포면,경상사고,0,0,4,0,차대차 - 추돌,안전운전불이행,건조,맑음,단일로 - 기타,승용,남,42세,상해없음,승용,남,36세,경상
2016120300100478,2016년 12월 3일 18시,토요일,충청남도 보령시 주산면,중상사고,0,1,0,0,차대사람 - 횡단중,안전운전불이행,건조,맑음,단일로 - 기타,승용,여,51세,상해없음,보행자,남,77세,중상
2016120300100479,2016년 12월 3일 18시,토요일,충청남도 당진시 수청리,경상사고,0,0,1,0,차대차 - 측면충돌,신호위반,건조,맑음,교차로 - 교차로안,승용,남,21세,상해없음,승용,남,40세,경상
2016120300100566,2016년 12월 3일 20시,토요일,충청남도 천안시 서북구 두정동,경상사고,0,0,3,0,차대차 - 측면직각충돌,안전운전불이행,건조,맑음,교차로 - 교차로부근,승용,남,33세,상해없음,승용,여,50세,경상
2016120300100567,2016년 12월 3일 20시,토요일,충청남도 당진시 정미면,경상사고,0,0,2,0,차대차 - 측면직각충돌,중앙선침범,건조,맑음,단일로 - 기타,승합,남,50세,상해없음,승용,남,35세,경상
2016120300100568,2016년 12월 3일 20시,토요일,충청남도 천안시 동남구 원성동,중상사고,0,1,0,0,차대사람 - 기타,기타,건조,맑음,단일로 - 기타,승합,남,53세,상해없음,보행자,여,55세,중상
2016120300100599,2016년 12월 3일 21시,토요일,충청남도 아산시 둔포면,경상사고,0,0,1,0,차대차 - 측면직각충돌,안전운전불이행,건조,맑음,단일로 - 기타,승용,여,61세,경상,승용,남,32세,상해없음
2016120300100624,2016년 12월 3일 22시,토요일,충청남도 천안시 서북구 백석동,경상사고,0,0,1,0,차대차 - 정면충돌,안전운전불이행,건조,맑음,교차로 - 교차로부근,승용,여,51세,상해없음,이륜,남,29세,상해없음
2016120300100625,2016년 12월 3일 22시,토요일,충청남도 천안시 동남구 신부동,중상사고,0,1,0,0,차대차 - 측면충돌,직진우회전진행방해,건조,맑음,교차로 - 교차로안,승용,남,21세,상해없음,이륜,남,21세,중상
2016120300100627,2016년 12월 3일 22시,토요일,충청남도 당진시 송악읍,중상사고,0,2,0,0,차대차 - 추돌,기타,건조,맑음,단일로 - 기타,승용,남,29세,상해없음,승용,남,40세,중상
2016120400100115,2016년 12월 4일 09시,일요일,충청남도 천안시 서북구 직산읍,경상사고,0,0,1,0,차대차 - 측면충돌,안전운전불이행,건조,맑음,교차로 - 교차로안,승용,여,41세,상해없음,건설기계,남,50세,상해없음
2016120400100139,2016년 12월 4일 11시,일요일,충청남도 아산시 온천동,중상사고,0,1,0,0,차대차 - 추돌,안전운전불이행,건조,맑음,단일로 - 기타,승용,남,33세,상해없음,자전거,여,63세,중상
2016120400100163,2016년 12월 4일 12시,일요일,충청남도 금산군 추부면,중상사고,0,1,2,0,차대차 - 측면직각충돌,신호위반,건조,흐림,교차로 - 교차로안,승용,여,27세,상해없음,승용,남,26세,경상
2016120400100199,2016년 12월 4일 14시,일요일,충청남도 보령시 천북면,경상사고,0,0,1,0,차대사람 - 길가장자리구역통행중,안전운전불이행,건조,맑음,단일로 - 기타,승용,남,64세,상해없음,보행자,남,50세,경상
2016120400100221,2016년 12월 4일 15시,일요일,충청남도 아산시 염치읍,사망사고,1,0,0,0,차대사람 - 횡단중,안전운전불이행,건조,흐림,단일로 - 기타,건설기계,남,59세,상해없음,보행자,남,63세,사망
2016120400100222,2016년 12월 4일 15시,일요일,충청남도 공주시 우성면,경상사고,0,0,2,2,차대차 - 추돌,안전거리미확보,건조,맑음,단일로 - 기타,승용,남,42세,상해없음,승용,여,24세,상해없음
2016120400100253,2016년 12월 4일 16시,일요일,충청남도 태안군 소원면,중상사고,0,1,0,0,차량단독 - 공작물충돌,안전운전불이행,건조,맑음,단일로 - 기타,농기계,남,68세,중상,,,,
2016120400100254,2016년 12월 4일 16시,일요일,충청남도 예산군 예산읍,경상사고,0,0,1,0,차대사람 - 기타,안전운전불이행,건조,맑음,단일로 - 기타,승용,남,63세,기타불명,보행자,여,51세,경상
2016120400100314,2016년 12월 4일 18시,일요일,충청남도 홍성군 홍성읍,중상사고,0,1,0,0,차대사람 - 횡단중,보행자보호의무위반,습기,비,교차로 - 교차로부근,승용,남,42세,상해없음,보행자,여,78세,중상
2016120400100315,2016년 12월 4일 18시,일요일,충청남도 홍성군 홍성읍,경상사고,0,0,1,0,차대사람 - 횡단중,안전운전불이행,건조,흐림,교차로 - 교차로부근,승합,여,39세,상해없음,보행자,남,65세,경상
2016120400100316,2016년 12월 4일 18시,일요일,충청남도 천안시 동남구 사직동,경상사고,0,0,1,0,차대사람 - 횡단중,보행자보호의무위반,건조,맑음,교차로 - 교차로안,승용,남,60세,상해없음,보행자,여,71세,경상
2016120400100371,2016년 12월 4일 20시,일요일,충청남도 천안시 서북구 성정동,경상사고,0,0,1,1,차대차 - 기타,안전운전불이행,건조,맑음,교차로 - 교차로부근,승용,남,29세,상해없음,승용,여,34세,경상
2016120400100372,2016년 12월 4일 20시,일요일,충청남도 천안시 동남구 동면,중상사고,0,1,0,0,차대사람 - 횡단중,안전운전불이행,건조,맑음,단일로 - 기타,화물,남,32세,상해없음,보행자,남,48세,중상
2016120400100393,2016년 12월 4일 21시,일요일,충청남도 부여군 부여읍,중상사고,0,1,0,0,차대사람 - 횡단중,안전운전불이행,건조,맑음,교차로 - 교차로안,이륜,남,44세,상해없음,보행자,남,80세,중상
2016120400100407,2016년 12월 4일 22시,일요일,충청남도 천안시 서북구 두정동,경상사고,0,0,2,0,차대차 - 측면충돌,신호위반,건조,맑음,교차로 - 교차로안,승용,남,40세,기타불명,승용,여,51세,경상
2016120500100041,2016년 12월 5일 05시,월요일,충청남도 아산시 음봉면,경상사고,0,0,2,1,차대차 - 정면충돌,신호위반,건조,맑음,교차로 - 교차로안,승용,남,38세,부상신고,승용,남,54세,경상
2016120500100042,2016년 12월 5일 05시,월요일,충청남도 아산시 배방읍,경상사고,0,0,1,0,차대차 - 기타,안전운전불이행,습기,안개,단일로 - 기타,승용,남,59세,상해없음,승용,여,42세,경상
2016120500100056,2016년 12월 5일 06시,월요일,충청남도 천안시 서북구 쌍용동,경상사고,0,0,1,0,차대사람 - 횡단중,보행자보호의무위반,건조,맑음,교차로 - 교차로안,승용,남,45세,상해없음,보행자,여,49세,경상
2016120500100057,2016년 12월 5일 06시,월요일,충청남도 천안시 서북구 성환읍,중상사고,0,1,0,0,차량단독 - 공작물충돌,안전운전불이행,건조,맑음,단일로 - 기타,화물,남,41세,중상,,,,
2016120500100058,2016년 12월 5일 06시,월요일,충청남도 예산군 고덕면,중상사고,0,2,0,0,차대차 - 정면충돌,중앙선침범,습기,비,단일로 - 기타,승용,남,35세,상해없음,승용,남,38세,중상
2016120500100086,2016년 12월 5일 07시,월요일,충청남도 예산군 덕산면,경상사고,0,0,1,0,차대차 - 측면직각충돌,직진우회전진행방해,습기,비,교차로 - 교차로안,승용,남,78세,상해없음,승용,남,80세,경상
2016120500100087,2016년 12월 5일 07시,월요일,충청남도 천안시 동남구 신방동,경상사고,0,0,1,0,차대차 - 정면충돌,안전운전불이행,습기,흐림,단일로 - 기타,승용,남,57세,기타불명,승용,남,51세,상해없음
2016120500100119,2016년 12월 5일 08시,월요일,충청남도 공주시 옥룡동,경상사고,0,0,1,0,차대사람 - 횡단중,안전운전불이행,습기,흐림,기타 - 기타,승용,여,45세,상해없음,보행자,여,37세,경상
2016120500100155,2016년 12월 5일 09시,월요일,충청남도 아산시 배방읍,경상사고,0,0,1,0,차대차 - 측면충돌,안전운전불이행,건조,맑음,교차로 - 교차로안,승용,남,68세,상해없음,승용,남,52세,경상
2016120500100177,2016년 12월 5일 10시,월요일,충청남도 천안시 서북구 성환읍,경상사고,0,0,1,0,차대차 - 추돌,안전운전불이행,건조,맑음,교차로 - 교차로부근,승용,남,29세,상해없음,승용,여,46세,경상
2016120500100290,2016년 12월 5일 14시,월요일,충청남도 논산시 연산면,경상사고,0,0,1,0,차대차 - 측면충돌,기타,건조,맑음,교차로 - 교차로안,이륜,남,41세,경상,승용,남,48세,상해없음
2016120500100326,2016년 12월 5일 16시,월요일,충청남도 천안시 서북구 직산읍,경상사고,0,0,1,0,차대사람 - 보도통행중,기타,건조,맑음,단일로 - 기타,이륜,남,28세,상해없음,보행자,여,56세,경상
2016120500100327,2016년 12월 5일 16시,월요일,충청남도 천안시 동남구 신부동,경상사고,0,0,1,0,차대사람 - 기타,안전운전불이행,건조,맑음,교차로 - 교차로안,승합,남,33세,상해없음,보행자,남,14세,경상
2016120500100412,2016년 12월 5일 18시,월요일,충청남도 서산시 고북면,중상사고,0,1,0,0,차대차 - 추돌,안전운전불이행,건조,맑음,교차로 - 교차로부근,원동기,남,74세,중상,승용,남,32세,상해없음
2016120500100413,2016년 12월 5일 18시,월요일,충청남도 서산시 고북면,경상사고,0,0,2,0,차대차 - 추돌,안전거리미확보,건조,맑음,교차로 - 교차로안,화물,남,64세,상해없음,승용,남,51세,경상
2016120500100414,2016년 12월 5일 18시,월요일,충청남도 태안군 태안읍,경상사고,0,0,1,0,차대차 - 측면직각충돌,직진우회전진행방해,건조,맑음,교차로 - 교차로안,승용,여,33세,상해없음,원동기,남,18세,경상
2016120500100415,2016년 12월 5일 18시,월요일,충청남도 천안시 서북구 백석동,경상사고,0,0,1,0,차대사람 - 기타,안전운전불이행,건조,맑음,단일로 - 기타,승용,남,53세,상해없음,보행자,여,16세,경상
2016120500100416,2016년 12월 5일 18시,월요일,충청남도 계룡시 금암동,중상사고,0,1,0,0,차대사람 - 횡단중,안전운전불이행,건조,맑음,단일로 - 기타,승용,남,38세,상해없음,보행자,남,14세,중상
2016120500100417,2016년 12월 5일 18시,월요일,충청남도 홍성군 홍성읍,경상사고,0,0,2,0,차대차 - 추돌,신호위반,건조,흐림,교차로 - 교차로안,승용,여,36세,경상,화물,남,26세,경상
2016120500100418,2016년 12월 5일 18시,월요일,충청남도 홍성군 홍성읍,중상사고,0,1,0,0,차대차 - 측면직각충돌,교차로운행방법위반,건조,맑음,교차로 - 교차로안,승용,남,49세,상해없음,이륜,여,55세,중상
2016120500100473,2016년 12월 5일 19시,월요일,충청남도 보령시 동대동,경상사고,0,0,1,0,차대차 - 정면충돌,중앙선침범,건조,맑음,단일로 - 기타,승용,여,43세,상해없음,승용,남,42세,경상
2016120500100474,2016년 12월 5일 19시,월요일,충청남도 천안시 동남구 구성동,중상사고,0,1,0,0,차대차 - 측면직각충돌,신호위반,건조,맑음,교차로 - 교차로안,승용,여,54세,상해없음,승용,여,40세,중상
2016120500100543,2016년 12월 5일 21시,월요일,충청남도 논산시 부적면,중상사고,0,1,1,0,차대차 - 정면충돌,안전운전불이행,건조,맑음,교차로 - 교차로부근,승용,여,35세,경상,승용,남,62세,중상
2016120500100568,2016년 12월 5일 22시,월요일,충청남도 천안시 서북구 두정동,경상사고,0,0,1,0,차대차 - 측면직각충돌,안전거리미확보,건조,맑음,단일로 - 기타,승용,남,54세,상해없음,원동기,남,53세,경상
2016120500100569,2016년 12월 5일 22시,월요일,충청남도 천안시 서북구 성정동,경상사고,0,0,8,0,차대차 - 추돌,안전운전불이행,건조,맑음,교차로 - 교차로부근,승용,여,26세,상해없음,승용,남,33세,경상
2016120500100571,2016년 12월 5일 22시,월요일,충청남도 천안시 서북구 입장면,중상사고,0,1,0,0,차대차 - 추돌,안전운전불이행,건조,맑음,단일로 - 기타,화물,남,51세,중상,특수,남,42세,상해없음
2016120500100596,2016년 12월 5일 23시,월요일,충청남도 보령시 동대동,경상사고,0,0,1,0,차대차 - 추돌,안전운전불이행,건조,맑음,교차로 - 교차로부근,승용,남,30세,상해없음,승용,남,55세,경상
2016120600100017,2016년 12월 6일 01시,화요일,충청남도 천안시 서북구 성정동,경상사고,0,0,1,0,차대차 - 측면직각충돌,안전거리미확보,건조,맑음,단일로 - 기타,승용,남,51세,상해없음,원동기,남,29세,경상
2016120600100107,2016년 12월 6일 08시,화요일,충청남도 논산시 내동,경상사고,0,0,1,0,차대차 - 추돌,안전거리미확보,건조,맑음,교차로 - 교차로안,승용,여,35세,상해없음,승용,여,39세,경상
2016120600100108,2016년 12월 6일 08시,화요일,충청남도 당진시 석문면,중상사고,0,1,1,0,차대차 - 추돌,안전운전불이행,건조,맑음,단일로 - 기타,승용,남,36세,경상,농기계,남,68세,중상
2016120600100133,2016년 12월 6일 09시,화요일,충청남도 태안군 원북면,경상사고,0,0,1,0,차대차 - 정면충돌,중앙선침범,건조,맑음,단일로 - 기타,승용,남,33세,경상,건설기계,남,50세,상해없음
2016120600100134,2016년 12월 6일 09시,화요일,충청남도 천안시 서북구 쌍용동,경상사고,0,0,2,0,차대차 - 측면직각충돌,안전운전불이행,건조,맑음,단일로 - 기타,승용,남,63세,상해없음,승용,여,45세,경상
2016120600100135,2016년 12월 6일 09시,화요일,충청남도 천안시 동남구 청당동,중상사고,0,1,0,0,차대사람 - 횡단중,안전운전불이행,건조,맑음,교차로 - 교차로안,승용,여,78세,상해없음,보행자,여,54세,중상
2016120600100160,2016년 12월 6일 10시,화요일,충청남도 서산시 해미면,중상사고,0,1,0,0,차대차 - 측면충돌,직진우회전진행방해,건조,맑음,교차로 - 교차로안,이륜,여,74세,중상,승용,여,62세,상해없음
2016120600100161,2016년 12월 6일 10시,화요일,충청남도 천안시 서북구 직산읍,경상사고,0,0,1,0,차대차 - 기타,안전운전불이행,건조,맑음,단일로 - 기타,승용,여,39세,경상,화물,남,48세,상해없음
2016120600100214,2016년 12월 6일 12시,화요일,충청남도 아산시 송악면,경상사고,0,0,4,0,차대차 - 측면충돌,안전운전불이행,건조,맑음,단일로 - 기타,화물,남,73세,상해없음,승용,남,49세,경상
2016120600100269,2016년 12월 6일 14시,화요일,충청남도 천안시 서북구 불당동,경상사고,0,0,1,0,차대차 - 측면직각충돌,신호위반,건조,맑음,교차로 - 교차로안,승용,남,60세,상해없음,승용,남,23세,경상
2016120600100298,2016년 12월 6일 15시,화요일,충청남도 태안군 남면,경상사고,0,0,1,0,차대사람 - 횡단중,안전운전불이행,건조,맑음,단일로 - 기타,승용,여,63세,상해없음,보행자,남,23세,경상
2016120600100299,2016년 12월 6일 15시,화요일,충청남도 태안군 태안읍,부상신고사고,0,0,0,1,차대차 - 추돌,안전거리미확보,건조,맑음,교차로 - 교차로부근,화물,남,43세,상해없음,승용,남,39세,부상신고
2016120600100332,2016년 12월 6일 16시,화요일,충청남도 공주시 신관동,경상사고,0,0,1,0,차대차 - 측면직각충돌,안전운전불이행,건조,맑음,단일로 - 기타,자전거,남,13세,경상,승용,여,68세,상해없음
2016120600100376,2016년 12월 6일 17시,화요일,충청남도 서천군 문산면,경상사고,0,0,1,0,차대차 - 추돌,안전운전불이행,건조,맑음,교차로 - 교차로부근,화물,남,45세,상해없음,승용,여,42세,경상
2016120600100415,2016년 12월 6일 18시,화요일,충청남도 천안시 서북구 성정동,경상사고,0,0,1,0,차대차 - 측면직각충돌,안전운전불이행,건조,맑음,단일로 - 기타,승용,남,59세,상해없음,이륜,남,22세,경상
2016120600100416,2016년 12월 6일 18시,화요일,충청남도 논산시 부적면,중상사고,0,1,0,0,차대차 - 측면직각충돌,안전거리미확보,건조,맑음,단일로 - 기타,승용,남,54세,상해없음,이륜,남,62세,중상
2016120600100417,2016년 12월 6일 18시,화요일,충청남도 논산시 취암동,경상사고,0,0,1,0,차대사람 - 횡단중,보행자보호의무위반,건조,맑음,교차로 - 교차로안,승용,남,48세,상해없음,보행자,남,16세,경상
2016120600100465,2016년 12월 6일 19시,화요일,충청남도 당진시 송악읍,중상사고,0,1,0,0,차대사람 - 횡단중,안전운전불이행,건조,맑음,교차로 - 교차로부근,승용,남,52세,상해없음,보행자,남,16세,중상
2016120600100493,2016년 12월 6일 20시,화요일,충청남도 천안시 서북구 두정동,경상사고,0,0,1,0,차대차 - 기타,안전운전불이행,건조,맑음,교차로 - 교차로안,승용,남,53세,상해없음,승용,남,24세,경상
2016120600100514,2016년 12월 6일 21시,화요일,충청남도 천안시 서북구 불당동,경상사고,0,0,1,0,차대차 - 기타,신호위반,건조,맑음,교차로 - 교차로안,승용,여,32세,상해없음,승용,남,23세,상해없음
2016120600100515,2016년 12월 6일 21시,화요일,충청남도 천안시 동남구 다가동,경상사고,0,0,1,0,차대사람 - 횡단중,안전운전불이행,건조,맑음,교차로 - 교차로안,화물,남,55세,상해없음,보행자,남,38세,경상
2016120600100572,2016년 12월 6일 23시,화요일,충청남도 보령시 죽정동,경상사고,0,0,2,0,차대차 - 측면직각충돌,신호위반,건조,맑음,교차로 - 교차로안,승용,남,45세,상해없음,승용,여,25세,경상
2016120700100010,2016년 12월 7일 00시,수요일,충청남도 천안시 동남구 원성동,경상사고,0,0,2,0,차대차 - 추돌,안전거리미확보,건조,맑음,교차로 - 교차로부근,승용,남,47세,상해없음,승용,남,75세,경상
2016120700100069,2016년 12월 7일 06시,수요일,충청남도 홍성군 홍성읍,중상사고,0,1,0,0,차대사람 - 횡단중,보행자보호의무위반,건조,맑음,교차로 - 교차로안,승용,남,64세,상해없음,보행자,여,76세,중상
2016120700100095,2016년 12월 7일 07시,수요일,충청남도 당진시 송산면,경상사고,0,0,1,0,차대차 - 측면직각충돌,차로위반,건조,맑음,단일로 - 기타,화물,남,53세,상해없음,화물,남,44세,경상
2016120700100128,2016년 12월 7일 08시,수요일,충청남도 서산시 갈산동,경상사고,0,0,2,0,차대차 - 측면충돌,차로위반,건조,맑음,기타 - 기타,승용,여,41세,상해없음,승용,남,56세,상해없음
2016120700100129,2016년 12월 7일 08시,수요일,충청남도 태안군 소원면,중상사고,0,2,0,0,차대차 - 측면충돌,신호위반,건조,맑음,교차로 - 교차로안,승용,남,52세,상해없음,승용,여,72세,중상
2016120700100130,2016년 12월 7일 08시,수요일,충청남도 계룡시 엄사면,경상사고,0,0,1,0,차대차 - 추돌,안전운전불이행,결빙,맑음,교차로 - 교차로부근,승용,남,48세,상해없음,승용,남,48세,경상
2016120700100162,2016년 12월 7일 09시,수요일,충청남도 서산시 석림동,경상사고,0,0,1,0,차대차 - 측면충돌,차로위반,건조,맑음,교차로 - 교차로부근,승용,여,43세,상해없음,승용,여,46세,경상
2016120700100163,2016년 12월 7일 09시,수요일,충청남도 공주시 계룡면,경상사고,0,0,3,0,차대차 - 추돌,안전운전불이행,결빙,흐림,단일로 - 기타,승용,남,56세,상해없음,화물,남,66세,경상
2016120700100164,2016년 12월 7일 09시,수요일,충청남도 공주시 이인면,중상사고,0,1,0,0,차량단독 - 공작물충돌,안전운전불이행,결빙,비,단일로 - 기타,화물,남,68세,상해없음,,,,
2016120700100165,2016년 12월 7일 09시,수요일,충청남도 부여군 부여읍,중상사고,0,1,0,0,차량단독 - 전도전복,안전운전불이행,결빙,흐림,단일로 - 기타,승용,남,62세,중상,,,,
2016120700100166,2016년 12월 7일 09시,수요일,충청남도 부여군 부여읍,사망사고,1,1,0,0,차대사람 - 기타,안전운전불이행,결빙,흐림,단일로 - 교량,화물,남,29세,상해없음,보행자,남,72세,사망
2016120700100167,2016년 12월 7일 09시,수요일,충청남도 공주시 이인면,중상사고,0,1,0,0,차량단독 - 공작물충돌,안전운전불이행,결빙,눈,단일로 - 기타,화물,남,52세,중상,,,,
2016120700100168,2016년 12월 7일 09시,수요일,충청남도 공주시 의당면,중상사고,0,1,3,0,차대차 - 정면충돌,안전운전불이행,결빙,비,단일로 - 교량,승용,남,24세,상해없음,승용,남,43세,중상
2016120700100169,2016년 12월 7일 09시,수요일,충청남도 공주시 검상동,중상사고,0,1,0,0,차량단독 - 전도전복,안전운전불이행,결빙,비,단일로 - 기타,승용,남,44세,중상,,,,
2016120700100193,2016년 12월 7일 10시,수요일,충청남도 공주시 계룡면,중상사고,0,1,0,0,차대차 - 추돌,안전운전불이행,결빙,비,단일로 - 기타,승용,여,39세,중상,화물,남,49세,상해없음
2016120700100194,2016년 12월 7일 10시,수요일,충청남도 예산군 예산읍,중상사고,0,1,1,0,차대차 - 측면직각충돌,신호위반,건조,맑음,교차로 - 교차로안,승용,남,55세,경상,승용,남,65세,중상
2016120700100195,2016년 12월 7일 10시,수요일,충청남도 금산군 금산읍,사망사고,1,0,0,0,차대사람 - 기타,안전운전불이행,결빙,비,단일로 - 기타,화물,남,53세,상해없음,보행자,여,54세,사망
2016120700100364,2016년 12월 7일 16시,수요일,충청남도 천안시 서북구 쌍용동,경상사고,0,0,1,0,차대차 - 기타,안전운전불이행,건조,맑음,단일로 - 기타,승용,여,44세,상해없음,승용,여,37세,경상
2016120700100365,2016년 12월 7일 16시,수요일,충청남도 아산시 온천동,중상사고,0,1,0,0,차대차 - 측면직각충돌,안전운전불이행,건조,맑음,교차로 - 교차로안,승용,남,54세,상해없음,이륜,남,69세,중상