사고번호,사고일시,요일,시군구,사고내용,사망자수,중상자수,경상자수,부상신고자수,사고유형,법규위반,노면상태,기상상태,도로형태,가해운전자 차종,가해운전자 성별,가해운전자 연령,가해운전자 상해정도,피해운전자 차종,피해운전자 성별,피해운전자 연령,피해운전자 상해정도
2016120700100366,2016년 12월 7일 16시,수요일,충청남도 당진시 채운동,경상사고,0,0,1,0,차대사람 - 횡단중,안전운전불이행,건조,맑음,단일로 - 기타,원동기,남,74세,상해없음,보행자,여,70세,경상
2016120700100393,2016년 12월 7일 17시,수요일,충청남도 아산시 음봉면,경상사고,0,0,1,0,차대사람 - 횡단중,보행자보호의무위반,습기,비,단일로 - 횡단보도상,승용,여,52세,상해없음,보행자,남,3세,경상
2016120700100394,2016년 12월 7일 17시,수요일,충청남도 아산시 배방읍,중상사고,0,1,0,0,차대차 - 측면충돌,안전운전불이행,건조,맑음,단일로 - 기타,원동기,남,48세,중상,화물,남,32세,상해없음
2016120700100438,2016년 12월 7일 18시,수요일,충청남도 청양군 대치면,경상사고,0,0,2,0,차대차 - 정면충돌,안전운전불이행,건조,맑음,교차로 - 교차로안,승용,남,56세,경상,승용,남,48세,경상
2016120700100439,2016년 12월 7일 18시,수요일,충청남도 천안시 동남구 신부동,경상사고,0,0,1,0,차대차 - 정면충돌,안전운전불이행,건조,맑음,단일로 - 기타,자전거,남,18세,경상,승용,여,49세,상해없음
2016120700100440,2016년 12월 7일 18시,수요일,충청남도 천안시 동남구 신부동,경상사고,0,0,1,0,차대사람 - 횡단중,안전운전불이행,건조,맑음,단일로 - 기타,승용,남,50세,상해없음,보행자,여,14세,경상
2016120700100493,2016년 12월 7일 19시,수요일,충청남도 천안시 서북구 입장면,중상사고,0,1,0,0,차대차 - 정면충돌,직진우회전진행방해,건조,맑음,교차로 - 교차로안,화물,남,64세,상해없음,원동기,남,19세,중상
2016120700100531,2016년 12월 7일 20시,수요일,충청남도 아산시 모종동,중상사고,0,1,0,0,차대차 - 측면직각충돌,신호위반,건조,맑음,교차로 - 교차로안,승합,남,56세,상해없음,이륜,남,19세,중상
2016120700100564,2016년 12월 7일 21시,수요일,충청남도 서산시 읍내동,중상사고,0,1,0,0,차대사람 - 횡단중,안전운전불이행,건조,맑음,교차로 - 교차로부근,승용,남,55세,상해없음,보행자,남,65세,중상
2016120800100014,2016년 12월 8일 00시,목요일,충청남도 아산시 배방읍,중상사고,0,1,1,0,차대차 - 측면직각충돌,신호위반,건조,맑음,교차로 - 교차로안,승용,남,60세,상해없음,승용,여,49세,중상
2016120800100015,2016년 12월 8일 00시,목요일,충청남도 공주시 신풍면,경상사고,0,0,1,0,차대차 - 추돌,안전운전불이행,건조,맑음,단일로 - 기타,화물,남,66세,경상,농기계,남,46세,상해없음
2016120800100032,2016년 12월 8일 01시,목요일,충청남도 천안시 서북구 두정동,중상사고,0,1,0,0,차대사람 - 기타,안전운전불이행,건조,맑음,단일로 - 기타,승용,남,42세,상해없음,보행자,남,63세,중상
2016120800100033,2016년 12월 8일 01시,목요일,충청남도 아산시 용화동,경상사고,0,0,1,0,차대차 - 측면충돌,신호위반,건조,맑음,교차로 - 교차로안,승용,남,53세,상해없음,승용,남,32세,경상
2016120800100078,2016년 12월 8일 05시,목요일,충청남도 천안시 동남구 봉명동,중상사고,0,1,0,0,차대사람 - 횡단중,안전운전불이행,건조,맑음,단일로 - 기타,승합,남,55세,상해없음,보행자,남,41세,중상
2016120800100094,2016년 12월 8일 06시,목요일,충청남도 서산시 석남동,중상사고,0,1,0,0,차대차 - 측면충돌,신호위반,건조,맑음,교차로 - 교차로안,특수,남,33세,상해없음,화물,남,57세,중상
2016120800100095,2016년 12월 8일 06시,목요일,충청남도 서천군 마서면,중상사고,0,1,1,0,차대차 - 정면충돌,중앙선침범,습기,안개,단일로 - 기타,승용,남,68세,상해없음,화물,남,54세,경상
2016120800100126,2016년 12월 8일 07시,목요일,충청남도 아산시 배방읍,중상사고,0,1,0,0,차대차 - 정면충돌,안전운전불이행,건조,맑음,교차로 - 교차로안,승용,남,47세,상해없음,원동기,남,36세,중상
2016120800100127,2016년 12월 8일 07시,목요일,충청남도 공주시 중동,중상사고,0,1,0,0,차대사람 - 기타,안전운전불이행,건조,맑음,교차로 - 교차로안,승용,남,56세,상해없음,보행자,남,67세,중상
2016120800100173,2016년 12월 8일 08시,목요일,충청남도 천안시 서북구 성성동,경상사고,0,0,1,0,차대차 - 정면충돌,안전운전불이행,건조,맑음,교차로 - 교차로안,승합,남,42세,상해없음,승합,남,48세,상해없음
2016120800100174,2016년 12월 8일 08시,목요일,충청남도 아산시 음봉면,경상사고,0,0,1,0,차대차 - 추돌,안전운전불이행,건조,맑음,단일로 - 기타,화물,남,54세,상해없음,화물,남,46세,경상
2016120800100175,2016년 12월 8일 08시,목요일,충청남도 당진시 면천면,사망사고,1,0,0,0,차대차 - 기타,중앙선침범,건조,맑음,단일로 - 기타,화물,남,33세,사망,건설기계,남,45세,상해없음
2016120800100215,2016년 12월 8일 09시,목요일,충청남도 천안시 서북구 백석동,경상사고,0,0,1,0,차대사람 - 기타,안전운전불이행,건조,맑음,단일로 - 기타,승용,여,27세,상해없음,보행자,여,27세,경상
2016120800100216,2016년 12월 8일 09시,목요일,충청남도 천안시 서북구 직산읍,경상사고,0,0,1,0,차대차 - 측면충돌,신호위반,건조,맑음,교차로 - 교차로부근,건설기계,남,57세,상해없음,승용,여,47세,경상
2016120800100218,2016년 12월 8일 09시,목요일,충청남도 홍성군 광천읍,경상사고,0,0,1,0,차대차 - 정면충돌,안전운전불이행,건조,맑음,단일로 - 기타,승용,남,33세,상해없음,이륜,남,54세,경상
2016120800100241,2016년 12월 8일 10시,목요일,충청남도 공주시 의당면,중상사고,0,1,0,0,차량단독 - 전도전복,안전운전불이행,건조,맑음,교차로 - 교차로안,화물,남,52세,상해없음,,,,
2016120800100331,2016년 12월 8일 13시,목요일,충청남도 서천군 서천읍,경상사고,0,0,2,1,차대차 - 추돌,안전거리미확보,건조,맑음,교차로 - 교차로부근,승용,남,41세,부상신고,승용,여,50세,경상
2016120800100332,2016년 12월 8일 13시,목요일,충청남도 서천군 판교면,중상사고,0,1,0,0,차대차 - 기타,안전운전불이행,건조,맑음,단일로 - 기타,화물,남,39세,상해없음,화물,여,62세,중상
2016120800100333,2016년 12월 8일 13시,목요일,충청남도 천안시 동남구 북면,경상사고,0,0,1,0,차대차 - 정면충돌,중앙선침범,건조,맑음,단일로 - 기타,승용,여,33세,상해없음,승용,남,30세,경상
2016120800100358,2016년 12월 8일 14시,목요일,충청남도 서천군 비인면,부상신고사고,0,0,0,1,차량단독 - 전도전복,안전운전불이행,건조,맑음,단일로 - 기타,화물,남,40세,부상신고,,,,
2016120800100359,2016년 12월 8일 14시,목요일,충청남도 천안시 동남구 용곡동,경상사고,0,0,1,0,차대차 - 측면충돌,중앙선침범,건조,맑음,단일로 - 기타,승용,여,40세,상해없음,승용,남,54세,경상
2016120800100397,2016년 12월 8일 15시,목요일,충청남도 아산시 득산동,경상사고,0,0,1,0,차대차 - 측면직각충돌,중앙선침범,건조,맑음,단일로 - 기타,자전거,남,12세,경상,승용,여,56세,상해없음
2016120800100426,2016년 12월 8일 16시,목요일,충청남도 예산군 고덕면,중상사고,0,1,2,0,차대차 - 기타,기타,건조,맑음,교차로 - 교차로안,화물,남,64세,중상,화물,남,44세,경상
2016120800100427,2016년 12월 8일 16시,목요일,충청남도 부여군 규암면,중상사고,0,1,0,0,차대차 - 정면충돌,안전운전불이행,건조,맑음,단일로 - 기타,승용,남,61세,상해없음,자전거,남,57세,중상
2016120800100465,2016년 12월 8일 17시,목요일,충청남도 서천군 서면,중상사고,0,1,0,0,차대사람 - 횡단중,안전운전불이행,건조,맑음,단일로 - 기타,화물,남,38세,상해없음,보행자,남,51세,중상
2016120800100509,2016년 12월 8일 18시,목요일,충청남도 천안시 서북구 성환읍,경상사고,0,0,1,0,차대차 - 측면직각충돌,직진우회전진행방해,건조,맑음,교차로 - 교차로안,자전거,남,68세,경상,승용,남,65세,상해없음
2016120800100510,2016년 12월 8일 18시,목요일,충청남도 아산시 음봉면,중상사고,0,1,1,0,차대차 - 측면직각충돌,안전운전불이행,습기,비,단일로 - 기타,승용,남,54세,중상,화물,남,53세,경상
2016120800100512,2016년 12월 8일 18시,목요일,충청남도 당진시 송악읍,중상사고,0,2,0,0,차대사람 - 횡단중,안전운전불이행,습기,흐림,단일로 - 기타,승용,남,41세,상해없음,보행자,남,48세,중상
2016120800100513,2016년 12월 8일 18시,목요일,충청남도 청양군 화성면,중상사고,0,1,0,0,차대사람 - 기타,안전운전불이행,습기,비,단일로 - 기타,승용,남,49세,상해없음,보행자,남,64세,중상
2016120800100565,2016년 12월 8일 19시,목요일,충청남도 논산시 강산동,중상사고,0,1,0,0,차대차 - 측면충돌,직진우회전진행방해,건조,맑음,교차로 - 교차로안,승용,여,42세,상해없음,이륜,남,51세,중상
2016120800100566,2016년 12월 8일 19시,목요일,충청남도 아산시 모종동,경상사고,0,0,2,0,차대차 - 측면직각충돌,직진우회전진행방해,습기,비,교차로 - 교차로안,승용,여,49세,상해없음,승용,여,37세,경상
2016120800100609,2016년 12월 8일 20시,목요일,충청남도 아산시 음봉면,경상사고,0,0,1,0,차대차 - 측면직각충돌,안전운전불이행,습기,비,단일로 - 기타,승용,남,53세,상해없음,원동기,남,35세,경상
2016120800100610,2016년 12월 8일 20시,목요일,충청남도 보령시 명천동,중상사고,0,1,0,0,차대사람 - 횡단중,보행자보호의무위반,습기,비,교차로 - 교차로부근,화물,남,35세,상해없음,보행자,여,30세,중상
2016120800100656,2016년 12월 8일 21시,목요일,충청남도 아산시 실옥동,중상사고,0,1,1,0,차대차 - 정면충돌,중앙선침범,습기,비,단일로 - 기타,승용,남,29세,상해없음,승용,남,66세,경상
2016120800100657,2016년 12월 8일 21시,목요일,충청남도 아산시 신창면,중상사고,0,1,1,0,차대차 - 추돌,안전운전불이행,건조,맑음,단일로 - 기타,승용,남,27세,상해없음,이륜,남,64세,중상
2016120800100658,2016년 12월 8일 21시,목요일,충청남도 서천군 서천읍,중상사고,0,1,0,0,차대차 - 기타,직진우회전진행방해,습기,비,교차로 - 교차로안,승용,여,60세,상해없음,원동기,남,77세,중상
2016120800100701,2016년 12월 8일 22시,목요일,충청남도 아산시 득산동,사망사고,1,0,0,0,차대사람 - 횡단중,보행자보호의무위반,습기,비,교차로 - 교차로안,승용,남,28세,상해없음,보행자,여,16세,사망
2016120800100737,2016년 12월 8일 23시,목요일,충청남도 천안시 서북구 입장면,중상사고,0,1,0,0,차대사람 - 횡단중,보행자보호의무위반,습기,비,교차로 - 교차로부근,승용,여,47세,상해없음,보행자,남,28세,중상
2016120900100014,2016년 12월 9일 00시,금요일,충청남도 천안시 서북구 쌍용동,경상사고,0,0,1,0,차대차 - 추돌,안전운전불이행,습기,비,교차로 - 교차로부근,승용,남,48세,상해없음,승용,남,55세,경상
2016120900100053,2016년 12월 9일 02시,금요일,충청남도 논산시 부창동,경상사고,0,0,1,0,차대차 - 정면충돌,신호위반,건조,맑음,교차로 - 교차로안,승용,남,36세,상해없음,화물,남,58세,경상
2016120900100054,2016년 12월 9일 02시,금요일,충청남도 부여군 초촌면,중상사고,0,1,0,0,차대차 - 측면충돌,중앙선침범,건조,맑음,단일로 - 기타,화물,남,53세,상해없음,화물,남,40세,중상
2016120900100066,2016년 12월 9일 03시,금요일,충청남도 천안시 서북구 직산읍,중상사고,0,1,2,0,차대차 - 기타,교차로운행방법위반,습기,흐림,교차로 - 교차로안,승용,남,34세,경상,승용,남,33세,경상
2016120900100105,2016년 12월 9일 06시,금요일,충청남도 논산시 취암동,중상사고,0,1,0,0,차대차 - 측면충돌,안전거리미확보,건조,맑음,단일로 - 기타,승용,남,55세,상해없음,이륜,남,60세,중상
2016120900100111,2016년 12월 9일 06시,금요일,충청남도 보령시 주포면,사망사고,2,2,0,0,차대차 - 추돌,안전운전불이행,건조,맑음,단일로 - 기타,승용,남,70세,중상,화물,남,46세,상해없음
2016120900100135,2016년 12월 9일 07시,금요일,충청남도 천안시 서북구 차암동,중상사고,0,1,0,0,차대차 - 기타,안전운전불이행,건조,맑음,단일로 - 기타,승용,남,33세,상해없음,자전거,남,36세,중상
2016120900100136,2016년 12월 9일 07시,금요일,충청남도 천안시 서북구 성거읍,중상사고,0,1,0,0,차대사람 - 횡단중,안전운전불이행,건조,맑음,단일로 - 기타,승합,남,35세,상해없음,보행자,여,64세,중상
2016120900100165,2016년 12월 9일 08시,금요일,충청남도 홍성군 홍성읍,중상사고,0,1,0,0,차대차 - 정면충돌,안전운전불이행,건조,맑음,단일로 - 교량,승용,남,65세,상해없음,이륜,남,76세,중상
2016120900100211,2016년 12월 9일 10시,금요일,충청남도 공주시 정안면,중상사고,0,1,0,0,차량단독 - 기타,기타,건조,맑음,단일로 - 기타,승합,남,57세,상해없음,,,,
2016120900100268,2016년 12월 9일 12시,금요일,충청남도 아산시 권곡동,중상사고,0,3,0,0,차대차 - 측면직각충돌,신호위반,건조,맑음,교차로 - 교차로안,원동기,남,54세,중상,승용,남,22세,중상
2016120900100299,2016년 12월 9일 13시,금요일,충청남도 금산군 금산읍,경상사고,0,0,1,0,차대사람 - 횡단중,안전운전불이행,건조,맑음,교차로 - 교차로부근,화물,남,74세,상해없음,보행자,남,44세,경상
2016120900100331,2016년 12월 9일 14시,금요일,충청남도 논산시 취암동,경상사고,0,0,2,0,차대차 - 측면직각충돌,안전운전불이행,습기,맑음,단일로 - 기타,승용,여,28세,상해없음,이륜,남,79세,경상
2016120900100364,2016년 12월 9일 15시,금요일,충청남도 태안군 태안읍,부상신고사고,0,0,0,1,차대차 - 측면직각충돌,안전운전불이행,건조,맑음,교차로 - 교차로부근,자전거,남,10세,부상신고,승용,여,41세,기타불명
2016120900100365,2016년 12월 9일 15시,금요일,충청남도 홍성군 홍북면,경상사고,0,0,1,0,차대차 - 추돌,안전운전불이행,건조,맑음,단일로 - 기타,승용,남,35세,상해없음,승용,남,41세,경상
2016120900100366,2016년 12월 9일 15시,금요일,충청남도 아산시 음봉면,경상사고,0,0,2,0,차대차 - 추돌,안전운전불이행,건조,맑음,교차로 - 교차로부근,화물,남,53세,상해없음,승용,여,51세,경상
2016120900100392,2016년 12월 9일 16시,금요일,충청남도 서산시 운산면,경상사고,0,0,1,0,차대차 - 추돌,안전운전불이행,건조,맑음,단일로 - 기타,화물,남,66세,상해없음,승용,남,54세,경상
2016120900100393,2016년 12월 9일 16시,금요일,충청남도 아산시 탕정면,사망사고,1,0,0,0,차대차 - 측면충돌,안전운전불이행,건조,맑음,단일로 - 기타,원동기,남,56세,사망,승용,여,27세,상해없음
2016120900100394,2016년 12월 9일 16시,금요일,충청남도 아산시 온천동,경상사고,0,0,1,0,차대차 - 추돌,안전거리미확보,건조,맑음,교차로 - 교차로부근,원동기,남,25세,상해없음,승용,남,38세,상해없음
2016120900100395,2016년 12월 9일 16시,금요일,충청남도 천안시 동남구 영성동,경상사고,0,0,1,0,차대사람 - 횡단중,안전운전불이행,건조,맑음,단일로 - 기타,승용,여,34세,상해없음,보행자,여,63세,경상
2016120900100421,2016년 12월 9일 17시,금요일,충청남도 아산시 염치읍,경상사고,0,0,1,0,차대차 - 추돌,안전운전불이행,건조,맑음,단일로 - 기타,농기계,남,72세,상해없음,승용,남,58세,경상
2016120900100422,2016년 12월 9일 17시,금요일,충청남도 보령시 대천동,중상사고,0,1,1,0,차대차 - 측면직각충돌,안전운전불이행,건조,맑음,단일로 - 기타,화물,남,65세,경상,화물,남,54세,상해없음
2016120900100472,2016년 12월 9일 18시,금요일,충청남도 서산시 잠홍동,중상사고,0,1,0,0,차대차 - 측면직각충돌,신호위반,건조,맑음,교차로 - 교차로안,승용,여,50세,상해없음,승용,여,39세,중상
2016120900100473,2016년 12월 9일 18시,금요일,충청남도 천안시 서북구 직산읍,경상사고,0,0,2,1,차대차 - 추돌,안전운전불이행,건조,맑음,교차로 - 교차로부근,승용,여,67세,부상신고,승용,남,42세,경상
2016120900100532,2016년 12월 9일 19시,금요일,충청남도 태안군 안면읍,경상사고,0,0,1,0,차대차 - 정면충돌,중앙선침범,건조,맑음,단일로 - 기타,승합,남,58세,상해없음,승용,남,20세,경상
2016120900100567,2016년 12월 9일 20시,금요일,충청남도 청양군 장평면,중상사고,0,2,0,0,차대차 - 측면충돌,신호위반,건조,맑음,교차로 - 교차로안,승용,여,46세,상해없음,승용,여,66세,중상
2016120900100669,2016년 12월 9일 23시,금요일,충청남도 서산시 잠홍동,중상사고,0,1,0,0,차량단독 - 공작물충돌,안전운전불이행,건조,맑음,단일로 - 기타,승용,여,30세,중상,,,,
2016120900100670,2016년 12월 9일 23시,금요일,충청남도 예산군 예산읍,경상사고,0,0,1,0,차대차 - 측면직각충돌,불법유턴,건조,맑음,교차로 - 교차로안,화물,남,62세,상해없음,승용,남,45세,상해없음
2016121000100028,2016년 12월 10일 01시,토요일,충청남도 천안시 서북구 두정동,중상사고,0,1,0,0,차대차 - 기타,중앙선침범,건조,맑음,단일로 - 기타,승용,남,36세,상해없음,원동기,남,28세,중상
2016121000100029,2016년 12월 10일 01시,토요일,충청남도 보령시 대천동,경상사고,0,0,2,0,차대차 - 측면직각충돌,직진우회전진행방해,건조,맑음,교차로 - 교차로안,승용,남,16세,상해없음,승용,남,60세,경상
2016121000100049,2016년 12월 10일 02시,토요일,충청남도 아산시 온천동,중상사고,0,1,9,0,차대차 - 추돌,안전운전불이행,건조,맑음,교차로 - 교차로부근,승용,여,55세,중상,승합,남,57세,경상
2016121000100096,2016년 12월 10일 06시,토요일,충청남도 보령시 웅천읍,중상사고,0,1,1,0,차대차 - 측면충돌,중앙선침범,건조,맑음,단일로 - 기타,승용,남,23세,경상,화물,남,43세,중상
2016121000100121,2016년 12월 10일 07시,토요일,충청남도 금산군 금성면,경상사고,0,0,2,0,차대차 - 정면충돌,교차로운행방법위반,건조,맑음,교차로 - 교차로안,승용,남,56세,상해없음,승용,남,33세,경상
2016121000100135,2016년 12월 10일 08시,토요일,충청남도 아산시 영인면,중상사고,0,1,0,0,차대차 - 추돌,안전운전불이행,건조,맑음,단일로 - 기타,승용,남,42세,상해없음,승용,여,25세,중상
2016121000100162,2016년 12월 10일 09시,토요일,충청남도 서천군 서면,중상사고,0,1,1,0,차대차 - 측면직각충돌,직진우회전진행방해,건조,맑음,교차로 - 교차로안,화물,남,57세,중상,승용,남,48세,경상
2016121000100163,2016년 12월 10일 09시,토요일,충청남도 예산군 예산읍,경상사고,0,0,2,0,차대차 - 추돌,안전운전불이행,건조,맑음,교차로 - 교차로부근,승용,남,33세,상해없음,화물,남,52세,경상
2016121000100192,2016년 12월 10일 10시,토요일,충청남도 천안시 서북구 쌍용동,중상사고,0,1,0,0,차대차 - 측면직각충돌,교차로운행방법위반,건조,맑음,교차로 - 교차로안,원동기,남,23세,중상,승용,남,43세,상해없음
2016121000100226,2016년 12월 10일 11시,토요일,충청남도 당진시 수청리,경상사고,0,0,2,0,차대차 - 추돌,안전거리미확보,건조,맑음,교차로 - 교차로부근,승용,남,20세,상해없음,승용,여,42세,경상
2016121000100248,2016년 12월 10일 12시,토요일,충청남도 천안시 서북구 불당동,경상사고,0,0,1,0,차대차 - 추돌,안전운전불이행,건조,맑음,단일로 - 기타,승용,여,37세,상해없음,승용,남,36세,경상
2016121000100283,2016년 12월 10일 13시,토요일,충청남도 당진시 대호지면,중상사고,0,1,0,0,차대차 - 정면충돌,안전운전불이행,건조,맑음,단일로 - 기타,건설기계,남,58세,기타불명,승용,남,53세,중상
2016121000100315,2016년 12월 10일 14시,토요일,충청남도 부여군 홍산면,경상사고,0,0,1,0,차량단독 - 전도전복,안전운전불이행,결빙,맑음,단일로 - 기타,이륜,여,69세,경상,,,,
2016121000100316,2016년 12월 10일 14시,토요일,충청남도 당진시 면천면,중상사고,0,3,2,0,차대차 - 추돌,안전운전불이행,건조,맑음,교차로 - 교차로부근,승용,여,62세,중상,승용,남,60세,경상
2016121000100423,2016년 12월 10일 17시,토요일,충청남도 논산시 취암동,중상사고,0,1,0,0,차대차 - 측면충돌,안전운전불이행,건조,맑음,단일로 - 기타,승용,남,59세,상해없음,승용,남,58세,중상
2016121000100424,2016년 12월 10일 17시,토요일,충청남도 보령시 대천동,경상사고,0,0,1,0,차대사람 - 차도통행중,안전운전불이행,건조,맑음,단일로 - 기타,화물,남,34세,상해없음,보행자,여,69세,경상
2016121000100465,2016년 12월 10일 18시,토요일,충청남도 논산시 은진면,경상사고,0,0,1,0,차대사람 - 횡단중,안전운전불이행,건조,맑음,단일로 - 기타,승용,남,49세,상해없음,보행자,남,75세,경상
2016121000100466,2016년 12월 10일 18시,토요일,충청남도 아산시 용화동,사망사고,1,0,0,0,차대차 - 추돌,안전운전불이행,건조,맑음,단일로 - 기타,화물,남,43세,상해없음,자전거,남,83세,사망
2016121000100467,2016년 12월 10일 18시,토요일,충청남도 서천군 종천면,경상사고,0,0,1,0,차대사람 - 기타,안전운전불이행,건조,맑음,단일로 - 기타,승용,남,52세,상해없음,보행자,여,74세,경상
2016121000100469,2016년 12월 10일 18시,토요일,충청남도 예산군 예산읍,중상사고,0,1,3,0,차대차 - 추돌,안전운전불이행,건조,맑음,교차로 - 교차로부근,화물,남,41세,상해없음,승용,남,37세,상해없음
2016121000100470,2016년 12월 10일 18시,토요일,충청남도 천안시 동남구 용곡동,중상사고,0,1,0,0,차대차 - 측면직각충돌,안전거리미확보,건조,맑음,교차로 - 교차로부근,승용,여,56세,상해없음,자전거,남,22세,중상
2016121000100510,2016년 12월 10일 19시,토요일,충청남도 서산시 동문동,경상사고,0,0,1,0,차대사람 - 횡단중,안전운전불이행,건조,맑음,단일로 - 기타,승용,여,36세,상해없음,보행자,남,49세,경상
2016121000100578,2016년 12월 10일 21시,토요일,충청남도 천안시 동남구 성황동,경상사고,0,0,1,0,차대차 - 정면충돌,안전운전불이행,건조,맑음,교차로 - 교차로안,화물,남,57세,경상,승용,남,49세,상해없음
2016121000100601,2016년 12월 10일 22시,토요일,충청남도 서산시 동문동,중상사고,0,1,0,0,차대차 - 정면충돌,안전운전불이행,건조,맑음,단일로 - 기타,승용,남,51세,상해없음,원동기,남,17세,중상
2016121000100631,2016년 12월 10일 23시,토요일,충청남도 보령시 화산동,중상사고,0,1,0,0,차대차 - 측면충돌,불법유턴,건조,맑음,교차로 - 교차로부근,승용,남,44세,상해없음,화물,남,58세,중상
2016121100100011,2016년 12월 11일 00시,일요일,충청남도 천안시 서북구 불당동,경상사고,0,0,2,0,차대차 - 추돌,안전운전불이행,건조,맑음,단일로 - 기타,승용,남,34세,상해없음,승용,남,56세,경상
2016121100100027,2016년 12월 11일 01시,일요일,충청남도 서산시 예천동,경상사고,0,0,1,0,차대사람 - 길가장자리구역통행중,안전운전불이행,건조,맑음,교차로 - 교차로안,승용,남,22세,상해없음,보행자,남,25세,경상
2016121100100028,2016년 12월 11일 01시,일요일,충청남도 아산시 온천동,경상사고,0,0,1,0,차대차 - 정면충돌,안전운전불이행,건조,맑음,교차로 - 교차로안,승용,남,28세,기타불명,승용,남,53세,경상
2016121100100067,2016년 12월 11일 03시,일요일,충청남도 홍성군 홍성읍,경상사고,0,0,4,0,차대차 - 측면충돌,중앙선침범,건조,맑음,단일로 - 기타,화물,남,40세,상해없음,화물,남,39세,경상
2016121100100068,2016년 12월 11일 03시,일요일,충청남도 천안시 동남구 신부동,부상신고사고,0,0,0,1,차량단독 - 공작물충돌,안전운전불이행,건조,맑음,단일로 - 기타,승용,남,18세,상해없음,,,,
2016121100100083,2016년 12월 11일 05시,일요일,충청남도 천안시 서북구 쌍용동,경상사고,0,0,1,0,차대차 - 추돌,안전운전불이행,건조,맑음,교차로 - 교차로부근,승용,남,25세,상해없음,승합,남,56세,상해없음
2016121100100118,2016년 12월 11일 08시,일요일,충청남도 부여군 부여읍,경상사고,0,0,1,0,차대차 - 추돌,안전거리미확보,건조,맑음,단일로 - 기타,화물,남,59세,상해없음,승합,남,48세,경상
2016121100100136,2016년 12월 11일 09시,일요일,충청남도 태안군 남면,경상사고,0,0,3,0,차대차 - 측면직각충돌,교차로운행방법위반,건조,흐림,교차로 - 교차로안,승용,남,52세,상해없음,승용,여,64세,경상
2016121100100182,2016년 12월 11일 11시,일요일,충청남도 홍성군 홍성읍,경상사고,0,0,1,0,차대사람 - 횡단중,보행자보호의무위반,건조,맑음,단일로 - 기타,승용,여,46세,상해없음,보행자,남,4세,경상
2016121100100214,2016년 12월 11일 12시,일요일,충청남도 서산시 예천동,중상사고,0,1,0,0,차대차 - 정면충돌,신호위반,건조,흐림,교차로 - 교차로안,승용,남,19세,상해없음,이륜,남,16세,중상
2016121100100231,2016년 12월 11일 13시,일요일,충청남도 당진시 합덕읍,경상사고,0,0,1,0,차대사람 - 횡단중,안전운전불이행,건조,맑음,단일로 - 기타,승합,남,57세,상해없음,보행자,남,46세,경상
2016121100100302,2016년 12월 11일 16시,일요일,충청남도 논산시 취암동,경상사고,0,0,2,0,차대차 - 추돌,안전운전불이행,건조,맑음,단일로 - 기타,승용,남,33세,상해없음,승용,기타불명,기타불명,기타불명
2016121100100303,2016년 12월 11일 16시,일요일,충청남도 아산시 용화동,경상사고,0,0,1,0,차대사람 - 횡단중,안전운전불이행,건조,맑음,단일로 - 기타,승용,남,55세,상해없음,보행자,여,78세,경상
2016121100100304,2016년 12월 11일 16시,일요일,충청남도 서천군 종천면,부상신고사고,0,0,0,1,차대차 - 정면충돌,중앙선침범,건조,맑음,교차로 - 교차로부근,원동기,남,74세,부상신고,승용,남,52세,상해없음
2016121100100335,2016년 12월 11일 17시,일요일,충청남도 태안군 태안읍,경상사고,0,0,1,0,차대사람 - 기타,안전운전불이행,건조,맑음,교차로 - 교차로안,승용,남,53세,상해없음,보행자,남,51세,경상
2016121100100336,2016년 12월 11일 17시,일요일,충청남도 논산시 대교동,경상사고,0,0,1,0,차대차 - 추돌,안전운전불이행,건조,맑음,단일로 - 기타,승용,남,53세,상해없음,화물,남,41세,경상
2016121100100337,2016년 12월 11일 17시,일요일,충청남도 보령시 대천동,중상사고,0,1,0,0,차대사람 - 횡단중,보행자보호의무위반,건조,맑음,교차로 - 교차로안,승용,남,64세,상해없음,보행자,여,71세,중상
2016121100100411,2016년 12월 11일 19시,일요일,충청남도 천안시 동남구 목천읍,경상사고,0,0,1,0,차대차 - 추돌,안전운전불이행,건조,맑음,교차로 - 교차로부근,승용,남,49세,기타불명,승용,남,26세,경상
2016121100100412,2016년 12월 11일 19시,일요일,충청남도 천안시 동남구 영성동,경상사고,0,0,2,0,차대차 - 추돌,안전운전불이행,건조,맑음,단일로 - 기타,승용,남,48세,상해없음,승용,여,58세,경상
2016121100100444,2016년 12월 11일 20시,일요일,충청남도 아산시 방축동,경상사고,0,0,1,0,차대차 - 정면충돌,안전운전불이행,건조,맑음,교차로 - 교차로안,승용,남,32세,상해없음,승용,여,54세,경상
2016121100100445,2016년 12월 11일 20시,일요일,충청남도 아산시 풍기동,중상사고,0,1,2,0,차대차 - 정면충돌,안전운전불이행,건조,맑음,교차로 - 교차로안,승용,남,27세,상해없음,승용,남,59세,경상
2016121100100462,2016년 12월 11일 21시,일요일,충청남도 천안시 동남구 신부동,중상사고,0,2,0,0,차대차 - 추돌,안전거리미확보,건조,맑음,단일로 - 기타,승용,남,34세,상해없음,승용,여,23세,중상