사고번호,사고일시,요일,시군구,사고내용,사망자수,중상자수,경상자수,부상신고자수,사고유형,법규위반,노면상태,기상상태,도로형태,가해운전자 차종,가해운전자 성별,가해운전자 연령,가해운전자 상해정도,피해운전자 차종,피해운전자 성별,피해운전자 연령,피해운전자 상해정도
2016121700100155,2016년 12월 17일 09시,토요일,충청남도 청양군 청양읍,중상사고,0,1,0,0,차대사람 - 횡단중,안전운전불이행,건조,맑음,단일로 - 기타,화물,여,54세,상해없음,보행자,여,74세,중상
2016121700100156,2016년 12월 17일 09시,토요일,충청남도 천안시 동남구 신부동,중상사고,0,1,0,0,차대사람 - 횡단중,안전운전불이행,건조,맑음,단일로 - 기타,승용,남,27세,상해없음,보행자,여,19세,중상
2016121700100157,2016년 12월 17일 09시,토요일,충청남도 공주시 정안면,경상사고,0,0,3,0,차대차 - 측면직각충돌,안전운전불이행,건조,맑음,단일로 - 기타,특수,남,48세,상해없음,승용,남,54세,경상
2016121700100187,2016년 12월 17일 10시,토요일,충청남도 서천군 마서면,경상사고,0,0,1,0,차대차 - 측면직각충돌,안전운전불이행,건조,맑음,교차로 - 교차로안,원동기,남,78세,경상,승용,남,63세,상해없음
2016121700100188,2016년 12월 17일 10시,토요일,충청남도 금산군 금산읍,경상사고,0,0,1,0,차대사람 - 횡단중,안전운전불이행,건조,맑음,단일로 - 기타,승용,여,71세,상해없음,보행자,여,75세,경상
2016121700100211,2016년 12월 17일 11시,토요일,충청남도 천안시 동남구 봉명동,중상사고,0,1,0,0,차대차 - 추돌,안전운전불이행,건조,맑음,단일로 - 기타,승용,남,64세,상해없음,승용,여,34세,중상
2016121700100212,2016년 12월 17일 11시,토요일,충청남도 천안시 동남구 신부동,경상사고,0,0,1,0,차대차 - 추돌,안전운전불이행,건조,맑음,단일로 - 기타,승합,남,46세,기타불명,승합,남,39세,상해없음
2016121700100249,2016년 12월 17일 12시,토요일,충청남도 서천군 비인면,중상사고,0,1,0,0,차대사람 - 횡단중,안전운전불이행,건조,맑음,교차로 - 교차로안,건설기계,남,63세,상해없음,보행자,남,62세,중상
2016121700100251,2016년 12월 17일 12시,토요일,충청남도 천안시 서북구 성거읍,경상사고,0,0,1,0,차대차 - 추돌,안전운전불이행,건조,맑음,단일로 - 기타,승용,여,38세,상해없음,승용,남,49세,경상
2016121700100279,2016년 12월 17일 13시,토요일,충청남도 보령시 미산면,중상사고,0,2,3,0,차대차 - 정면충돌,안전운전불이행,건조,맑음,단일로 - 기타,승용,남,23세,상해없음,화물,남,60세,경상
2016121700100308,2016년 12월 17일 14시,토요일,충청남도 아산시 둔포면,경상사고,0,0,1,0,차대차 - 측면직각충돌,신호위반,건조,맑음,교차로 - 교차로안,승용,남,70세,상해없음,승용,남,59세,경상
2016121700100341,2016년 12월 17일 15시,토요일,충청남도 서산시 예천동,중상사고,0,1,0,0,차대차 - 측면직각충돌,신호위반,건조,맑음,교차로 - 교차로안,승용,남,41세,상해없음,원동기,남,18세,중상
2016121700100342,2016년 12월 17일 15시,토요일,충청남도 천안시 동남구 광덕면,경상사고,0,0,2,0,차대차 - 측면충돌,안전운전불이행,건조,맑음,단일로 - 기타,화물,남,42세,상해없음,승용,여,59세,상해없음
2016121700100374,2016년 12월 17일 16시,토요일,충청남도 천안시 서북구 불당동,경상사고,0,0,2,0,차대차 - 추돌,안전운전불이행,건조,맑음,단일로 - 기타,승용,여,54세,상해없음,승용,여,36세,상해없음
2016121700100375,2016년 12월 17일 16시,토요일,충청남도 공주시 옥룡동,중상사고,0,1,1,0,차대차 - 측면직각충돌,차로위반,건조,맑음,단일로 - 기타,승용,남,38세,경상,승용,남,44세,중상
2016121700100405,2016년 12월 17일 17시,토요일,충청남도 서산시 해미면,경상사고,0,0,1,0,차대사람 - 기타,안전운전불이행,건조,맑음,단일로 - 기타,승합,남,49세,상해없음,보행자,남,31세,경상
2016121700100406,2016년 12월 17일 17시,토요일,충청남도 공주시 소학동,경상사고,0,0,1,0,차대차 - 정면충돌,중앙선침범,건조,맑음,교차로 - 교차로안,화물,남,59세,상해없음,화물,남,62세,상해없음
2016121700100454,2016년 12월 17일 18시,토요일,충청남도 논산시 화지동,경상사고,0,0,1,0,차량단독 - 전도전복,안전운전불이행,건조,맑음,단일로 - 기타,이륜,남,20세,경상,,,,
2016121700100455,2016년 12월 17일 18시,토요일,충청남도 아산시 인주면,사망사고,1,0,0,0,차대사람 - 차도통행중,안전운전불이행,건조,맑음,단일로 - 기타,승용,남,47세,상해없음,보행자,남,70세,사망
2016121700100456,2016년 12월 17일 18시,토요일,충청남도 아산시 배방읍,경상사고,0,0,1,0,차대차 - 추돌,안전운전불이행,건조,맑음,단일로 - 기타,승합,남,48세,상해없음,승용,남,46세,경상
2016121700100507,2016년 12월 17일 19시,토요일,충청남도 계룡시 금암동,경상사고,0,0,2,0,차대사람 - 횡단중,신호위반,건조,맑음,교차로 - 교차로안,이륜,남,21세,상해없음,보행자,남,30세,경상
2016121700100508,2016년 12월 17일 19시,토요일,충청남도 공주시 금성동,경상사고,0,0,1,0,차대차 - 측면충돌,신호위반,건조,맑음,교차로 - 교차로안,승용,남,42세,상해없음,승용,남,57세,경상
2016121700100510,2016년 12월 17일 19시,토요일,충청남도 당진시 대덕리,경상사고,0,0,1,0,차대차 - 측면직각충돌,안전운전불이행,건조,맑음,교차로 - 교차로안,승용,여,36세,상해없음,승용,남,25세,상해없음
2016121700100558,2016년 12월 17일 20시,토요일,충청남도 아산시 배방읍,중상사고,0,1,0,0,차대차 - 정면충돌,신호위반,건조,맑음,교차로 - 교차로안,승용,남,34세,상해없음,승용,여,49세,중상
2016121700100590,2016년 12월 17일 21시,토요일,충청남도 서산시 예천동,중상사고,0,1,0,0,차대차 - 측면직각충돌,불법유턴,건조,맑음,교차로 - 교차로부근,승용,남,37세,상해없음,승용,남,27세,중상
2016121700100591,2016년 12월 17일 21시,토요일,충청남도 아산시 모종동,경상사고,0,0,3,0,차대차 - 추돌,안전운전불이행,건조,맑음,교차로 - 교차로부근,화물,남,53세,상해없음,승용,여,29세,경상
2016121700100654,2016년 12월 17일 23시,토요일,충청남도 공주시 신관동,경상사고,0,0,2,0,차량단독 - 공작물충돌,안전운전불이행,건조,맑음,교차로 - 교차로안,승용,남,26세,경상,,,,
2016121800100017,2016년 12월 18일 00시,일요일,충청남도 아산시 권곡동,중상사고,0,1,0,0,차대사람 - 횡단중,안전운전불이행,건조,맑음,교차로 - 교차로안,승용,남,17세,상해없음,보행자,남,47세,중상
2016121800100038,2016년 12월 18일 01시,일요일,충청남도 서산시 석림동,경상사고,0,0,1,0,차대차 - 추돌,안전운전불이행,건조,맑음,교차로 - 교차로부근,화물,남,32세,상해없음,승용,남,30세,경상
2016121800100079,2016년 12월 18일 04시,일요일,충청남도 천안시 서북구 두정동,경상사고,0,0,2,0,차대사람 - 기타,안전운전불이행,건조,맑음,교차로 - 교차로부근,승용,여,45세,상해없음,보행자,여,30세,경상
2016121800100101,2016년 12월 18일 06시,일요일,충청남도 아산시 온천동,경상사고,0,0,1,0,차대차 - 측면충돌,안전운전불이행,건조,맑음,교차로 - 교차로안,이륜,남,23세,경상,승용,남,58세,상해없음
2016121800100129,2016년 12월 18일 08시,일요일,충청남도 계룡시 금암동,경상사고,0,0,1,0,차대차 - 측면직각충돌,중앙선침범,습기,흐림,단일로 - 기타,승용,여,39세,상해없음,승용,남,58세,경상
2016121800100141,2016년 12월 18일 09시,일요일,충청남도 공주시 신관동,경상사고,0,0,1,0,차대차 - 측면직각충돌,신호위반,건조,맑음,교차로 - 교차로안,승용,남,40세,기타불명,승용,남,54세,경상
2016121800100142,2016년 12월 18일 09시,일요일,충청남도 당진시 송악읍,중상사고,0,3,2,0,차대차 - 기타,안전운전불이행,건조,맑음,단일로 - 기타,승용,여,52세,중상,승합,남,46세,경상
2016121800100157,2016년 12월 18일 10시,일요일,충청남도 공주시 신관동,경상사고,0,0,3,0,차대차 - 측면직각충돌,신호위반,건조,맑음,교차로 - 교차로안,승용,남,35세,기타불명,승용,남,65세,경상
2016121800100158,2016년 12월 18일 10시,일요일,충청남도 당진시 합덕읍,중상사고,0,2,0,0,차량단독 - 공작물충돌,안전운전불이행,건조,맑음,단일로 - 기타,승용,남,47세,중상,,,,
2016121800100187,2016년 12월 18일 12시,일요일,충청남도 아산시 음봉면,중상사고,0,1,3,0,차대차 - 정면충돌,중앙선침범,건조,맑음,단일로 - 기타,화물,여,45세,상해없음,승합,남,39세,중상
2016121800100188,2016년 12월 18일 12시,일요일,충청남도 아산시 염치읍,중상사고,0,1,0,0,차대차 - 측면직각충돌,안전운전불이행,건조,맑음,교차로 - 교차로안,승용,남,56세,상해없음,원동기,남,76세,중상
2016121800100210,2016년 12월 18일 13시,일요일,충청남도 공주시 금성동,중상사고,0,1,0,0,차대차 - 측면직각충돌,신호위반,건조,맑음,교차로 - 교차로안,화물,남,47세,상해없음,승용,남,56세,중상
2016121800100247,2016년 12월 18일 15시,일요일,충청남도 천안시 서북구 성정동,경상사고,0,0,2,0,차대차 - 정면충돌,중앙선침범,건조,맑음,단일로 - 기타,승용,여,39세,상해없음,승용,남,26세,경상
2016121800100248,2016년 12월 18일 15시,일요일,충청남도 천안시 동남구 신부동,경상사고,0,0,1,0,차대차 - 측면충돌,안전운전불이행,건조,맑음,단일로 - 기타,이륜,남,40세,상해없음,승용,남,56세,상해없음
2016121800100332,2016년 12월 18일 18시,일요일,충청남도 당진시 읍내리,경상사고,0,0,3,0,차대차 - 측면직각충돌,안전거리미확보,건조,맑음,단일로 - 기타,승용,여,51세,경상,승용,남,31세,경상
2016121800100363,2016년 12월 18일 19시,일요일,충청남도 천안시 서북구 두정동,경상사고,0,0,1,0,차대차 - 측면충돌,안전운전불이행,건조,맑음,단일로 - 기타,승용,남,34세,상해없음,이륜,남,23세,경상
2016121800100399,2016년 12월 18일 20시,일요일,충청남도 천안시 서북구 백석동,경상사고,0,0,5,0,차대차 - 측면충돌,신호위반,건조,맑음,교차로 - 교차로안,승용,남,50세,경상,승용,남,29세,경상
2016121800100456,2016년 12월 18일 22시,일요일,충청남도 천안시 서북구 성정동,부상신고사고,0,0,0,1,차대차 - 추돌,안전운전불이행,습기,비,교차로 - 교차로부근,승용,남,46세,상해없음,승용,여,28세,부상신고
2016121800100475,2016년 12월 18일 23시,일요일,충청남도 보령시 요암동,중상사고,0,1,0,0,차대차 - 추돌,안전운전불이행,습기,비,교차로 - 교차로부근,승용,남,44세,상해없음,승용,여,29세,중상
2016121900100005,2016년 12월 19일 00시,월요일,충청남도 천안시 서북구 쌍용동,경상사고,0,0,1,0,차대차 - 추돌,안전운전불이행,건조,맑음,단일로 - 기타,승용,남,26세,상해없음,승용,남,25세,경상
2016121900100014,2016년 12월 19일 01시,월요일,충청남도 아산시 신창면,경상사고,0,0,2,0,차대차 - 측면직각충돌,안전운전불이행,습기,비,교차로 - 교차로안,승용,남,36세,상해없음,승용,남,47세,경상
2016121900100028,2016년 12월 19일 03시,월요일,충청남도 논산시 광석면,사망사고,1,0,0,0,차대사람 - 횡단중,안전운전불이행,습기,비,단일로 - 기타,화물,남,52세,상해없음,보행자,여,76세,사망
2016121900100103,2016년 12월 19일 07시,월요일,충청남도 천안시 서북구 두정동,경상사고,0,0,1,0,차대차 - 추돌,안전운전불이행,습기,비,단일로 - 기타,승용,남,30세,상해없음,승용,남,26세,경상
2016121900100104,2016년 12월 19일 07시,월요일,충청남도 공주시 신기동,중상사고,0,1,1,0,차대차 - 추돌,안전운전불이행,건조,흐림,단일로 - 기타,화물,남,46세,중상,건설기계,남,59세,경상
2016121900100138,2016년 12월 19일 08시,월요일,충청남도 아산시 신창면,경상사고,0,0,1,0,차대차 - 정면충돌,직진우회전진행방해,건조,맑음,교차로 - 교차로안,승용,남,23세,상해없음,화물,남,42세,경상
2016121900100139,2016년 12월 19일 08시,월요일,충청남도 공주시 옥룡동,경상사고,0,0,1,0,차대차 - 추돌,안전운전불이행,건조,맑음,단일로 - 기타,승용,여,23세,상해없음,승용,여,27세,경상
2016121900100140,2016년 12월 19일 08시,월요일,충청남도 천안시 동남구 신부동,경상사고,0,0,2,0,차대차 - 측면직각충돌,안전거리미확보,건조,맑음,단일로 - 기타,승용,남,46세,상해없음,승합,남,44세,경상
2016121900100177,2016년 12월 19일 09시,월요일,충청남도 아산시 배방읍,경상사고,0,0,1,0,차대차 - 측면충돌,직진우회전진행방해,건조,맑음,교차로 - 교차로안,승용,여,30세,상해없음,원동기,남,31세,경상
2016121900100206,2016년 12월 19일 10시,월요일,충청남도 금산군 군북면,중상사고,0,1,0,0,차대차 - 측면직각충돌,신호위반,습기,흐림,교차로 - 교차로안,승용,남,36세,중상,화물,남,49세,상해없음
2016121900100229,2016년 12월 19일 11시,월요일,충청남도 천안시 동남구 원성동,경상사고,0,0,2,0,차대차 - 추돌,안전운전불이행,건조,맑음,교차로 - 교차로부근,승용,남,27세,상해없음,승용,남,23세,경상
2016121900100249,2016년 12월 19일 12시,월요일,충청남도 천안시 동남구 대흥동,경상사고,0,0,1,0,차대차 - 측면직각충돌,직진우회전진행방해,건조,맑음,교차로 - 교차로안,승용,남,35세,상해없음,승용,남,33세,경상
2016121900100306,2016년 12월 19일 14시,월요일,충청남도 아산시 모종동,경상사고,0,0,1,0,차대차 - 측면충돌,교차로운행방법위반,건조,맑음,교차로 - 교차로안,승용,여,31세,상해없음,승합,여,54세,경상
2016121900100307,2016년 12월 19일 14시,월요일,충청남도 천안시 동남구 북면,중상사고,0,1,0,0,차대차 - 정면충돌,신호위반,건조,맑음,단일로 - 기타,화물,남,47세,상해없음,화물,남,50세,중상
2016121900100308,2016년 12월 19일 14시,월요일,충청남도 천안시 동남구 다가동,경상사고,0,0,1,0,차대사람 - 횡단중,안전운전불이행,건조,맑음,단일로 - 기타,승용,남,34세,상해없음,보행자,남,52세,경상
2016121900100370,2016년 12월 19일 16시,월요일,충청남도 천안시 동남구 신부동,경상사고,0,0,1,0,차대차 - 기타,안전운전불이행,건조,맑음,단일로 - 기타,승용,남,48세,상해없음,승용,여,27세,경상
2016121900100371,2016년 12월 19일 16시,월요일,충청남도 아산시 둔포면,중상사고,0,1,0,0,차대차 - 측면충돌,안전운전불이행,건조,맑음,교차로 - 교차로안,승용,남,50세,상해없음,승용,여,35세,중상
2016121900100372,2016년 12월 19일 16시,월요일,충청남도 서천군 기산면,중상사고,0,1,0,0,차량단독 - 전도전복,안전운전불이행,건조,맑음,교차로 - 교차로안,화물,남,57세,중상,,,,
2016121900100373,2016년 12월 19일 16시,월요일,충청남도 천안시 동남구 영성동,경상사고,0,0,2,0,차대차 - 추돌,안전운전불이행,건조,맑음,교차로 - 교차로부근,이륜,남,58세,상해없음,승용,남,52세,경상
2016121900100407,2016년 12월 19일 17시,월요일,충청남도 천안시 동남구 구성동,경상사고,0,0,1,0,차대사람 - 횡단중,안전운전불이행,건조,맑음,단일로 - 기타,기타불명,기타불명,기타불명,기타불명,보행자,남,46세,경상
2016121900100457,2016년 12월 19일 18시,월요일,충청남도 서산시 동문동,경상사고,0,0,1,0,차대사람 - 횡단중,안전운전불이행,건조,맑음,교차로 - 교차로안,승용,남,60세,상해없음,보행자,여,50세,경상
2016121900100458,2016년 12월 19일 18시,월요일,충청남도 서산시 해미면,경상사고,0,0,1,0,차대차 - 정면충돌,중앙선침범,건조,맑음,단일로 - 기타,승용,남,25세,상해없음,이륜,남,21세,경상
2016121900100459,2016년 12월 19일 18시,월요일,충청남도 아산시 온천동,경상사고,0,0,1,0,차대차 - 측면충돌,신호위반,건조,맑음,교차로 - 교차로안,원동기,남,53세,상해없음,승용,여,48세,경상
2016121900100505,2016년 12월 19일 19시,월요일,충청남도 논산시 연산면,중상사고,0,1,0,0,차대사람 - 차도통행중,안전운전불이행,건조,맑음,단일로 - 기타,승용,남,38세,상해없음,보행자,남,51세,중상
2016121900100506,2016년 12월 19일 19시,월요일,충청남도 천안시 동남구 신방동,중상사고,0,1,0,0,차대사람 - 횡단중,안전운전불이행,건조,맑음,교차로 - 교차로안,승용,남,29세,상해없음,보행자,여,52세,중상
2016121900100557,2016년 12월 19일 21시,월요일,충청남도 서산시 석림동,중상사고,0,1,0,0,차대차 - 정면충돌,안전운전불이행,건조,맑음,단일로 - 기타,승용,남,48세,상해없음,승용,여,41세,중상
2016121900100558,2016년 12월 19일 21시,월요일,충청남도 아산시 배방읍,중상사고,0,1,0,0,차대사람 - 횡단중,보행자보호의무위반,건조,맑음,교차로 - 교차로안,승용,남,37세,상해없음,보행자,여,32세,중상
2016121900100589,2016년 12월 19일 22시,월요일,충청남도 천안시 서북구 두정동,경상사고,0,0,1,0,차대차 - 정면충돌,신호위반,건조,맑음,교차로 - 교차로안,승합,남,31세,상해없음,원동기,남,46세,경상
2016122000100103,2016년 12월 20일 07시,화요일,충청남도 천안시 서북구 성정동,경상사고,0,0,2,0,차대차 - 측면충돌,안전운전불이행,건조,맑음,교차로 - 교차로안,승용,남,64세,상해없음,승용,남,41세,경상
2016122000100104,2016년 12월 20일 07시,화요일,충청남도 보령시 죽정동,중상사고,0,1,0,0,차대차 - 측면직각충돌,중앙선침범,건조,맑음,단일로 - 기타,승합,남,53세,상해없음,화물,남,64세,중상
2016122000100105,2016년 12월 20일 07시,화요일,충청남도 당진시 대호지면,경상사고,0,0,1,0,차대차 - 정면충돌,중앙선침범,습기,안개,단일로 - 기타,건설기계,남,53세,상해없음,승용,여,54세,경상
2016122000100206,2016년 12월 20일 10시,화요일,충청남도 당진시 대호지면,경상사고,0,0,1,0,차대차 - 측면충돌,교차로운행방법위반,건조,맑음,교차로 - 교차로안,승합,여,50세,상해없음,이륜,남,85세,경상
2016122000100207,2016년 12월 20일 10시,화요일,충청남도 천안시 동남구 구성동,경상사고,0,0,2,0,차대차 - 측면충돌,신호위반,건조,맑음,교차로 - 교차로안,화물,남,39세,상해없음,승용,남,75세,경상
2016122000100249,2016년 12월 20일 11시,화요일,충청남도 청양군 비봉면,중상사고,0,1,2,0,차대차 - 추돌,안전거리미확보,건조,맑음,단일로 - 기타,승용,여,63세,중상,승용,여,61세,경상
2016122000100276,2016년 12월 20일 12시,화요일,충청남도 홍성군 광천읍,중상사고,0,1,0,0,차대차 - 정면충돌,안전운전불이행,건조,맑음,단일로 - 기타,화물,남,54세,상해없음,원동기,남,75세,중상
2016122000100277,2016년 12월 20일 12시,화요일,충청남도 공주시 옥룡동,중상사고,0,1,0,0,차대사람 - 길가장자리구역통행중,안전운전불이행,건조,맑음,단일로 - 기타,승용,여,54세,상해없음,보행자,여,86세,중상
2016122000100331,2016년 12월 20일 14시,화요일,충청남도 금산군 복수면,중상사고,0,1,0,0,차대차 - 정면충돌,중앙선침범,건조,맑음,단일로 - 기타,승용,남,52세,상해없음,이륜,남,67세,중상
2016122000100332,2016년 12월 20일 14시,화요일,충청남도 천안시 동남구 북면,경상사고,0,0,1,0,차대차 - 추돌,안전운전불이행,건조,맑음,단일로 - 기타,화물,남,41세,상해없음,화물,남,59세,경상
2016122000100441,2016년 12월 20일 17시,화요일,충청남도 공주시 유구읍,경상사고,0,0,1,0,차대차 - 측면직각충돌,안전운전불이행,건조,맑음,단일로 - 기타,승용,여,55세,상해없음,이륜,남,43세,경상
2016122000100442,2016년 12월 20일 17시,화요일,충청남도 당진시 송악읍,경상사고,0,0,1,0,차대차 - 측면충돌,안전운전불이행,건조,맑음,단일로 - 기타,화물,남,60세,상해없음,화물,남,40세,경상
2016122000100488,2016년 12월 20일 18시,화요일,충청남도 서산시 동문동,경상사고,0,0,2,0,차대차 - 측면충돌,안전거리미확보,건조,맑음,단일로 - 기타,이륜,남,46세,상해없음,승용,남,23세,경상
2016122000100489,2016년 12월 20일 18시,화요일,충청남도 천안시 서북구 업성동,중상사고,0,1,0,0,차대차 - 측면직각충돌,안전운전불이행,건조,맑음,교차로 - 교차로안,화물,남,38세,상해없음,원동기,남,53세,중상
2016122000100490,2016년 12월 20일 18시,화요일,충청남도 아산시 음봉면,부상신고사고,0,0,0,1,차대차 - 기타,안전운전불이행,건조,맑음,교차로 - 교차로부근,원동기,남,28세,부상신고,승용,남,32세,상해없음
2016122000100491,2016년 12월 20일 18시,화요일,충청남도 공주시 금성동,중상사고,0,2,0,0,차대사람 - 횡단중,보행자보호의무위반,건조,맑음,교차로 - 교차로부근,승용,남,23세,상해없음,보행자,남,66세,중상
2016122000100570,2016년 12월 20일 20시,화요일,충청남도 아산시 온천동,경상사고,0,0,1,0,차대사람 - 기타,안전운전불이행,건조,맑음,기타 - 기타,승용,남,57세,상해없음,보행자,남,67세,경상
2016122000100602,2016년 12월 20일 21시,화요일,충청남도 예산군 예산읍,경상사고,0,0,1,0,차대사람 - 횡단중,안전운전불이행,건조,맑음,교차로 - 교차로부근,승용,남,62세,상해없음,보행자,남,16세,경상
2016122000100668,2016년 12월 20일 23시,화요일,충청남도 아산시 온천동,중상사고,0,1,0,0,차대사람 - 차도통행중,안전운전불이행,건조,맑음,기타 - 기타,승용,남,37세,상해없음,보행자,남,51세,중상
2016122100100011,2016년 12월 21일 00시,수요일,충청남도 보령시 동대동,중상사고,0,1,3,0,차대차 - 측면직각충돌,신호위반,건조,맑음,교차로 - 교차로안,승용,여,21세,상해없음,승용,남,35세,경상
2016122100100024,2016년 12월 21일 01시,수요일,충청남도 천안시 서북구 성정동,경상사고,0,0,2,0,차대차 - 기타,안전운전불이행,건조,맑음,단일로 - 기타,승용,남,40세,상해없음,승용,남,58세,경상
2016122100100025,2016년 12월 21일 01시,수요일,충청남도 천안시 서북구 성성동,경상사고,0,0,1,0,차량단독 - 공작물충돌,안전운전불이행,건조,맑음,단일로 - 기타,승용,남,26세,경상,,,,
2016122100100056,2016년 12월 21일 05시,수요일,충청남도 공주시 신관동,경상사고,0,0,1,0,차대차 - 측면직각충돌,신호위반,습기,흐림,교차로 - 교차로안,승용,남,30세,상해없음,승용,남,25세,경상
2016122100100092,2016년 12월 21일 07시,수요일,충청남도 천안시 서북구 성정동,중상사고,0,1,0,0,차대사람 - 횡단중,신호위반,건조,맑음,단일로 - 횡단보도상,승용,남,41세,상해없음,보행자,여,39세,중상
2016122100100093,2016년 12월 21일 07시,수요일,충청남도 아산시 음봉면,중상사고,0,1,2,0,차대차 - 기타,안전운전불이행,건조,맑음,기타 - 기타,승용,남,41세,상해없음,승용,남,40세,상해없음
2016122100100164,2016년 12월 21일 09시,수요일,충청남도 천안시 동남구 광덕면,중상사고,0,1,0,0,차대차 - 정면충돌,직진우회전진행방해,건조,흐림,교차로 - 교차로안,승용,남,71세,중상,건설기계,남,61세,상해없음
2016122100100222,2016년 12월 21일 11시,수요일,충청남도 천안시 서북구 백석동,경상사고,0,0,1,0,차대차 - 기타,안전거리미확보,건조,맑음,단일로 - 기타,승용,남,59세,상해없음,승용,남,43세,경상
2016122100100224,2016년 12월 21일 11시,수요일,충청남도 홍성군 홍성읍,경상사고,0,0,1,0,차대차 - 측면충돌,차로위반,건조,맑음,단일로 - 기타,승용,남,60세,상해없음,이륜,남,79세,경상
2016122100100225,2016년 12월 21일 11시,수요일,충청남도 부여군 규암면,중상사고,0,1,0,0,차대차 - 기타,안전운전불이행,건조,맑음,단일로 - 기타,승용,남,48세,상해없음,보행자,남,22세,중상
2016122100100255,2016년 12월 21일 12시,수요일,충청남도 서천군 종천면,중상사고,0,1,1,0,차대차 - 측면직각충돌,안전운전불이행,건조,맑음,교차로 - 교차로안,승용,여,56세,경상,건설기계,남,65세,중상
2016122100100256,2016년 12월 21일 12시,수요일,충청남도 당진시 대덕리,중상사고,0,1,1,0,차대차 - 측면직각충돌,신호위반,건조,맑음,교차로 - 교차로안,승용,여,43세,경상,승용,여,37세,중상
2016122100100278,2016년 12월 21일 13시,수요일,충청남도 부여군 부여읍,중상사고,0,1,0,0,차대사람 - 횡단중,안전운전불이행,건조,맑음,단일로 - 기타,승용,남,62세,상해없음,보행자,여,64세,중상
2016122100100330,2016년 12월 21일 15시,수요일,충청남도 서천군 장항읍,경상사고,0,0,1,0,차대차 - 측면직각충돌,안전운전불이행,건조,맑음,교차로 - 교차로부근,원동기,여,72세,경상,승용,남,43세,상해없음
2016122100100427,2016년 12월 21일 17시,수요일,충청남도 홍성군 은하면,경상사고,0,0,1,0,차대차 - 추돌,안전운전불이행,습기,비,단일로 - 기타,승용,남,47세,상해없음,승용,여,42세,경상
2016122100100528,2016년 12월 21일 18시,수요일,충청남도 천안시 서북구 불당동,부상신고사고,0,0,0,1,차대차 - 추돌,안전운전불이행,습기,비,단일로 - 기타,승합,남,63세,상해없음,승용,남,42세,부상신고
2016122100100529,2016년 12월 21일 18시,수요일,충청남도 보령시 신흑동,경상사고,0,0,1,0,차대차 - 측면직각충돌,신호위반,건조,맑음,교차로 - 교차로안,승용,남,40세,상해없음,승용,남,30세,경상
2016122100100603,2016년 12월 21일 19시,수요일,충청남도 천안시 서북구 쌍용동,경상사고,0,0,1,0,차대차 - 측면직각충돌,안전운전불이행,습기,비,단일로 - 기타,승용,남,54세,상해없음,승용,여,48세,경상
2016122100100604,2016년 12월 21일 19시,수요일,충청남도 홍성군 홍성읍,경상사고,0,0,1,0,차대차 - 측면충돌,차로위반,습기,비,단일로 - 기타,승용,남,59세,상해없음,승용,남,40세,경상
2016122100100605,2016년 12월 21일 19시,수요일,충청남도 아산시 배방읍,경상사고,0,0,1,0,차대차 - 기타,안전운전불이행,습기,비,단일로 - 기타,승용,남,67세,기타불명,승용,남,58세,경상
2016122100100607,2016년 12월 21일 19시,수요일,충청남도 당진시 우강면,중상사고,0,1,0,0,차대사람 - 길가장자리구역통행중,안전운전불이행,습기,비,교차로 - 교차로안,승용,남,51세,상해없음,보행자,남,59세,중상
2016122100100608,2016년 12월 21일 19시,수요일,충청남도 당진시 신평면,중상사고,0,1,0,0,차량단독 - 도로외이탈 - 추락,안전운전불이행,습기,비,단일로 - 기타,승용,남,61세,중상,,,,
2016122100100609,2016년 12월 21일 19시,수요일,충청남도 천안시 동남구 목천읍,경상사고,0,0,1,0,차대사람 - 횡단중,안전운전불이행,습기,비,교차로 - 교차로안,승용,남,65세,상해없음,보행자,남,19세,경상
2016122100100664,2016년 12월 21일 20시,수요일,충청남도 당진시 송산면,경상사고,0,0,1,0,차대사람 - 길가장자리구역통행중,안전운전불이행,습기,비,단일로 - 기타,화물,남,57세,상해없음,보행자,남,30세,경상
2016122100100723,2016년 12월 21일 21시,수요일,충청남도 아산시 배방읍,중상사고,0,1,0,0,차대사람 - 횡단중,안전운전불이행,습기,비,단일로 - 기타,승용,남,52세,상해없음,보행자,남,46세,중상
2016122100100724,2016년 12월 21일 21시,수요일,충청남도 천안시 동남구 신부동,부상신고사고,0,0,0,1,차대사람 - 횡단중,안전운전불이행,건조,맑음,교차로 - 교차로부근,기타불명,기타불명,기타불명,기타불명,보행자,남,59세,부상신고
2016122100100779,2016년 12월 21일 22시,수요일,충청남도 서산시 석남동,경상사고,0,0,2,0,차대사람 - 차도통행중,안전운전불이행,습기,비,교차로 - 교차로부근,승용,남,28세,상해없음,보행자,남,44세,경상
2016122100100780,2016년 12월 21일 22시,수요일,충청남도 천안시 서북구 백석동,경상사고,0,0,2,0,차대차 - 기타,안전운전불이행,건조,맑음,교차로 - 교차로안,승용,여,28세,상해없음,승용,남,53세,경상