사고번호,사고일시,요일,시군구,사고내용,사망자수,중상자수,경상자수,부상신고자수,사고유형,법규위반,노면상태,기상상태,도로형태,가해운전자 차종,가해운전자 성별,가해운전자 연령,가해운전자 상해정도,피해운전자 차종,피해운전자 성별,피해운전자 연령,피해운전자 상해정도
2016122100100781,2016년 12월 21일 22시,수요일,충청남도 논산시 취암동,경상사고,0,0,1,0,차대차 - 정면충돌,직진우회전진행방해,습기,비,교차로 - 교차로안,승용,남,37세,상해없음,승용,여,31세,경상
2016122100100782,2016년 12월 21일 22시,수요일,충청남도 홍성군 홍북면,경상사고,0,0,1,0,차대차 - 추돌,안전운전불이행,습기,비,단일로 - 기타,승용,남,58세,상해없음,승용,여,28세,경상
2016122100100783,2016년 12월 21일 22시,수요일,충청남도 아산시 배방읍,경상사고,0,0,1,0,차대차 - 정면충돌,신호위반,습기,비,교차로 - 교차로안,승용,남,49세,상해없음,승용,남,43세,경상
2016122200100038,2016년 12월 22일 00시,목요일,충청남도 천안시 동남구 다가동,중상사고,0,1,0,0,차대사람 - 횡단중,보행자보호의무위반,습기,비,단일로 - 횡단보도상,승용,남,60세,상해없음,보행자,여,44세,중상
2016122200100074,2016년 12월 22일 01시,목요일,충청남도 천안시 서북구 두정동,중상사고,0,1,2,0,차대차 - 기타,신호위반,습기,비,교차로 - 교차로안,승용,남,25세,경상,승용,남,53세,중상
2016122200100103,2016년 12월 22일 02시,목요일,충청남도 천안시 동남구 목천읍,중상사고,0,1,0,0,차대사람 - 차도통행중,안전운전불이행,습기,비,단일로 - 기타,특수,남,49세,상해없음,보행자,남,50세,중상
2016122200100130,2016년 12월 22일 05시,목요일,충청남도 금산군 진산면,중상사고,0,1,0,0,차대차 - 정면충돌,중앙선침범,습기,비,단일로 - 기타,승용,남,28세,상해없음,승합,여,62세,중상
2016122200100131,2016년 12월 22일 05시,목요일,충청남도 천안시 동남구 구성동,경상사고,0,0,2,0,차대차 - 추돌,안전거리미확보,습기,흐림,단일로 - 기타,승용,남,36세,상해없음,승합,남,44세,상해없음
2016122200100171,2016년 12월 22일 07시,목요일,충청남도 서산시 동문동,중상사고,0,1,0,0,차대사람 - 횡단중,안전운전불이행,습기,흐림,교차로 - 교차로부근,승용,여,43세,상해없음,보행자,여,81세,중상
2016122200100172,2016년 12월 22일 07시,목요일,충청남도 당진시 순성면,경상사고,0,0,1,0,차대차 - 추돌,직진우회전진행방해,건조,맑음,교차로 - 교차로안,승용,남,41세,상해없음,승용,남,33세,경상
2016122200100173,2016년 12월 22일 07시,목요일,충청남도 천안시 동남구 신부동,경상사고,0,0,2,1,차대차 - 측면직각충돌,직진우회전진행방해,습기,흐림,교차로 - 교차로안,승용,남,64세,부상신고,승용,남,27세,경상
2016122200100216,2016년 12월 22일 08시,목요일,충청남도 천안시 서북구 백석동,경상사고,0,0,2,0,차대차 - 기타,안전운전불이행,건조,맑음,단일로 - 기타,승용,남,26세,상해없음,승합,남,49세,상해없음
2016122200100217,2016년 12월 22일 08시,목요일,충청남도 보령시 웅천읍,중상사고,0,1,0,0,차대차 - 정면충돌,교차로운행방법위반,건조,맑음,교차로 - 교차로안,화물,남,56세,상해없음,승용,여,30세,중상
2016122200100218,2016년 12월 22일 08시,목요일,충청남도 천안시 동남구 봉명동,경상사고,0,0,1,0,차대차 - 정면충돌,기타,습기,맑음,단일로 - 기타,승용,남,48세,상해없음,승용,남,36세,경상
2016122200100241,2016년 12월 22일 09시,목요일,충청남도 서산시 예천동,경상사고,0,0,1,0,차대차 - 정면충돌,신호위반,건조,맑음,교차로 - 교차로안,원동기,남,76세,경상,승용,남,64세,상해없음
2016122200100242,2016년 12월 22일 09시,목요일,충청남도 아산시 모종동,경상사고,0,0,1,0,차대차 - 측면충돌,중앙선침범,건조,맑음,교차로 - 교차로안,기타불명,기타불명,기타불명,기타불명,승합,남,72세,상해없음
2016122200100243,2016년 12월 22일 09시,목요일,충청남도 아산시 인주면,부상신고사고,0,0,0,1,차대차 - 정면충돌,안전운전불이행,습기,비,교차로 - 교차로안,화물,남,34세,부상신고,화물,남,56세,상해없음
2016122200100261,2016년 12월 22일 10시,목요일,충청남도 부여군 임천면,경상사고,0,0,1,0,차대차 - 기타,안전운전불이행,건조,맑음,기타 - 기타,승용,남,68세,경상,승용,남,60세,상해없음
2016122200100332,2016년 12월 22일 13시,목요일,충청남도 당진시 신평면,경상사고,0,0,2,0,차대사람 - 길가장자리구역통행중,안전운전불이행,습기,맑음,단일로 - 기타,화물,남,63세,상해없음,보행자,남,54세,경상
2016122200100360,2016년 12월 22일 14시,목요일,충청남도 홍성군 홍북면,경상사고,0,0,1,0,차대차 - 추돌,안전운전불이행,습기,비,교차로 - 교차로부근,승용,여,55세,상해없음,승용,여,43세,경상
2016122200100361,2016년 12월 22일 14시,목요일,충청남도 홍성군 홍동면,경상사고,0,0,1,0,차대차 - 측면충돌,안전운전불이행,습기,비,단일로 - 기타,원동기,남,80세,경상,승합,남,36세,상해없음
2016122200100453,2016년 12월 22일 17시,목요일,충청남도 천안시 서북구 불당동,경상사고,0,0,2,0,차대차 - 측면직각충돌,신호위반,습기,비,교차로 - 교차로안,승용,남,57세,상해없음,승용,여,34세,경상
2016122200100454,2016년 12월 22일 17시,목요일,충청남도 보령시 동대동,경상사고,0,0,1,0,차대차 - 정면충돌,직진우회전진행방해,건조,맑음,교차로 - 교차로안,승용,남,43세,상해없음,이륜,남,20세,경상
2016122200100509,2016년 12월 22일 18시,목요일,충청남도 공주시 신관동,중상사고,0,1,0,0,차대사람 - 길가장자리구역통행중,안전운전불이행,습기,비,기타 - 기타,승용,남,25세,상해없음,보행자,여,50세,중상
2016122200100561,2016년 12월 22일 19시,목요일,충청남도 당진시 신평면,중상사고,0,1,0,0,차대사람 - 기타,안전운전불이행,습기,맑음,단일로 - 기타,승용,남,70세,상해없음,보행자,여,81세,중상
2016122200100594,2016년 12월 22일 20시,목요일,충청남도 아산시 온천동,경상사고,0,0,1,0,차대차 - 측면직각충돌,중앙선침범,건조,맑음,교차로 - 교차로부근,승용,남,48세,상해없음,승용,남,58세,경상
2016122200100629,2016년 12월 22일 21시,목요일,충청남도 계룡시 신도안면,경상사고,0,0,3,0,차대차 - 추돌,안전운전불이행,건조,맑음,단일로 - 기타,승용,남,46세,상해없음,승용,남,37세,경상
2016122200100630,2016년 12월 22일 21시,목요일,충청남도 예산군 예산읍,경상사고,0,0,2,0,차대차 - 추돌,안전거리미확보,건조,맑음,단일로 - 기타,화물,남,59세,상해없음,승용,여,24세,경상
2016122200100631,2016년 12월 22일 21시,목요일,충청남도 당진시 송산면,중상사고,0,1,0,0,차대사람 - 기타,안전운전불이행,건조,맑음,단일로 - 기타,승용,남,56세,상해없음,보행자,남,60세,중상
2016122200100632,2016년 12월 22일 21시,목요일,충청남도 천안시 동남구 신방동,경상사고,0,0,1,0,차대차 - 추돌,안전운전불이행,건조,맑음,교차로 - 교차로부근,승용,남,51세,상해없음,승용,남,40세,경상
2016122200100659,2016년 12월 22일 22시,목요일,충청남도 부여군 부여읍,경상사고,0,0,1,0,차대사람 - 횡단중,안전운전불이행,건조,맑음,교차로 - 교차로안,화물,남,18세,상해없음,보행자,여,25세,경상
2016122200100693,2016년 12월 22일 23시,목요일,충청남도 아산시 인주면,중상사고,0,1,0,0,차대사람 - 길가장자리구역통행중,안전운전불이행,건조,맑음,단일로 - 기타,승용,남,26세,상해없음,보행자,남,37세,중상
2016122300100016,2016년 12월 23일 00시,금요일,충청남도 논산시 부창동,중상사고,0,1,1,0,차대차 - 정면충돌,신호위반,건조,맑음,교차로 - 교차로안,승합,남,51세,상해없음,화물,남,40세,중상
2016122300100017,2016년 12월 23일 00시,금요일,충청남도 아산시 온천동,중상사고,0,1,0,0,차대차 - 정면충돌,중앙선침범,건조,맑음,교차로 - 교차로부근,승용,남,50세,상해없음,승용,남,31세,중상
2016122300100036,2016년 12월 23일 01시,금요일,충청남도 천안시 서북구 백석동,경상사고,0,0,1,0,차대차 - 측면충돌,신호위반,건조,맑음,교차로 - 교차로안,승용,남,31세,상해없음,화물,남,49세,상해없음
2016122300100136,2016년 12월 23일 08시,금요일,충청남도 서천군 장항읍,경상사고,0,0,1,0,차대차 - 측면충돌,직진우회전진행방해,습기,흐림,교차로 - 교차로안,원동기,남,57세,경상,승용,여,41세,상해없음
2016122300100176,2016년 12월 23일 09시,금요일,충청남도 천안시 서북구 두정동,경상사고,0,0,1,0,차대사람 - 횡단중,보행자보호의무위반,습기,눈,교차로 - 교차로안,승용,여,34세,상해없음,보행자,여,46세,경상
2016122300100177,2016년 12월 23일 09시,금요일,충청남도 당진시 읍내리,경상사고,0,0,1,0,차대차 - 기타,안전운전불이행,결빙,눈,단일로 - 기타,승용,여,40세,상해없음,승용,여,23세,경상
2016122300100178,2016년 12월 23일 09시,금요일,충청남도 천안시 동남구 신부동,경상사고,0,0,1,0,차대차 - 정면충돌,중앙선침범,습기,눈,교차로 - 교차로부근,승용,남,63세,상해없음,승용,남,63세,경상
2016122300100225,2016년 12월 23일 11시,금요일,충청남도 보령시 대천동,경상사고,0,0,2,0,차대차 - 정면충돌,직진우회전진행방해,습기,비,교차로 - 교차로안,승합,남,35세,상해없음,승합,남,69세,상해없음
2016122300100257,2016년 12월 23일 12시,금요일,충청남도 천안시 서북구 성거읍,중상사고,0,1,1,0,차대차 - 추돌,안전운전불이행,결빙,눈,단일로 - 기타,화물,남,44세,상해없음,화물,남,27세,경상
2016122300100258,2016년 12월 23일 12시,금요일,충청남도 천안시 동남구 풍세면,경상사고,0,0,3,0,차대차 - 측면충돌,직진우회전진행방해,습기,흐림,교차로 - 교차로안,화물,남,53세,경상,승용,여,33세,경상
2016122300100293,2016년 12월 23일 13시,금요일,충청남도 당진시 읍내리,경상사고,0,0,1,0,차대차 - 측면충돌,안전운전불이행,습기,흐림,단일로 - 기타,승용,남,66세,상해없음,승용,남,22세,경상
2016122300100318,2016년 12월 23일 14시,금요일,충청남도 논산시 강경읍,중상사고,0,1,1,0,차대차 - 정면충돌,중앙선침범,습기,흐림,단일로 - 기타,승용,여,59세,상해없음,승용,남,66세,경상
2016122300100319,2016년 12월 23일 14시,금요일,충청남도 천안시 동남구 목천읍,중상사고,0,1,0,0,차대차 - 측면직각충돌,신호위반,적설,눈,교차로 - 교차로안,승용,여,61세,상해없음,승용,여,43세,중상
2016122300100381,2016년 12월 23일 16시,금요일,충청남도 당진시 시곡리,경상사고,0,0,1,0,차대차 - 추돌,안전운전불이행,결빙,흐림,단일로 - 기타,특수,남,44세,상해없음,승용,여,45세,경상
2016122300100413,2016년 12월 23일 17시,금요일,충청남도 논산시 취암동,경상사고,0,0,1,0,차대차 - 측면충돌,차로위반,건조,맑음,단일로 - 기타,화물,남,42세,상해없음,승용,남,56세,경상
2016122300100460,2016년 12월 23일 18시,금요일,충청남도 서산시 부석면,중상사고,0,1,0,0,차대사람 - 기타,안전운전불이행,건조,맑음,단일로 - 기타,승합,남,39세,상해없음,보행자,여,80세,중상
2016122300100511,2016년 12월 23일 19시,금요일,충청남도 홍성군 광천읍,경상사고,0,0,2,0,차대사람 - 횡단중,신호위반,습기,흐림,단일로 - 기타,화물,남,28세,상해없음,보행자,여,18세,경상
2016122300100512,2016년 12월 23일 19시,금요일,충청남도 아산시 온천동,중상사고,0,1,0,0,차대사람 - 횡단중,보행자보호의무위반,습기,눈,교차로 - 교차로안,승용,남,40세,상해없음,보행자,남,76세,중상
2016122300100513,2016년 12월 23일 19시,금요일,충청남도 보령시 대천동,경상사고,0,0,1,0,차대차 - 추돌,안전운전불이행,건조,맑음,교차로 - 교차로부근,승용,남,52세,상해없음,승용,여,39세,경상
2016122300100556,2016년 12월 23일 20시,금요일,충청남도 천안시 동남구 다가동,경상사고,0,0,2,0,차대사람 - 차도통행중,안전운전불이행,결빙,흐림,교차로 - 교차로안,승용,남,55세,상해없음,보행자,남,55세,경상
2016122300100594,2016년 12월 23일 21시,금요일,충청남도 계룡시 금암동,중상사고,0,1,0,0,차대사람 - 횡단중,안전운전불이행,건조,맑음,교차로 - 교차로부근,승용,남,41세,상해없음,보행자,남,70세,중상
2016122300100595,2016년 12월 23일 21시,금요일,충청남도 보령시 신흑동,중상사고,0,1,6,0,차대차 - 정면충돌,신호위반,건조,맑음,교차로 - 교차로안,승합,남,26세,상해없음,승용,남,38세,중상
2016122300100596,2016년 12월 23일 21시,금요일,충청남도 청양군 청양읍,경상사고,0,0,1,0,차대차 - 추돌,안전운전불이행,건조,맑음,교차로 - 교차로부근,승용,남,59세,상해없음,승합,여,39세,경상
2016122300100637,2016년 12월 23일 22시,금요일,충청남도 서산시 대산읍,경상사고,0,0,1,0,차대차 - 추돌,안전거리미확보,습기,비,단일로 - 기타,승합,남,41세,상해없음,승용,여,55세,경상
2016122300100638,2016년 12월 23일 22시,금요일,충청남도 천안시 서북구 두정동,사망사고,1,0,0,0,차대차 - 정면충돌,중앙선침범,결빙,맑음,단일로 - 기타,승용,남,34세,기타불명,승합,남,43세,사망
2016122300100678,2016년 12월 23일 23시,금요일,충청남도 아산시 법곡동,경상사고,0,0,2,0,차대차 - 측면충돌,과속,건조,맑음,교차로 - 교차로안,화물,남,37세,상해없음,화물,여,30세,경상
2016122400100014,2016년 12월 24일 00시,토요일,충청남도 아산시 신창면,경상사고,0,0,1,0,차량단독 - 전도전복,안전운전불이행,습기,비,단일로 - 기타,이륜,남,26세,경상,,,,
2016122400100059,2016년 12월 24일 02시,토요일,충청남도 아산시 탕정면,중상사고,0,1,1,0,차량단독 - 전도전복,안전운전불이행,건조,맑음,단일로 - 기타,승용,남,16세,중상,,,,
2016122400100135,2016년 12월 24일 07시,토요일,충청남도 천안시 동남구 다가동,경상사고,0,0,1,0,차대차 - 추돌,안전운전불이행,건조,맑음,단일로 - 기타,승용,남,30세,상해없음,화물,남,67세,경상
2016122400100155,2016년 12월 24일 09시,토요일,충청남도 서천군 종천면,경상사고,0,0,4,0,차대차 - 추돌,안전거리미확보,건조,맑음,교차로 - 교차로부근,승용,남,64세,상해없음,승용,여,34세,경상
2016122400100156,2016년 12월 24일 09시,토요일,충청남도 공주시 산성동,중상사고,0,1,0,0,차대사람 - 횡단중,보행자보호의무위반,건조,맑음,단일로 - 횡단보도상,이륜,남,61세,상해없음,보행자,여,75세,중상
2016122400100175,2016년 12월 24일 10시,토요일,충청남도 천안시 서북구 업성동,부상신고사고,0,0,0,1,차대차 - 추돌,안전운전불이행,건조,맑음,교차로 - 교차로부근,승용,남,47세,상해없음,화물,남,39세,부상신고
2016122400100203,2016년 12월 24일 11시,토요일,충청남도 당진시 석문면,경상사고,0,0,1,0,차대차 - 기타,교차로운행방법위반,건조,맑음,교차로 - 교차로안,승용,남,55세,상해없음,승용,남,23세,경상
2016122400100251,2016년 12월 24일 13시,토요일,충청남도 보령시 웅천읍,부상신고사고,0,0,0,1,차대차 - 측면직각충돌,직진우회전진행방해,건조,맑음,교차로 - 교차로안,승용,남,27세,상해없음,승합,남,45세,상해없음
2016122400100326,2016년 12월 24일 16시,토요일,충청남도 논산시 상월면,경상사고,0,0,2,0,차대차 - 측면충돌,신호위반,습기,비,교차로 - 교차로안,승용,남,45세,경상,승용,남,43세,경상
2016122400100365,2016년 12월 24일 17시,토요일,충청남도 서산시 대산읍,경상사고,0,0,1,0,차대차 - 추돌,안전운전불이행,건조,맑음,교차로 - 교차로부근,화물,남,59세,상해없음,승용,남,28세,경상
2016122400100419,2016년 12월 24일 18시,토요일,충청남도 당진시 우두리,중상사고,0,1,1,0,차대차 - 측면충돌,안전운전불이행,결빙,비,단일로 - 교량,승용,남,18세,경상,승용,남,35세,상해없음
2016122400100454,2016년 12월 24일 19시,토요일,충청남도 서산시 예천동,경상사고,0,0,4,0,차대차 - 추돌,안전운전불이행,건조,맑음,교차로 - 교차로안,승용,여,45세,상해없음,승용,남,55세,경상
2016122400100455,2016년 12월 24일 19시,토요일,충청남도 천안시 동남구 신부동,경상사고,0,0,1,0,차대차 - 측면충돌,안전운전불이행,건조,맑음,교차로 - 교차로부근,이륜,남,28세,경상,승용,남,28세,상해없음
2016122400100486,2016년 12월 24일 20시,토요일,충청남도 서산시 운산면,경상사고,0,0,3,0,차대차 - 정면충돌,중앙선침범,습기,흐림,교차로 - 교차로부근,승용,남,26세,상해없음,승용,남,59세,경상
2016122400100487,2016년 12월 24일 20시,토요일,충청남도 아산시 용화동,경상사고,0,0,1,0,차대차 - 측면충돌,안전운전불이행,건조,맑음,단일로 - 기타,승용,남,44세,상해없음,원동기,남,29세,경상
2016122400100488,2016년 12월 24일 20시,토요일,충청남도 예산군 광시면,경상사고,0,0,3,0,차대차 - 추돌,기타,건조,맑음,단일로 - 기타,화물,남,50세,상해없음,승용,여,48세,경상
2016122400100517,2016년 12월 24일 21시,토요일,충청남도 아산시 용화동,경상사고,0,0,1,0,차대사람 - 횡단중,안전운전불이행,건조,맑음,교차로 - 교차로안,승용,남,56세,상해없음,보행자,남,40세,경상
2016122400100518,2016년 12월 24일 21시,토요일,충청남도 서천군 서천읍,경상사고,0,0,2,0,차대차 - 추돌,중앙선침범,건조,맑음,단일로 - 기타,승용,남,69세,경상,승용,남,50세,경상
2016122400100519,2016년 12월 24일 21시,토요일,충청남도 보령시 동대동,중상사고,0,1,2,0,차대차 - 측면직각충돌,직진우회전진행방해,건조,맑음,교차로 - 교차로안,승용,여,55세,경상,승용,여,33세,중상
2016122400100520,2016년 12월 24일 21시,토요일,충청남도 보령시 주교면,경상사고,0,0,2,0,차대차 - 측면직각충돌,신호위반,건조,맑음,교차로 - 교차로안,승용,남,41세,상해없음,승용,남,57세,경상
2016122400100549,2016년 12월 24일 22시,토요일,충청남도 서산시 해미면,경상사고,0,0,1,0,차대차 - 정면충돌,중앙선침범,습기,흐림,단일로 - 기타,승용,남,52세,상해없음,승용,여,31세,경상
2016122400100550,2016년 12월 24일 22시,토요일,충청남도 논산시 광석면,중상사고,0,3,0,0,차대차 - 추돌,안전운전불이행,건조,맑음,교차로 - 교차로부근,승용,남,49세,상해없음,승용,남,74세,중상
2016122500100029,2016년 12월 25일 01시,일요일,충청남도 천안시 서북구 입장면,중상사고,0,2,0,0,차대차 - 측면충돌,중앙선침범,건조,맑음,기타 - 기타,화물,남,63세,상해없음,승용,남,36세,중상
2016122500100054,2016년 12월 25일 04시,일요일,충청남도 천안시 서북구 성정동,경상사고,0,0,1,0,차대차 - 기타,안전운전불이행,건조,맑음,단일로 - 기타,승용,남,30세,상해없음,승용,남,22세,경상
2016122500100100,2016년 12월 25일 08시,일요일,충청남도 아산시 탕정면,중상사고,0,1,0,0,차대사람 - 기타,안전운전불이행,습기,맑음,단일로 - 기타,승용,남,28세,상해없음,보행자,남,42세,중상
2016122500100163,2016년 12월 25일 12시,일요일,충청남도 홍성군 홍성읍,경상사고,0,0,1,0,차대사람 - 차도통행중,안전운전불이행,건조,맑음,단일로 - 기타,건설기계,남,50세,상해없음,보행자,남,75세,경상
2016122500100250,2016년 12월 25일 15시,일요일,충청남도 서산시 부석면,경상사고,0,0,1,0,차대차 - 추돌,안전운전불이행,건조,맑음,교차로 - 교차로부근,승용,남,31세,상해없음,승용,남,55세,경상
2016122500100251,2016년 12월 25일 15시,일요일,충청남도 계룡시 엄사면,경상사고,0,0,3,0,차대차 - 측면직각충돌,신호위반,건조,맑음,교차로 - 교차로안,승용,여,42세,상해없음,승용,여,49세,경상
2016122500100252,2016년 12월 25일 15시,일요일,충청남도 아산시 음봉면,사망사고,1,0,0,0,차량단독 - 전도전복,안전운전불이행,건조,맑음,기타 - 기타,승용,남,57세,사망,,,,
2016122500100262,2016년 12월 25일 16시,일요일,충청남도 서천군 마서면,경상사고,0,0,4,0,차대차 - 측면충돌,직진우회전진행방해,건조,맑음,교차로 - 교차로안,승용,남,34세,상해없음,승용,남,23세,경상
2016122500100317,2016년 12월 25일 18시,일요일,충청남도 당진시 읍내리,부상신고사고,0,0,0,1,차대차 - 추돌,안전운전불이행,건조,맑음,단일로 - 기타,승용,여,51세,상해없음,승합,남,47세,부상신고
2016122500100353,2016년 12월 25일 19시,일요일,충청남도 서산시 수석동,중상사고,0,3,1,0,차대차 - 측면충돌,신호위반,건조,맑음,교차로 - 교차로안,승용,남,21세,중상,승용,남,67세,중상
2016122500100354,2016년 12월 25일 19시,일요일,충청남도 금산군 금산읍,경상사고,0,0,5,0,차대차 - 추돌,안전운전불이행,건조,맑음,교차로 - 교차로부근,승용,남,44세,상해없음,승용,여,58세,경상
2016122500100382,2016년 12월 25일 20시,일요일,충청남도 천안시 서북구 두정동,경상사고,0,0,1,0,차대차 - 정면충돌,신호위반,건조,맑음,교차로 - 교차로안,이륜,남,18세,상해없음,승용,남,58세,경상
2016122500100383,2016년 12월 25일 20시,일요일,충청남도 홍성군 홍북면,중상사고,0,1,0,0,차대차 - 기타,안전운전불이행,건조,맑음,교차로 - 교차로안,승용,남,38세,상해없음,이륜,남,33세,중상
2016122600100083,2016년 12월 26일 07시,월요일,충청남도 공주시 신관동,중상사고,0,1,0,0,차대사람 - 길가장자리구역통행중,안전운전불이행,건조,맑음,교차로 - 교차로안,승용,남,28세,상해없음,보행자,남,66세,중상
2016122600100114,2016년 12월 26일 08시,월요일,충청남도 계룡시 엄사면,중상사고,0,1,0,0,차대사람 - 횡단중,보행자보호의무위반,습기,흐림,단일로 - 기타,승용,여,71세,상해없음,보행자,여,12세,중상
2016122600100115,2016년 12월 26일 08시,월요일,충청남도 아산시 영인면,경상사고,0,0,1,0,차대차 - 정면충돌,안전운전불이행,결빙,눈,단일로 - 기타,승용,남,37세,상해없음,승용,남,30세,경상
2016122600100116,2016년 12월 26일 08시,월요일,충청남도 공주시 정안면,경상사고,0,0,1,0,차대차 - 정면충돌,안전운전불이행,건조,맑음,단일로 - 기타,승용,여,19세,상해없음,승용,남,49세,상해없음
2016122600100145,2016년 12월 26일 09시,월요일,충청남도 천안시 서북구 백석동,경상사고,0,0,1,0,차대차 - 기타,신호위반,습기,비,교차로 - 교차로부근,화물,남,52세,상해없음,자전거,남,75세,경상
2016122600100188,2016년 12월 26일 11시,월요일,충청남도 홍성군 금마면,중상사고,0,5,2,0,차대차 - 추돌,안전거리미확보,건조,맑음,단일로 - 기타,화물,남,69세,상해없음,승용,남,58세,경상
2016122600100189,2016년 12월 26일 11시,월요일,충청남도 아산시 온천동,경상사고,0,0,1,0,차대차 - 기타,안전운전불이행,건조,맑음,단일로 - 기타,승용,남,43세,상해없음,승용,여,44세,경상
2016122600100212,2016년 12월 26일 12시,월요일,충청남도 천안시 서북구 성정동,경상사고,0,0,1,0,차대차 - 추돌,안전운전불이행,습기,비,교차로 - 교차로부근,승용,여,25세,상해없음,승용,남,64세,경상
2016122600100213,2016년 12월 26일 12시,월요일,충청남도 보령시 웅천읍,중상사고,0,1,0,0,차대차 - 기타,불법유턴,건조,맑음,단일로 - 기타,화물,남,26세,상해없음,화물,남,74세,중상
2016122600100248,2016년 12월 26일 13시,월요일,충청남도 서천군 판교면,중상사고,0,1,0,0,차량단독 - 공작물충돌,안전운전불이행,습기,비,단일로 - 기타,승용,여,51세,중상,,,,
2016122600100277,2016년 12월 26일 14시,월요일,충청남도 보령시 대천동,경상사고,0,0,1,0,차대사람 - 횡단중,보행자보호의무위반,습기,비,교차로 - 교차로안,승용,남,63세,상해없음,보행자,여,76세,경상
2016122600100278,2016년 12월 26일 14시,월요일,충청남도 천안시 동남구 대흥동,중상사고,0,1,0,0,차대사람 - 횡단중,안전운전불이행,습기,흐림,단일로 - 기타,승용,남,74세,상해없음,보행자,여,78세,중상
2016122600100307,2016년 12월 26일 15시,월요일,충청남도 보령시 성주면,경상사고,0,0,2,0,차대차 - 추돌,안전운전불이행,습기,비,단일로 - 기타,건설기계,남,47세,상해없음,승용,남,68세,경상
2016122600100338,2016년 12월 26일 16시,월요일,충청남도 천안시 서북구 쌍용동,경상사고,0,0,1,0,차대차 - 추돌,안전운전불이행,습기,비,단일로 - 기타,승용,여,23세,상해없음,승용,남,41세,경상
2016122600100340,2016년 12월 26일 16시,월요일,충청남도 부여군 은산면,중상사고,0,1,0,0,차대사람 - 횡단중,보행자보호의무위반,습기,비,교차로 - 교차로안,화물,남,59세,상해없음,보행자,여,59세,중상
2016122600100375,2016년 12월 26일 17시,월요일,충청남도 서산시 읍내동,부상신고사고,0,0,0,1,차대차 - 측면직각충돌,교차로운행방법위반,건조,흐림,단일로 - 기타,승용,남,32세,부상신고,승용,남,51세,상해없음
2016122600100426,2016년 12월 26일 18시,월요일,충청남도 천안시 서북구 성정동,경상사고,0,0,2,0,차대차 - 추돌,안전운전불이행,건조,맑음,단일로 - 기타,승합,남,56세,상해없음,승용,남,31세,경상
2016122600100427,2016년 12월 26일 18시,월요일,충청남도 논산시 내동,경상사고,0,0,2,0,차대차 - 정면충돌,교차로운행방법위반,습기,비,교차로 - 교차로안,승용,여,33세,경상,승용,남,37세,상해없음
2016122600100428,2016년 12월 26일 18시,월요일,충청남도 서천군 비인면,사망사고,1,0,0,0,차대사람 - 횡단중,안전운전불이행,습기,비,단일로 - 기타,승합,여,67세,상해없음,보행자,여,85세,사망
2016122600100558,2016년 12월 26일 21시,월요일,충청남도 아산시 탕정면,경상사고,0,0,4,0,차대차 - 추돌,안전운전불이행,건조,맑음,단일로 - 교량,승용,남,25세,상해없음,승용,남,26세,경상
2016122700100031,2016년 12월 27일 01시,화요일,충청남도 공주시 정안면,중상사고,0,1,0,0,차대차 - 추돌,안전운전불이행,습기,흐림,단일로 - 기타,화물,남,40세,상해없음,화물,남,35세,중상
2016122700100047,2016년 12월 27일 04시,화요일,충청남도 천안시 서북구 성정동,중상사고,0,1,0,0,차대사람 - 기타,안전운전불이행,건조,맑음,단일로 - 기타,승용,남,55세,상해없음,보행자,여,80세,중상
2016122700100070,2016년 12월 27일 06시,화요일,충청남도 공주시 신관동,경상사고,0,0,2,0,차대차 - 추돌,안전운전불이행,건조,맑음,교차로 - 교차로부근,승용,남,40세,상해없음,승용,남,27세,경상
2016122700100191,2016년 12월 27일 11시,화요일,충청남도 천안시 서북구 불당동,경상사고,0,0,1,0,차대차 - 기타,안전운전불이행,건조,맑음,단일로 - 기타,승용,여,45세,상해없음,승용,남,40세,경상
2016122700100192,2016년 12월 27일 11시,화요일,충청남도 아산시 모종동,중상사고,0,1,0,0,차대사람 - 횡단중,안전운전불이행,건조,맑음,단일로 - 기타,승용,여,49세,상해없음,보행자,여,78세,중상
2016122700100215,2016년 12월 27일 12시,화요일,충청남도 아산시 권곡동,중상사고,0,1,0,0,차대차 - 추돌,안전운전불이행,건조,맑음,교차로 - 교차로안,승용,남,25세,상해없음,원동기,남,76세,중상
2016122700100216,2016년 12월 27일 12시,화요일,충청남도 아산시 탕정면,경상사고,0,0,2,0,차대차 - 측면직각충돌,안전운전불이행,건조,맑음,단일로 - 기타,승용,여,30세,상해없음,승용,남,33세,경상
2016122700100245,2016년 12월 27일 13시,화요일,충청남도 천안시 동남구 봉명동,중상사고,0,1,0,0,차대차 - 측면충돌,안전거리미확보,건조,맑음,단일로 - 기타,승용,여,34세,상해없음,이륜,남,51세,중상
2016122700100281,2016년 12월 27일 14시,화요일,충청남도 홍성군 홍성읍,경상사고,0,0,1,0,차대차 - 측면충돌,신호위반,건조,맑음,교차로 - 교차로안,승용,남,25세,상해없음,승용,남,69세,경상